timestamp,lat,lng,accuracy_m,gap_s,delayed,battery_percent
2026-09-22 21:04:22.196,35.8778477,139.7405213,17.665,-,false,82
2026-09-22 21:04:27.865,35.8777983,139.740625,18.548,5.7,false,82
2026-09-22 21:04:35.324,35.8778014,139.7406282,14.0,7.5,true,82
2026-09-22 21:04:40.976,35.8778016,139.7406278,14.001,5.7,false,82
2026-09-22 21:04:48.375,35.8778127,139.740625,8.745,7.4,true,82
2026-09-22 21:04:55.826,35.8778128,139.7406249,8.753,7.5,true,82
2026-09-22 21:05:03.269,35.8778083,139.7406243,7.884,7.4,true,82
2026-09-22 21:05:10.710,35.8778017,139.7406296,6.247,7.4,true,82
2026-09-22 21:05:18.211,35.8778017,139.7406296,6.252,7.5,true,82
2026-09-22 21:05:25.615,35.8777995,139.7406345,5.45,7.4,true,82
2026-09-22 21:05:30.093,35.8777995,139.7406342,5.814,4.5,false,82
2026-09-22 21:05:40.493,35.8777971,139.7406349,6.988,10.4,true,82
2026-09-22 21:05:46.239,35.8777985,139.7406323,6.621,5.7,false,82
2026-09-22 21:05:51.977,35.8777989,139.7406317,6.379,5.7,false,82
2026-09-22 21:05:59.402,35.8777988,139.7406323,6.074,7.4,true,82
2026-09-22 21:06:06.830,35.8777988,139.7406322,6.085,7.4,true,81
2026-09-22 21:06:14.338,35.8777999,139.7406327,5.594,7.5,true,81
2026-09-22 21:06:21.795,35.8777999,139.7406328,5.595,7.5,true,81
2026-09-22 21:06:27.513,35.8778015,139.7406315,5.369,5.7,false,81
2026-09-22 21:06:33.209,35.8778009,139.7406313,5.008,5.7,false,81
2026-09-22 21:06:40.720,35.8778007,139.7406303,4.856,7.5,true,81
2026-09-22 21:06:48.139,35.8778006,139.7406302,4.871,7.4,true,81
2026-09-22 21:06:53.838,35.8778005,139.7406322,4.75,5.7,false,81
2026-09-22 21:07:01.333,35.8778,139.7406295,4.461,7.5,true,81
2026-09-22 21:07:08.754,35.8777999,139.7406295,4.48,7.4,true,81
2026-09-22 21:07:16.137,35.8778019,139.7406271,4.22,7.4,true,81
2026-09-22 21:07:23.604,35.877802,139.7406272,4.247,7.5,true,81
2026-09-22 21:07:29.362,35.8778022,139.7406269,4.16,5.8,false,81
2026-09-22 21:07:36.866,35.8778014,139.7406268,4.088,7.5,true,81
2026-09-22 21:07:44.230,35.8778032,139.7406273,3.944,7.4,true,81
2026-09-22 21:07:51.650,35.8778038,139.7406278,3.886,7.4,true,81
2026-09-22 21:07:59.074,35.8778032,139.7406285,3.834,7.4,true,81
2026-09-22 21:08:06.535,35.8778032,139.7406285,3.834,7.5,true,81
2026-09-22 21:08:12.261,35.8778023,139.7406298,3.71,5.7,false,81
2026-09-22 21:08:19.675,35.8778023,139.7406298,3.737,7.4,true,81
2026-09-22 21:08:27.160,35.8778019,139.7406301,3.672,7.5,true,81
2026-09-22 21:08:32.848,35.8778016,139.7406305,3.548,5.7,false,81
2026-09-22 21:08:40.309,35.877802,139.7406312,3.442,7.5,true,81
2026-09-22 21:08:47.814,35.877802,139.7406312,3.463,7.5,true,81
2026-09-22 21:08:55.276,35.8778018,139.7406319,3.38,7.5,true,81
2026-09-22 21:09:02.826,35.8778017,139.7406319,3.387,7.6,true,81
2026-09-22 21:09:08.486,35.8778021,139.7406312,3.363,5.7,false,81
2026-09-22 21:09:15.988,35.8778017,139.7406311,3.335,7.5,true,81
2026-09-22 21:09:22.354,35.8778013,139.7406312,4.179,6.4,false,80
2026-09-22 21:09:29.142,35.8778004,139.7406323,4.114,6.8,false,80
2026-09-22 21:09:36.554,35.8777994,139.740633,4.04,7.4,true,80
2026-09-22 21:09:44.021,35.8777987,139.7406346,3.87,7.5,true,80
2026-09-22 21:09:49.800,35.877798,139.7406352,3.786,5.8,false,80
2026-09-22 21:09:55.545,35.8777979,139.7406352,3.805,5.7,false,80
2026-09-22 21:10:02.956,35.8777978,139.7406345,3.667,7.4,true,80
2026-09-22 21:10:09.309,35.8777977,139.7406344,3.679,6.4,false,80
2026-09-22 21:10:14.654,35.877797,139.7406349,3.543,5.3,false,80
2026-09-22 21:10:20.351,35.8777964,139.7406352,3.485,5.7,false,80
2026-09-22 21:10:26.094,35.8777958,139.7406357,3.442,5.7,false,80
2026-09-22 21:10:33.458,35.8777957,139.7406352,3.392,7.4,true,80
2026-09-22 21:10:39.198,35.8777958,139.7406348,3.367,5.7,false,80
2026-09-22 21:10:46.661,35.8777953,139.7406348,3.326,7.5,true,80
2026-09-22 21:10:54.082,35.8777949,139.7406346,3.289,7.4,true,80
2026-09-22 21:11:01.520,35.8777948,139.7406346,3.314,7.4,true,80
2026-09-22 21:11:09.016,35.8777954,139.7406345,3.216,7.5,true,80
2026-09-22 21:11:14.736,35.8777954,139.7406339,3.18,5.7,false,80
2026-09-22 21:11:20.456,35.877795,139.7406341,3.152,5.7,false,80
2026-09-22 21:11:27.985,35.877795,139.7406342,3.175,7.5,true,80
2026-09-22 21:11:35.432,35.8777947,139.7406343,3.104,7.4,true,80
2026-09-22 21:11:42.859,35.8777946,139.7406341,3.058,7.4,true,80
2026-09-22 21:11:50.261,35.877794,139.7406346,3.036,7.4,true,80
2026-09-22 21:11:57.785,35.8777937,139.7406346,3.006,7.5,true,80
2026-09-22 21:12:05.138,35.8777936,139.7406345,3.027,7.4,true,80
2026-09-22 21:12:10.892,35.8777934,139.7406349,3.0,5.8,false,79
2026-09-22 21:12:18.369,35.8777924,139.7406363,3.0,7.5,true,79
2026-09-22 21:12:25.863,35.8777923,139.7406363,3.0,7.5,true,79
2026-09-22 21:12:31.553,35.8777918,139.7406368,3.0,5.7,false,79
2026-09-22 21:12:39.031,35.8777915,139.7406375,3.0,7.5,true,79
2026-09-22 21:12:46.413,35.8777914,139.7406375,3.0,7.4,true,79
2026-09-22 21:12:53.887,35.8777915,139.7406375,3.0,7.5,true,79
2026-09-22 21:13:01.348,35.8777913,139.7406373,3.0,7.5,true,79
2026-09-22 21:13:08.847,35.8777914,139.7406368,3.0,7.5,true,79
2026-09-22 21:13:16.345,35.8777916,139.7406372,3.0,7.5,true,79
2026-09-22 21:13:23.847,35.8777916,139.7406371,3.0,7.5,true,79
2026-09-22 21:13:31.280,35.8777915,139.7406367,3.0,7.4,true,79
2026-09-22 21:13:38.771,35.8777915,139.7406368,3.0,7.5,true,79
2026-09-22 21:13:43.350,35.8777902,139.7406369,5.222,4.6,false,79
2026-09-22 21:13:48.374,35.8778109,139.7406066,10.438,5.0,false,79
2026-09-22 21:13:53.593,35.8778361,139.7405487,14.03,5.2,false,79
2026-09-22 21:14:01.239,35.8778322,139.7405371,8.729,7.6,true,79
2026-09-22 21:14:08.697,35.8778347,139.7405243,8.481,7.5,true,79
2026-09-22 21:14:16.158,35.877837,139.7405158,7.96,7.5,true,79
2026-09-22 21:14:23.668,35.8778373,139.7405146,7.988,7.5,true,79
2026-09-22 21:14:31.149,35.8778368,139.7405093,7.535,7.5,true,79
2026-09-22 21:14:38.551,35.8778367,139.740502,7.246,7.4,true,79
2026-09-22 21:14:46.104,35.877837,139.7404963,6.992,7.6,true,79
2026-09-22 21:14:53.555,35.8778376,139.7404905,6.805,7.5,true,79
2026-09-22 21:15:01.033,35.8778376,139.7404856,6.134,7.5,true,79
2026-09-22 21:15:08.479,35.8778375,139.7404849,6.242,7.4,true,79
2026-09-22 21:15:15.974,35.8778371,139.740484,5.926,7.5,true,79
2026-09-22 21:15:23.482,35.8778383,139.7404816,5.82,7.5,true,79
2026-09-22 21:15:30.903,35.8778406,139.7404762,5.425,7.4,true,79
2026-09-22 21:15:38.422,35.8778408,139.7404758,5.552,7.5,true,79
2026-09-22 21:15:45.868,35.8778407,139.7404741,5.463,7.4,true,79
2026-09-22 21:15:53.350,35.8778409,139.7404727,5.347,7.5,true,79
2026-09-22 21:16:00.861,35.8778409,139.7404727,5.213,7.5,true,79
2026-09-22 21:16:08.347,35.8778408,139.740471,5.164,7.5,true,79
2026-09-22 21:16:15.879,35.8778408,139.7404696,5.203,7.5,true,79
2026-09-22 21:16:23.390,35.8778406,139.740468,5.183,7.5,true,79
2026-09-22 21:16:30.912,35.8778401,139.7404652,4.995,7.5,true,79
2026-09-22 21:16:38.434,35.8778401,139.7404649,5.183,7.5,true,79
2026-09-22 21:16:45.967,35.8778397,139.7404639,4.925,7.5,true,79
2026-09-22 21:16:53.534,35.8778399,139.7404637,5.136,7.6,true,79
2026-09-22 21:17:00.973,35.8778395,139.7404656,4.869,7.4,true,79
2026-09-22 21:17:08.547,35.8778396,139.7404658,5.089,7.6,true,79
2026-09-22 21:17:16.007,35.8778404,139.7404641,5.177,7.5,true,79
2026-09-22 21:17:23.510,35.8778401,139.7404645,5.151,7.5,true,79
2026-09-22 21:17:31.033,35.8778404,139.7404628,5.17,7.5,true,79
2026-09-22 21:17:38.534,35.8778403,139.7404619,5.187,7.5,true,79
2026-09-22 21:17:46.075,35.87784,139.7404611,5.214,7.5,true,79
2026-09-22 21:17:53.643,35.8778399,139.7404597,5.235,7.6,true,79
2026-09-22 21:18:01.173,35.8778397,139.7404582,5.345,7.5,true,79
2026-09-22 21:18:08.723,35.8778397,139.740457,5.453,7.6,true,79
2026-09-22 21:18:16.263,35.8778391,139.7404561,5.423,7.5,true,79
2026-09-22 21:18:23.901,35.8778391,139.740455,5.416,7.6,true,79
2026-09-22 21:18:31.469,35.8778388,139.7404546,5.384,7.6,true,79
2026-09-22 21:18:39.000,35.8778381,139.7404551,5.096,7.5,true,79
2026-09-22 21:18:46.588,35.877838,139.7404548,5.367,7.6,true,79
2026-09-22 21:18:54.188,35.8778378,139.740456,5.354,7.6,true,79
2026-09-22 21:19:01.646,35.8778377,139.7404553,5.364,7.5,true,79
2026-09-22 21:19:09.247,35.8778371,139.7404539,5.428,7.6,true,79
2026-09-22 21:19:16.780,35.8778369,139.7404531,5.417,7.5,true,79
2026-09-22 21:19:24.405,35.8778368,139.7404519,5.462,7.6,true,79
2026-09-22 21:19:31.959,35.8778377,139.7404509,5.417,7.6,true,79
2026-09-22 21:19:39.550,35.8778375,139.7404508,5.367,7.6,true,79
2026-09-22 21:19:46.996,35.877838,139.7404515,5.001,7.4,true,79
2026-09-22 21:19:54.557,35.8778382,139.7404516,5.218,7.6,true,79
2026-09-22 21:20:02.151,35.8778378,139.7404513,4.958,7.6,true,79
2026-09-22 21:20:09.653,35.877838,139.7404511,5.192,7.5,true,79
2026-09-22 21:20:17.207,35.8778381,139.7404516,4.903,7.6,true,79
2026-09-22 21:20:24.657,35.8778382,139.7404513,5.143,7.4,true,79
2026-09-22 21:20:32.294,35.8778376,139.7404515,5.106,7.6,true,79
2026-09-22 21:20:39.848,35.8778374,139.7404513,5.084,7.6,true,79
2026-09-22 21:20:47.463,35.8778373,139.7404515,5.006,7.6,true,79
2026-09-22 21:20:54.923,35.877837,139.7404511,5.002,7.5,true,79
2026-09-22 21:21:02.514,35.8778371,139.740451,4.936,7.6,true,79
2026-09-22 21:21:10.073,35.8778369,139.7404507,4.974,7.6,true,79
2026-09-22 21:21:17.611,35.8778368,139.7404505,4.957,7.5,true,79
2026-09-22 21:21:25.224,35.8778367,139.7404505,4.963,7.6,true,79
2026-09-22 21:21:32.784,35.8778363,139.7404504,4.968,7.6,true,79
2026-09-22 21:21:40.382,35.877836,139.7404507,4.68,7.6,true,79
2026-09-22 21:21:47.939,35.8778357,139.7404508,4.901,7.6,true,79
2026-09-22 21:21:55.516,35.8778353,139.7404507,4.913,7.6,true,79
2026-09-22 21:22:03.081,35.8778357,139.7404496,4.67,7.6,true,79
2026-09-22 21:22:10.658,35.8778356,139.7404495,4.896,7.6,true,79
2026-09-22 21:22:18.306,35.8778358,139.74045,4.936,7.6,true,79
2026-09-22 21:22:25.863,35.8778359,139.7404497,4.967,7.6,true,79
2026-09-22 21:22:33.456,35.8778357,139.7404496,4.997,7.6,true,79
2026-09-22 21:22:41.008,35.8778355,139.7404491,5.017,7.6,true,79
2026-09-22 21:22:48.590,35.8778356,139.7404487,4.999,7.6,true,79
2026-09-22 21:22:56.160,35.8778358,139.7404485,5.002,7.6,true,78
2026-09-22 21:23:03.704,35.8778357,139.7404484,5.038,7.5,true,78
2026-09-22 21:23:11.322,35.8778358,139.7404484,5.051,7.6,true,78
2026-09-22 21:23:18.915,35.8778355,139.7404484,5.083,7.6,true,78
2026-09-22 21:23:26.486,35.8778348,139.7404473,5.169,7.6,true,78
2026-09-22 21:23:34.036,35.8778349,139.7404471,5.17,7.5,true,78
2026-09-22 21:23:41.679,35.8778353,139.7404461,5.17,7.6,true,78
2026-09-22 21:23:49.207,35.8778353,139.740446,5.098,7.5,true,78
2026-09-22 21:23:56.777,35.8778357,139.7404472,4.752,7.6,true,78
2026-09-22 21:24:04.361,35.8778358,139.7404474,4.989,7.6,true,78
2026-09-22 21:24:11.938,35.8778358,139.7404475,4.936,7.6,true,78
2026-09-22 21:24:19.506,35.8778358,139.7404474,4.89,7.6,true,78
2026-09-22 21:24:27.088,35.8778356,139.7404477,4.796,7.6,true,78
2026-09-22 21:24:34.658,35.8778355,139.7404474,4.601,7.6,true,78
2026-09-22 21:24:42.149,35.8778354,139.7404475,4.842,7.5,true,78
2026-09-22 21:24:49.726,35.877836,139.7404489,4.856,7.6,true,78
2026-09-22 21:24:57.281,35.8778357,139.7404486,4.864,7.6,true,78
2026-09-22 21:25:04.904,35.8778355,139.7404507,4.883,7.6,true,78
2026-09-22 21:25:12.497,35.8778352,139.7404503,4.871,7.6,true,78
2026-09-22 21:25:20.077,35.8778353,139.74045,4.914,7.6,true,78
2026-09-22 21:25:27.633,35.8778353,139.74045,4.939,7.6,true,78
2026-09-22 21:25:35.223,35.8778351,139.74045,4.874,7.6,true,78
2026-09-22 21:25:42.727,35.8778354,139.7404495,4.708,7.5,true,78
2026-09-22 21:25:50.360,35.8778355,139.7404496,4.938,7.6,true,78
2026-09-22 21:25:57.919,35.8778353,139.7404496,4.748,7.6,true,78
2026-09-22 21:26:05.552,35.8778355,139.7404494,4.973,7.6,true,78
2026-09-22 21:26:13.066,35.8778355,139.740449,4.75,7.5,true,78
2026-09-22 21:26:20.665,35.8778354,139.7404487,4.979,7.6,true,78
2026-09-22 21:26:28.236,35.8778357,139.740448,4.991,7.6,true,78
2026-09-22 21:26:35.813,35.8778357,139.7404474,4.972,7.6,true,78
2026-09-22 21:26:43.431,35.8778356,139.7404472,4.908,7.6,true,78
2026-09-22 21:26:50.981,35.8778356,139.7404467,4.881,7.6,true,78
2026-09-22 21:26:58.538,35.8778356,139.7404461,4.864,7.6,true,78
2026-09-22 21:27:06.145,35.8778353,139.740446,4.825,7.6,true,78
2026-09-22 21:27:13.677,35.8778351,139.7404454,4.849,7.5,true,78
2026-09-22 21:27:21.285,35.8778352,139.7404456,4.586,7.6,true,78
2026-09-22 21:27:28.852,35.8778351,139.7404457,4.818,7.6,true,78
2026-09-22 21:27:36.429,35.8778351,139.7404459,4.812,7.6,true,78
2026-09-22 21:27:44.027,35.8778348,139.7404461,4.805,7.6,true,78
2026-09-22 21:27:51.590,35.8778353,139.7404462,4.736,7.6,true,78
2026-09-22 21:27:59.108,35.8778353,139.7404449,4.604,7.5,true,78
2026-09-22 21:28:06.720,35.8778352,139.7404449,4.868,7.6,true,78
2026-09-22 21:28:14.332,35.877835,139.7404452,4.632,7.6,true,78
2026-09-22 21:28:21.897,35.8778349,139.7404453,4.871,7.6,true,78
2026-09-22 21:28:29.477,35.8778347,139.7404449,4.611,7.6,true,78
2026-09-22 21:28:37.057,35.8778346,139.7404448,4.841,7.6,true,78
2026-09-22 21:28:44.647,35.8778346,139.7404449,4.829,7.6,true,78
2026-09-22 21:28:52.213,35.8778343,139.7404445,4.873,7.6,true,78
2026-09-22 21:28:59.731,35.8778343,139.7404445,4.667,7.5,true,78
2026-09-22 21:29:07.362,35.8778345,139.7404448,4.54,7.6,true,78
2026-09-22 21:29:14.931,35.8778346,139.740445,4.757,7.6,true,78
2026-09-22 21:29:22.549,35.8778344,139.7404455,4.598,7.6,true,78
2026-09-22 21:29:30.106,35.8778345,139.7404456,4.804,7.6,true,78
2026-09-22 21:29:37.661,35.8778349,139.7404455,4.772,7.6,true,78
2026-09-22 21:29:45.268,35.8778349,139.7404451,4.792,7.6,true,78
2026-09-22 21:29:52.797,35.8778351,139.740445,4.741,7.5,true,78
2026-09-22 21:30:00.410,35.8778353,139.7404451,4.694,7.6,true,78
2026-09-22 21:30:08.064,35.8778353,139.7404456,4.688,7.7,true,78
2026-09-22 21:30:15.575,35.877836,139.7404457,4.679,7.5,true,78
2026-09-22 21:30:23.157,35.877836,139.7404456,4.686,7.6,true,78
2026-09-22 21:30:30.705,35.8778356,139.740446,4.472,7.5,true,78
2026-09-22 21:30:38.325,35.8778355,139.740446,4.717,7.6,true,78
2026-09-22 21:30:45.908,35.8778352,139.7404461,4.731,7.6,true,78
2026-09-22 21:30:53.460,35.877835,139.7404461,4.79,7.6,true,78
2026-09-22 21:31:01.037,35.8778345,139.7404462,4.821,7.6,true,78
2026-09-22 21:31:08.647,35.8778352,139.7404463,4.796,7.6,true,78
2026-09-22 21:31:16.205,35.8778356,139.7404462,4.832,7.6,true,78
2026-09-22 21:31:23.779,35.877835,139.7404461,4.581,7.6,true,78
2026-09-22 21:31:31.375,35.8778348,139.7404466,4.649,7.6,true,78
2026-09-22 21:31:38.970,35.8778349,139.7404466,4.721,7.6,true,78
2026-09-22 21:31:46.533,35.8778346,139.740447,4.774,7.6,true,78
2026-09-22 21:31:54.060,35.8778348,139.740447,4.821,7.5,true,78
2026-09-22 21:32:01.665,35.877835,139.7404465,4.913,7.6,true,78
2026-09-22 21:32:09.256,35.8778353,139.7404469,4.904,7.6,true,78
2026-09-22 21:32:16.787,35.8778349,139.7404471,4.727,7.5,true,78
2026-09-22 21:32:24.399,35.8778348,139.7404473,4.954,7.6,true,78
2026-09-22 21:32:31.961,35.8778346,139.7404457,4.746,7.6,true,78
2026-09-22 21:32:39.598,35.8778346,139.7404458,4.948,7.6,true,78
2026-09-22 21:32:47.166,35.8778345,139.740446,4.899,7.6,true,78
2026-09-22 21:32:54.690,35.8778349,139.7404461,4.879,7.5,true,78
2026-09-22 21:33:02.298,35.877835,139.7404477,4.793,7.6,true,78
2026-09-22 21:33:09.883,35.8778349,139.7404477,4.774,7.6,true,78
2026-09-22 21:33:17.473,35.8778348,139.7404494,4.724,7.6,true,78
2026-09-22 21:33:25.052,35.8778348,139.7404493,4.727,7.6,true,78
2026-09-22 21:33:32.618,35.8778349,139.7404487,4.723,7.6,true,78
2026-09-22 21:33:40.171,35.8778359,139.7404481,4.456,7.6,true,78
2026-09-22 21:33:47.738,35.8778358,139.7404477,4.667,7.6,true,78
2026-09-22 21:33:55.363,35.8778356,139.7404479,4.653,7.6,true,78
2026-09-22 21:34:02.918,35.8778354,139.740447,4.713,7.6,true,78
2026-09-22 21:34:10.473,35.8778353,139.740447,4.724,7.6,true,78
2026-09-22 21:34:18.076,35.8778352,139.7404468,4.768,7.6,true,78
2026-09-22 21:34:25.660,35.8778355,139.7404469,4.789,7.6,true,78
2026-09-22 21:34:33.213,35.8778356,139.740447,4.841,7.6,true,78
2026-09-22 21:34:40.785,35.8778361,139.7404467,4.862,7.6,true,78
2026-09-22 21:34:48.403,35.8778361,139.7404462,4.85,7.6,true,78
2026-09-22 21:34:55.960,35.8778361,139.7404456,4.911,7.6,true,78
2026-09-22 21:35:03.525,35.8778362,139.7404459,4.691,7.6,true,78
2026-09-22 21:35:11.100,35.8778363,139.740446,4.983,7.6,true,78
2026-09-22 21:35:18.676,35.8778364,139.7404477,4.967,7.6,true,78
2026-09-22 21:35:26.297,35.8778367,139.7404478,4.971,7.6,true,78
2026-09-22 21:35:33.834,35.8778372,139.7404479,4.93,7.5,true,78
2026-09-22 21:35:41.418,35.8778371,139.7404495,4.866,7.6,true,78
2026-09-22 21:35:48.978,35.8778373,139.7404492,4.942,7.6,true,78
2026-09-22 21:35:56.613,35.8778376,139.7404491,5.077,7.6,true,78
2026-09-22 21:36:04.151,35.877838,139.7404491,4.991,7.5,true,78
2026-09-22 21:36:11.748,35.8778377,139.7404496,4.673,7.6,true,78
2026-09-22 21:36:19.316,35.8778378,139.7404498,4.921,7.6,true,78
2026-09-22 21:36:26.879,35.8778384,139.7404494,4.908,7.6,true,78
2026-09-22 21:36:34.460,35.8778381,139.7404493,4.921,7.6,true,78
2026-09-22 21:36:42.011,35.8778379,139.7404495,4.973,7.6,true,78
2026-09-22 21:36:49.663,35.8778377,139.7404497,4.984,7.7,true,78
2026-09-22 21:36:57.244,35.8778377,139.7404497,4.986,7.6,true,78
2026-09-22 21:37:04.790,35.8778377,139.7404502,4.976,7.5,true,78
2026-09-22 21:37:12.239,35.8778378,139.7404501,4.925,7.4,true,78
2026-09-22 21:37:19.801,35.8778379,139.74045,4.661,7.6,true,78
2026-09-22 21:37:27.251,35.877838,139.7404502,4.899,7.5,true,78
2026-09-22 21:37:34.900,35.8778378,139.7404505,4.891,7.6,true,78
2026-09-22 21:37:42.483,35.8778381,139.7404502,4.869,7.6,true,78
2026-09-22 21:37:50.065,35.8778377,139.7404501,4.867,7.6,true,78
2026-09-22 21:37:57.621,35.8778379,139.7404499,4.849,7.6,true,78
2026-09-22 21:38:05.214,35.8778376,139.7404505,4.835,7.6,true,78
2026-09-22 21:38:12.786,35.8778376,139.7404497,4.934,7.6,true,78
2026-09-22 21:38:20.380,35.8778375,139.7404498,4.941,7.6,true,78
2026-09-22 21:38:27.921,35.8778384,139.74045,4.619,7.5,true,78
2026-09-22 21:38:35.537,35.8778385,139.7404504,4.838,7.6,true,78
2026-09-22 21:38:43.020,35.8778399,139.7404503,4.595,7.5,true,78
2026-09-22 21:38:50.628,35.87784,139.7404505,4.85,7.6,true,78
2026-09-22 21:38:58.233,35.8778402,139.7404521,4.525,7.6,true,78
2026-09-22 21:39:05.804,35.8778404,139.7404524,4.765,7.6,true,78
2026-09-22 21:39:13.399,35.8778409,139.7404521,4.815,7.6,true,78
2026-09-22 21:39:20.969,35.8778413,139.7404518,4.841,7.6,true,78
2026-09-22 21:39:28.548,35.8778417,139.740451,4.846,7.6,true,78
2026-09-22 21:39:36.110,35.8778428,139.7404498,4.577,7.6,true,78
2026-09-22 21:39:43.666,35.877843,139.7404497,4.816,7.6,true,78
2026-09-22 21:39:51.268,35.8778431,139.7404495,4.525,7.6,true,78
2026-09-22 21:39:58.875,35.8778433,139.7404495,4.739,7.6,true,78
2026-09-22 21:40:06.447,35.8778437,139.7404491,4.426,7.6,true,78
2026-09-22 21:40:14.032,35.8778439,139.740449,4.637,7.6,true,77
2026-09-22 21:40:21.614,35.8778442,139.7404488,4.613,7.6,true,77
2026-09-22 21:40:29.227,35.877844,139.7404488,4.614,7.6,true,77
2026-09-22 21:40:36.727,35.8778443,139.7404481,4.601,7.5,true,77
2026-09-22 21:40:44.350,35.8778443,139.740448,4.628,7.6,true,77
2026-09-22 21:40:51.918,35.8778441,139.740448,4.633,7.6,true,77
2026-09-22 21:40:59.486,35.8778439,139.7404473,4.441,7.6,true,77
2026-09-22 21:41:07.111,35.8778439,139.7404473,4.669,7.6,true,77
2026-09-22 21:41:14.632,35.8778438,139.7404481,4.476,7.5,true,77
2026-09-22 21:41:22.223,35.8778439,139.7404484,4.539,7.6,true,77
2026-09-22 21:41:29.648,35.877844,139.7404485,4.414,7.4,true,77
2026-09-22 21:41:37.290,35.8778439,139.7404486,4.673,7.6,true,77
2026-09-22 21:41:44.844,35.8778438,139.7404497,4.705,7.6,true,77
2026-09-22 21:41:52.446,35.8778442,139.7404498,4.702,7.6,true,77
2026-09-22 21:42:00.025,35.8778446,139.7404499,4.703,7.6,true,77
2026-09-22 21:42:07.603,35.8778453,139.7404491,4.667,7.6,true,77
2026-09-22 21:42:15.155,35.8778444,139.7404498,4.744,7.6,true,77
2026-09-22 21:42:22.753,35.8778449,139.7404494,4.745,7.6,true,77
2026-09-22 21:42:30.336,35.8778447,139.7404492,4.738,7.6,true,77
2026-09-22 21:42:37.912,35.8778452,139.7404488,4.472,7.6,true,77
2026-09-22 21:42:45.500,35.8778453,139.7404487,4.727,7.6,true,77
2026-09-22 21:42:53.049,35.8778453,139.7404487,4.73,7.6,true,77
2026-09-22 21:43:00.659,35.8778448,139.7404489,4.743,7.6,true,77
2026-09-22 21:43:08.094,35.8778439,139.7404487,4.772,7.4,true,77
2026-09-22 21:43:15.673,35.877844,139.740449,4.565,7.6,true,77
2026-09-22 21:43:23.278,35.8778441,139.7404491,4.815,7.6,true,77
2026-09-22 21:43:30.836,35.8778444,139.7404492,4.572,7.6,true,77
2026-09-22 21:43:38.318,35.8778444,139.7404489,4.79,7.5,true,77
2026-09-22 21:43:45.774,35.8778446,139.740448,4.782,7.5,true,77
2026-09-22 21:43:53.312,35.8778451,139.7404468,4.842,7.5,true,77
2026-09-22 21:44:00.882,35.8778452,139.7404467,4.827,7.6,true,77
2026-09-22 21:44:08.417,35.8778447,139.7404481,4.776,7.5,true,77
2026-09-22 21:44:16.006,35.8778452,139.7404492,4.944,7.6,true,77
2026-09-22 21:44:23.594,35.8778449,139.7404493,4.85,7.6,true,77
2026-09-22 21:44:31.170,35.8778439,139.7404502,4.477,7.6,true,77
2026-09-22 21:44:38.752,35.8778439,139.74045,4.709,7.6,true,77
2026-09-22 21:44:46.321,35.8778435,139.7404506,4.622,7.6,true,77
2026-09-22 21:44:53.840,35.8778432,139.7404505,4.411,7.5,true,77
2026-09-22 21:45:01.462,35.8778431,139.7404504,4.655,7.6,true,77
2026-09-22 21:45:09.052,35.8778432,139.7404502,4.658,7.6,true,77
2026-09-22 21:45:16.513,35.8778424,139.7404504,4.689,7.5,true,77
2026-09-22 21:45:24.103,35.8778427,139.7404499,4.708,7.6,true,77
2026-09-22 21:45:31.651,35.8778427,139.7404501,4.707,7.5,true,77
2026-09-22 21:45:39.214,35.8778423,139.7404509,4.433,7.6,true,77
2026-09-22 21:45:46.840,35.8778422,139.740451,4.65,7.6,true,77
2026-09-22 21:45:54.401,35.8778423,139.7404507,4.425,7.6,true,77
2026-09-22 21:46:01.886,35.8778423,139.7404502,4.64,7.5,true,77
2026-09-22 21:46:09.475,35.8778428,139.7404503,4.588,7.6,true,77
2026-09-22 21:46:16.923,35.877843,139.7404498,4.542,7.4,true,77
2026-09-22 21:46:24.510,35.8778433,139.7404503,4.548,7.6,true,77
2026-09-22 21:46:31.979,35.8778433,139.7404509,4.496,7.5,true,77
2026-09-22 21:46:39.592,35.8778431,139.7404511,4.477,7.6,true,77
2026-09-22 21:46:47.180,35.8778434,139.7404515,4.481,7.6,true,77
2026-09-22 21:46:54.690,35.8778443,139.7404513,4.477,7.5,true,77
2026-09-22 21:47:02.220,35.8778443,139.7404513,4.511,7.5,true,77
2026-09-22 21:47:09.782,35.8778443,139.7404514,4.556,7.6,true,77
2026-09-22 21:47:17.357,35.8778441,139.7404527,4.581,7.6,true,77
2026-09-22 21:47:24.926,35.8778441,139.7404525,4.579,7.6,true,77
2026-09-22 21:47:32.517,35.8778436,139.7404523,4.367,7.6,true,77
2026-09-22 21:47:40.114,35.8778436,139.7404521,4.59,7.6,true,77
2026-09-22 21:47:47.672,35.8778433,139.7404519,4.32,7.6,true,77
2026-09-22 21:47:55.253,35.877843,139.7404517,4.527,7.6,true,77
2026-09-22 21:48:02.686,35.877843,139.7404518,4.261,7.4,true,77
2026-09-22 21:48:10.295,35.8778429,139.7404515,4.505,7.6,true,77
2026-09-22 21:48:17.851,35.8778424,139.7404521,4.527,7.6,true,77
2026-09-22 21:48:25.442,35.8778423,139.7404519,4.545,7.6,true,77
2026-09-22 21:48:33.021,35.8778423,139.7404517,4.579,7.6,true,77
2026-09-22 21:48:40.643,35.8778427,139.7404511,4.558,7.6,true,77
2026-09-22 21:48:48.191,35.8778428,139.7404511,4.576,7.5,true,77
2026-09-22 21:48:55.772,35.877843,139.7404518,4.373,7.6,true,77
2026-09-22 21:49:03.236,35.8778427,139.7404517,4.622,7.5,true,77
2026-09-22 21:49:10.796,35.877842,139.7404529,4.428,7.6,true,77
2026-09-22 21:49:18.307,35.8778417,139.740453,4.682,7.5,true,77
2026-09-22 21:49:25.762,35.8778411,139.7404535,4.531,7.5,true,77
2026-09-22 21:49:33.238,35.877841,139.7404535,4.802,7.5,true,77
2026-09-22 21:49:40.833,35.8778414,139.7404533,4.818,7.6,true,77
2026-09-22 21:49:48.392,35.8778418,139.7404538,4.642,7.6,true,77
2026-09-22 21:49:55.969,35.877842,139.740453,4.457,7.6,true,77
2026-09-22 21:50:03.452,35.8778419,139.7404529,4.701,7.5,true,77
2026-09-22 21:50:11.032,35.8778408,139.7404533,4.515,7.6,true,77
2026-09-22 21:50:18.472,35.8778408,139.7404532,4.791,7.4,true,77
2026-09-22 21:50:26.058,35.8778417,139.740453,4.522,7.6,true,77
2026-09-22 21:50:33.638,35.8778417,139.740453,4.752,7.6,true,77
2026-09-22 21:50:41.154,35.8778415,139.7404539,4.371,7.5,true,77
2026-09-22 21:50:48.708,35.8778416,139.7404537,4.582,7.6,true,77
2026-09-22 21:50:56.215,35.877842,139.7404538,4.59,7.5,true,77
2026-09-22 21:51:03.641,35.8778429,139.7404526,4.635,7.4,true,77
2026-09-22 21:51:11.171,35.8778431,139.7404533,4.692,7.5,true,77
2026-09-22 21:51:18.690,35.8778427,139.7404545,4.709,7.5,true,77
2026-09-22 21:51:26.327,35.877843,139.7404548,4.7,7.6,true,77
2026-09-22 21:51:33.882,35.8778437,139.7404533,4.679,7.6,true,77
2026-09-22 21:51:41.434,35.8778441,139.7404525,4.612,7.6,true,77
2026-09-22 21:51:49.037,35.8778439,139.7404522,4.602,7.6,true,77
2026-09-22 21:51:56.592,35.8778445,139.7404502,4.614,7.6,true,77
2026-09-22 21:52:04.057,35.8778437,139.7404506,4.397,7.5,true,77
2026-09-22 21:52:11.613,35.8778435,139.7404507,4.662,7.6,true,77
2026-09-22 21:52:19.235,35.877843,139.7404506,4.461,7.6,true,77
2026-09-22 21:52:26.839,35.8778427,139.7404505,4.733,7.6,true,77
2026-09-22 21:52:34.389,35.8778413,139.7404506,4.542,7.6,true,77
2026-09-22 21:52:41.848,35.8778412,139.7404505,4.778,7.5,true,77
2026-09-22 21:52:49.375,35.8778409,139.7404502,4.767,7.5,true,77
2026-09-22 21:52:56.948,35.8778396,139.7404503,4.768,7.6,true,77
2026-09-22 21:53:04.430,35.8778395,139.7404497,4.751,7.5,true,77
2026-09-22 21:53:11.993,35.8778391,139.7404502,4.71,7.6,true,77
2026-09-22 21:53:19.441,35.8778394,139.7404501,4.501,7.4,true,77
2026-09-22 21:53:27.067,35.8778395,139.7404501,4.722,7.6,true,77
2026-09-22 21:53:34.497,35.8778391,139.7404507,4.503,7.4,true,77
2026-09-22 21:53:41.899,35.8778394,139.7404509,4.484,7.4,true,77
2026-09-22 21:53:47.639,35.8778393,139.7404517,4.472,5.7,false,77
2026-09-22 21:53:53.571,35.8778399,139.7404512,4.522,5.9,false,77
2026-09-22 21:53:59.351,35.8778429,139.7404523,4.922,5.8,false,77
2026-09-22 21:54:06.804,35.8778464,139.7404551,5.594,7.5,true,77
2026-09-22 21:54:14.382,35.8778441,139.7404571,4.93,7.6,true,77
2026-09-22 21:54:21.842,35.8778442,139.7404576,5.158,7.5,true,76
2026-09-22 21:54:26.810,35.8778449,139.7404565,4.839,5.0,false,76
2026-09-22 21:54:33.271,35.8778445,139.7404559,4.798,6.5,false,76
2026-09-22 21:54:44.321,35.8778432,139.7404562,4.616,11.1,true,76
2026-09-22 21:54:51.741,35.8778434,139.740453,4.191,7.4,true,76
2026-09-22 21:54:57.602,35.8778434,139.740453,4.242,5.9,false,76
2026-09-22 21:55:04.946,35.8778428,139.740452,4.104,7.3,true,76
2026-09-22 21:55:12.516,35.877844,139.7404501,4.047,7.6,true,76
2026-09-22 21:55:19.911,35.8778448,139.7404488,3.903,7.4,true,76
2026-09-22 21:55:27.401,35.8778449,139.7404478,3.865,7.5,true,76
2026-09-22 21:55:34.886,35.8778451,139.7404478,4.038,7.5,true,76
2026-09-22 21:55:42.347,35.877845,139.740446,3.965,7.5,true,76
2026-09-22 21:55:49.840,35.8778451,139.740446,4.164,7.5,true,76
2026-09-22 21:55:57.277,35.877846,139.7404448,4.004,7.4,true,76
2026-09-22 21:56:01.894,35.8778461,139.7404448,4.081,4.6,false,76
2026-09-22 21:56:12.269,35.8778458,139.7404468,4.653,10.4,true,76
2026-09-22 21:56:19.748,35.877843,139.7404436,5.131,7.5,true,76
2026-09-22 21:56:27.348,35.8778415,139.740444,5.544,7.6,true,76
2026-09-22 21:56:34.829,35.8778423,139.7404452,5.888,7.5,true,76
2026-09-22 21:56:42.409,35.8778423,139.7404437,6.366,7.6,true,76
2026-09-22 21:56:49.973,35.8778424,139.7404456,6.563,7.6,true,76
2026-09-22 21:56:57.575,35.877842,139.7404451,6.506,7.6,true,76
2026-09-22 21:57:05.083,35.8778411,139.7404439,6.489,7.5,true,76
2026-09-22 21:57:12.671,35.87784,139.7404437,6.273,7.6,true,76
2026-09-22 21:57:20.230,35.8778392,139.740445,5.939,7.6,true,76
2026-09-22 21:57:27.780,35.8778389,139.7404433,5.407,7.6,true,76
2026-09-22 21:57:35.302,35.8778396,139.7404423,5.31,7.5,true,76
2026-09-22 21:57:42.821,35.8778397,139.7404431,5.131,7.5,true,76
2026-09-22 21:57:50.282,35.8778398,139.7404431,5.406,7.5,true,76
2026-09-22 21:57:57.956,35.8778396,139.7404432,5.245,7.7,true,76
2026-09-22 21:58:05.336,35.8778406,139.7404421,5.227,7.4,true,76
2026-09-22 21:58:12.834,35.8778416,139.7404437,4.861,7.5,true,76
2026-09-22 21:58:20.353,35.8778417,139.740444,4.834,7.5,true,76
2026-09-22 21:58:27.910,35.8778418,139.7404439,5.066,7.6,true,76
2026-09-22 21:58:35.465,35.8778415,139.7404454,5.052,7.6,true,76
2026-09-22 21:58:42.977,35.8778414,139.7404466,5.049,7.5,true,76
2026-09-22 21:58:50.475,35.8778414,139.740447,4.704,7.5,true,76
2026-09-22 21:58:58.073,35.8778413,139.740447,4.905,7.6,true,76
2026-09-22 21:59:05.577,35.8778415,139.7404458,4.872,7.5,true,76
2026-09-22 21:59:13.233,35.8778416,139.7404461,4.879,7.7,true,76
2026-09-22 21:59:20.772,35.8778418,139.7404456,4.908,7.5,true,76
2026-09-22 21:59:28.292,35.8778417,139.7404456,4.898,7.5,true,76
2026-09-22 21:59:35.865,35.8778428,139.7404456,4.641,7.6,true,76
2026-09-22 21:59:43.405,35.877843,139.7404458,4.883,7.5,true,76
2026-09-22 21:59:50.965,35.8778424,139.7404451,4.986,7.6,true,76
2026-09-22 21:59:58.446,35.8778433,139.7404459,4.75,7.5,true,76
2026-09-22 22:00:05.951,35.8778433,139.7404462,4.798,7.5,true,76
2026-09-22 22:00:13.530,35.8778434,139.7404463,5.046,7.6,true,76
2026-09-22 22:00:21.103,35.8778427,139.7404463,5.046,7.6,true,76
2026-09-22 22:00:28.675,35.8778424,139.7404464,4.791,7.6,true,76
2026-09-22 22:00:36.234,35.8778424,139.7404466,5.035,7.6,true,76
2026-09-22 22:00:43.742,35.8778419,139.7404468,4.786,7.5,true,76
2026-09-22 22:00:51.283,35.8778421,139.740447,5.016,7.5,true,76
2026-09-22 22:00:58.956,35.8778419,139.7404481,4.99,7.7,true,76
2026-09-22 22:01:06.392,35.8778416,139.74045,4.98,7.4,true,76
2026-09-22 22:01:13.935,35.8778416,139.740449,4.687,7.5,true,76
2026-09-22 22:01:21.522,35.8778414,139.7404492,4.916,7.6,true,76
2026-09-22 22:01:29.006,35.8778412,139.7404495,4.886,7.5,true,76
2026-09-22 22:01:36.499,35.8778407,139.7404495,4.866,7.5,true,76
2026-09-22 22:01:44.075,35.8778406,139.74045,4.883,7.6,true,76
2026-09-22 22:01:51.566,35.877841,139.7404498,4.863,7.5,true,76
2026-09-22 22:01:59.147,35.8778409,139.7404499,4.829,7.6,true,76
2026-09-22 22:02:06.592,35.87784,139.7404512,4.687,7.4,true,76
2026-09-22 22:02:14.176,35.8778401,139.7404504,4.476,7.6,true,76
2026-09-22 22:02:21.724,35.8778401,139.7404502,4.73,7.5,true,76
2026-09-22 22:02:29.220,35.8778402,139.7404492,4.57,7.5,true,76
2026-09-22 22:02:36.847,35.8778403,139.7404489,4.831,7.6,true,76
2026-09-22 22:02:44.397,35.877841,139.7404482,4.66,7.6,true,76
2026-09-22 22:02:51.940,35.8778408,139.7404478,4.687,7.5,true,76
2026-09-22 22:02:59.478,35.8778408,139.7404477,4.964,7.5,true,76
2026-09-22 22:03:06.878,35.8778408,139.7404494,4.6,7.4,true,76
2026-09-22 22:03:14.481,35.8778409,139.7404495,4.833,7.6,true,76
2026-09-22 22:03:22.080,35.8778404,139.7404494,4.86,7.6,true,76
2026-09-22 22:03:29.659,35.8778402,139.7404505,4.864,7.6,true,76
2026-09-22 22:03:37.236,35.87784,139.7404508,4.674,7.6,true,76
2026-09-22 22:03:44.712,35.87784,139.740451,4.933,7.5,true,76
2026-09-22 22:03:52.263,35.87784,139.7404517,4.675,7.6,true,76
2026-09-22 22:03:59.744,35.87784,139.7404519,4.915,7.5,true,76
2026-09-22 22:04:07.233,35.8778401,139.7404513,4.917,7.5,true,76
2026-09-22 22:04:14.800,35.8778407,139.7404503,5.081,7.6,true,76
2026-09-22 22:04:22.284,35.8778405,139.7404515,5.052,7.5,true,76
2026-09-22 22:04:29.865,35.8778406,139.7404519,5.011,7.6,true,76
2026-09-22 22:04:37.404,35.8778402,139.7404527,4.734,7.5,true,75
2026-09-22 22:04:44.998,35.8778401,139.7404529,4.989,7.6,true,75
2026-09-22 22:04:52.613,35.8778392,139.7404548,4.947,7.6,true,75
2026-09-22 22:05:00.188,35.8778389,139.7404555,4.885,7.6,true,75
2026-09-22 22:05:07.667,35.8778393,139.740456,4.777,7.5,true,75
2026-09-22 22:05:15.198,35.8778397,139.7404554,4.794,7.5,true,75
2026-09-22 22:05:22.795,35.8778403,139.7404546,4.748,7.6,true,75
2026-09-22 22:05:30.377,35.87784,139.740454,4.485,7.6,true,75
2026-09-22 22:05:37.874,35.8778398,139.740454,4.7,7.5,true,75
2026-09-22 22:05:45.416,35.8778399,139.7404535,4.429,7.5,true,75
2026-09-22 22:05:52.909,35.8778398,139.7404534,4.661,7.5,true,75
2026-09-22 22:06:00.492,35.8778404,139.7404522,4.653,7.6,true,75
2026-09-22 22:06:07.992,35.8778406,139.7404519,4.633,7.5,true,75
2026-09-22 22:06:15.585,35.8778406,139.7404518,4.693,7.6,true,75
2026-09-22 22:06:23.118,35.8778402,139.7404516,4.755,7.5,true,75
2026-09-22 22:06:30.683,35.87784,139.7404522,4.579,7.6,true,75
2026-09-22 22:06:38.245,35.8778401,139.7404521,4.839,7.6,true,75
2026-09-22 22:06:45.828,35.8778399,139.7404516,4.884,7.6,true,75
2026-09-22 22:06:53.446,35.8778404,139.7404515,4.878,7.6,true,75
2026-09-22 22:07:01.046,35.8778409,139.7404516,4.874,7.6,true,75
2026-09-22 22:07:08.500,35.8778412,139.7404522,4.856,7.5,true,75
2026-09-22 22:07:16.039,35.877842,139.7404528,4.757,7.5,true,75
2026-09-22 22:07:23.654,35.8778418,139.7404529,4.735,7.6,true,75
2026-09-22 22:07:31.223,35.8778413,139.7404531,4.732,7.6,true,75
2026-09-22 22:07:38.732,35.8778416,139.7404531,4.597,7.5,true,75
2026-09-22 22:07:46.348,35.8778415,139.7404531,4.832,7.6,true,75
2026-09-22 22:07:53.923,35.8778417,139.7404518,4.624,7.6,true,75
2026-09-22 22:08:01.568,35.8778417,139.7404519,4.875,7.6,true,75
2026-09-22 22:08:09.008,35.8778421,139.7404522,4.647,7.4,true,75
2026-09-22 22:08:16.679,35.8778421,139.7404523,4.927,7.7,true,75
2026-09-22 22:08:24.170,35.8778417,139.7404527,4.937,7.5,true,75
2026-09-22 22:08:31.651,35.8778417,139.7404529,4.892,7.5,true,75
2026-09-22 22:08:39.188,35.8778411,139.7404521,4.89,7.5,true,75
2026-09-22 22:08:46.753,35.8778399,139.7404528,4.606,7.6,true,75
2026-09-22 22:08:54.358,35.8778399,139.740453,4.848,7.6,true,75
2026-09-22 22:09:01.979,35.8778393,139.7404542,4.853,7.6,true,75
2026-09-22 22:09:09.544,35.8778394,139.7404541,4.837,7.6,true,75
2026-09-22 22:09:17.123,35.8778391,139.7404542,4.872,7.6,true,75
2026-09-22 22:09:24.673,35.8778397,139.7404538,4.972,7.5,true,75
2026-09-22 22:09:32.268,35.8778396,139.7404532,4.724,7.6,true,75
2026-09-22 22:09:39.874,35.8778396,139.7404532,4.962,7.6,true,75
2026-09-22 22:09:47.331,35.8778397,139.7404532,4.921,7.5,true,75
2026-09-22 22:09:54.864,35.8778399,139.7404535,4.867,7.5,true,75
2026-09-22 22:10:02.406,35.8778402,139.7404537,4.589,7.5,true,75
2026-09-22 22:10:09.854,35.8778404,139.7404537,4.811,7.4,true,75
2026-09-22 22:10:17.412,35.87784,139.7404532,4.841,7.6,true,75
2026-09-22 22:10:24.901,35.8778404,139.7404531,4.787,7.5,true,75
2026-09-22 22:10:32.494,35.87784,139.7404528,4.758,7.6,true,75
2026-09-22 22:10:40.066,35.8778404,139.740453,4.707,7.6,true,75
2026-09-22 22:10:47.645,35.8778404,139.7404531,4.707,7.6,true,75
2026-09-22 22:10:55.218,35.8778402,139.7404522,4.76,7.6,true,75
2026-09-22 22:11:02.785,35.8778401,139.7404521,4.801,7.6,true,75
2026-09-22 22:11:10.249,35.8778399,139.7404525,4.597,7.5,true,75
2026-09-22 22:11:17.835,35.87784,139.7404524,4.853,7.6,true,75
2026-09-22 22:11:25.451,35.8778403,139.7404514,4.893,7.6,true,75
2026-09-22 22:11:32.992,35.8778407,139.7404505,4.979,7.5,true,75
2026-09-22 22:11:40.566,35.8778409,139.7404509,4.693,7.6,true,75
2026-09-22 22:11:48.144,35.8778409,139.7404508,4.921,7.6,true,75
2026-09-22 22:11:55.705,35.8778413,139.7404512,4.87,7.6,true,75
2026-09-22 22:12:03.326,35.8778411,139.7404522,4.856,7.6,true,75
2026-09-22 22:12:10.815,35.8778409,139.7404521,4.887,7.5,true,75
2026-09-22 22:12:18.395,35.8778409,139.7404521,4.896,7.6,true,75
2026-09-22 22:12:25.889,35.8778404,139.7404524,4.897,7.5,true,75
2026-09-22 22:12:33.554,35.8778401,139.7404519,5.054,7.7,true,75
2026-09-22 22:12:41.111,35.8778398,139.7404507,5.116,7.6,true,75
2026-09-22 22:12:48.666,35.8778398,139.7404508,4.875,7.6,true,75
2026-09-22 22:12:56.248,35.8778398,139.7404507,5.177,7.6,true,75
2026-09-22 22:13:03.806,35.8778388,139.7404516,5.002,7.6,true,75
2026-09-22 22:13:11.311,35.8778388,139.7404516,5.283,7.5,true,75
2026-09-22 22:13:18.893,35.8778387,139.7404523,5.258,7.6,true,75
2026-09-22 22:13:26.479,35.8778389,139.7404525,5.195,7.6,true,75
2026-09-22 22:13:34.069,35.8778398,139.7404527,5.12,7.6,true,75
2026-09-22 22:13:41.633,35.8778396,139.7404527,5.07,7.6,true,75
2026-09-22 22:13:49.188,35.8778393,139.7404517,5.073,7.6,true,75
2026-09-22 22:13:56.789,35.8778397,139.740452,4.97,7.6,true,75
2026-09-22 22:14:04.382,35.8778403,139.7404509,4.951,7.6,true,75
2026-09-22 22:14:11.760,35.8778402,139.740452,4.614,7.4,true,75
2026-09-22 22:14:19.431,35.8778401,139.7404522,4.818,7.7,true,75
2026-09-22 22:14:26.987,35.8778402,139.7404518,4.789,7.6,true,75
2026-09-22 22:14:34.562,35.8778402,139.7404514,4.719,7.6,true,75
2026-09-22 22:14:42.120,35.8778406,139.7404518,4.415,7.6,true,75
2026-09-22 22:14:49.719,35.8778405,139.7404519,4.646,7.6,true,75
2026-09-22 22:14:57.295,35.8778404,139.7404522,4.615,7.6,true,75
2026-09-22 22:15:04.869,35.8778402,139.740452,4.626,7.6,true,75
2026-09-22 22:15:12.452,35.8778405,139.7404522,4.619,7.6,true,75
2026-09-22 22:15:20.021,35.8778408,139.7404514,4.666,7.6,true,75
2026-09-22 22:15:27.614,35.877841,139.7404516,4.644,7.6,true,75
2026-09-22 22:15:35.183,35.8778417,139.7404506,4.683,7.6,true,75
2026-09-22 22:15:42.738,35.8778412,139.7404504,4.661,7.6,true,75
2026-09-22 22:15:50.259,35.8778418,139.7404497,4.421,7.5,true,75
2026-09-22 22:15:57.904,35.8778418,139.7404498,4.64,7.6,true,75
2026-09-22 22:16:05.507,35.8778419,139.7404507,4.338,7.6,true,75
2026-09-22 22:16:13.083,35.8778418,139.7404509,4.567,7.6,true,75
2026-09-22 22:16:20.654,35.8778416,139.7404522,4.578,7.6,true,75
2026-09-22 22:16:28.234,35.8778418,139.7404524,4.542,7.6,true,75
2026-09-22 22:16:35.825,35.8778423,139.7404517,4.534,7.6,true,75
2026-09-22 22:16:43.421,35.8778423,139.7404511,4.487,7.6,true,75
2026-09-22 22:16:50.974,35.8778424,139.7404503,4.493,7.6,true,75
2026-09-22 22:16:58.547,35.8778424,139.7404509,4.257,7.6,true,75
2026-09-22 22:17:06.125,35.8778424,139.740451,4.473,7.6,true,75
2026-09-22 22:17:13.680,35.8778425,139.7404514,4.486,7.6,true,75
2026-09-22 22:17:21.261,35.8778423,139.7404516,4.498,7.6,true,75
2026-09-22 22:17:28.866,35.8778417,139.7404525,4.495,7.6,true,75
2026-09-22 22:17:36.439,35.8778414,139.740452,4.527,7.6,true,75
2026-09-22 22:17:43.991,35.8778413,139.7404521,4.56,7.6,true,75
2026-09-22 22:17:51.607,35.877841,139.7404521,4.613,7.6,true,75
2026-09-22 22:17:59.110,35.8778413,139.7404514,4.694,7.5,true,75
2026-09-22 22:18:06.701,35.8778413,139.7404507,4.541,7.6,true,75
2026-09-22 22:18:14.222,35.8778408,139.740451,4.554,7.5,true,75
2026-09-22 22:18:21.810,35.8778405,139.7404512,4.81,7.6,true,75
2026-09-22 22:18:29.490,35.8778406,139.7404519,4.823,7.7,true,75
2026-09-22 22:18:37.053,35.8778403,139.7404514,4.883,7.6,true,75
2026-09-22 22:18:44.645,35.87784,139.7404523,4.906,7.6,true,75
2026-09-22 22:18:52.186,35.8778399,139.7404512,5.007,7.5,true,75
2026-09-22 22:18:59.780,35.8778404,139.7404504,5.003,7.6,true,75
2026-09-22 22:19:07.384,35.8778412,139.7404499,4.865,7.6,true,75
2026-09-22 22:19:14.941,35.8778413,139.7404478,4.745,7.6,true,75
2026-09-22 22:19:22.486,35.8778412,139.7404475,5.018,7.5,true,75
2026-09-22 22:19:30.089,35.8778409,139.7404464,4.778,7.6,true,75
2026-09-22 22:19:37.681,35.877841,139.7404463,5.022,7.6,true,75
2026-09-22 22:19:45.225,35.877841,139.7404468,4.959,7.5,true,75
2026-09-22 22:19:52.769,35.877841,139.7404474,4.679,7.5,true,75
2026-09-22 22:20:00.401,35.8778411,139.7404475,4.932,7.6,true,75
2026-09-22 22:20:08.030,35.8778419,139.740447,4.765,7.6,true,75
2026-09-22 22:20:15.563,35.8778419,139.7404476,4.77,7.5,true,75
2026-09-22 22:20:23.129,35.8778407,139.7404478,4.576,7.6,true,75
2026-09-22 22:20:30.678,35.8778408,139.7404477,4.857,7.5,true,75
2026-09-22 22:20:38.304,35.8778411,139.7404485,4.563,7.6,true,75
2026-09-22 22:20:45.877,35.8778411,139.7404484,4.8,7.6,true,75
2026-09-22 22:20:53.464,35.8778415,139.7404479,4.792,7.6,true,75
2026-09-22 22:21:00.963,35.8778406,139.7404489,4.716,7.5,true,75
2026-09-22 22:21:08.499,35.8778402,139.7404501,4.574,7.5,true,75
2026-09-22 22:21:16.067,35.8778399,139.7404504,4.562,7.6,true,75
2026-09-22 22:21:23.690,35.8778399,139.7404506,4.526,7.6,true,75
2026-09-22 22:21:31.257,35.8778401,139.7404503,4.533,7.6,true,75
2026-09-22 22:21:38.793,35.8778404,139.7404498,4.609,7.5,true,75
2026-09-22 22:21:46.392,35.8778399,139.7404509,4.625,7.6,true,75
2026-09-22 22:21:53.948,35.8778405,139.7404506,4.694,7.6,true,75
2026-09-22 22:22:01.574,35.8778403,139.7404516,4.719,7.6,true,75
2026-09-22 22:22:09.145,35.8778402,139.7404522,4.697,7.6,true,75
2026-09-22 22:22:16.680,35.8778395,139.7404532,4.658,7.5,true,75
2026-09-22 22:22:24.164,35.8778399,139.7404522,4.679,7.5,true,75
2026-09-22 22:22:31.744,35.8778395,139.7404531,4.652,7.6,true,75
2026-09-22 22:22:39.206,35.8778394,139.7404526,4.417,7.5,true,74
2026-09-22 22:22:46.674,35.8778393,139.7404528,4.631,7.5,true,74
2026-09-22 22:22:54.154,35.8778391,139.7404528,4.644,7.5,true,74
2026-09-22 22:23:01.722,35.8778395,139.7404524,4.637,7.6,true,74
2026-09-22 22:23:07.500,35.8778391,139.7404533,4.42,5.8,false,74
2026-09-22 22:23:14.961,35.877839,139.7404533,4.593,7.5,true,74
2026-09-22 22:23:22.570,35.8778378,139.7404543,4.691,7.6,true,74
2026-09-22 22:23:28.270,35.8778392,139.7404526,4.437,5.7,false,74
2026-09-22 22:23:34.175,35.8778399,139.7404512,4.309,5.9,false,74
2026-09-22 22:23:43.286,35.8778379,139.7404537,4.449,9.1,true,74
2026-09-22 22:23:50.729,35.8778373,139.7404539,4.342,7.4,true,74
2026-09-22 22:23:58.218,35.8778371,139.7404541,4.572,7.5,true,74
2026-09-22 22:24:05.794,35.8778355,139.7404556,4.526,7.6,true,74
2026-09-22 22:24:13.265,35.8778355,139.7404558,4.544,7.5,true,74
2026-09-22 22:24:20.688,35.8778347,139.7404575,4.639,7.4,true,74
2026-09-22 22:24:26.445,35.8778348,139.7404577,4.86,5.8,false,74
2026-09-22 22:24:32.194,35.8778344,139.7404579,4.823,5.8,false,74
2026-09-22 22:24:39.695,35.8778338,139.7404588,4.881,7.5,true,74
2026-09-22 22:24:47.205,35.8778337,139.7404587,4.604,7.5,true,74
2026-09-22 22:24:54.652,35.8778337,139.7404587,4.839,7.4,true,74
2026-09-22 22:25:02.112,35.8778331,139.7404599,4.637,7.5,true,74
2026-09-22 22:25:09.626,35.8778331,139.7404599,4.865,7.5,true,74
2026-09-22 22:25:17.098,35.8778326,139.7404612,4.614,7.5,true,74
2026-09-22 22:25:22.744,35.8778313,139.7404635,4.634,5.6,false,74
2026-09-22 22:25:30.296,35.8778311,139.7404639,4.909,7.6,true,74
2026-09-22 22:25:37.808,35.8778303,139.7404644,4.763,7.5,true,74
2026-09-22 22:25:45.359,35.8778301,139.7404646,5.018,7.6,true,74
2026-09-22 22:25:52.701,35.8778297,139.7404643,4.802,7.3,true,74
2026-09-22 22:26:00.122,35.8778297,139.7404645,4.789,7.4,true,74
2026-09-22 22:26:07.654,35.8778296,139.7404645,5.024,7.5,true,74
2026-09-22 22:26:15.143,35.8778285,139.7404671,4.885,7.5,true,74
2026-09-22 22:26:22.536,35.8778286,139.7404672,4.814,7.4,true,74
2026-09-22 22:26:29.992,35.8778285,139.740467,4.768,7.5,true,73
2026-09-22 22:26:35.674,35.8778285,139.7404671,4.726,5.7,false,73
2026-09-22 22:26:43.125,35.8778281,139.7404672,4.758,7.5,true,73
2026-09-22 22:26:50.640,35.8778278,139.7404672,4.965,7.5,true,73
2026-09-22 22:26:56.332,35.8778286,139.7404658,4.58,5.7,false,73
2026-09-22 22:27:03.880,35.8778285,139.7404659,4.792,7.5,true,73
2026-09-22 22:27:11.388,35.8778288,139.7404645,4.779,7.5,true,73
2026-09-22 22:27:18.874,35.8778289,139.740464,4.801,7.5,true,73
2026-09-22 22:27:26.296,35.8778291,139.7404619,4.54,7.4,true,73
2026-09-22 22:27:33.808,35.8778289,139.7404616,4.794,7.5,true,73
2026-09-22 22:27:41.276,35.8778288,139.7404598,4.619,7.5,true,73
2026-09-22 22:27:46.973,35.8778288,139.7404595,4.829,5.7,false,73
2026-09-22 22:27:56.257,35.87783,139.7404578,4.937,9.3,true,73
2026-09-22 22:28:03.758,35.8778301,139.7404563,4.975,7.5,true,73
2026-09-22 22:28:11.153,35.8778305,139.7404557,4.667,7.4,true,73
2026-09-22 22:28:16.861,35.8778308,139.7404552,4.625,5.7,false,73
2026-09-22 22:28:24.335,35.8778318,139.7404546,4.544,7.5,true,73
2026-09-22 22:28:31.832,35.8778319,139.7404545,4.807,7.5,true,73
2026-09-22 22:28:37.603,35.8778326,139.740454,4.588,5.8,false,73
2026-09-22 22:28:43.485,35.8778327,139.7404538,4.791,5.9,false,73
2026-09-22 22:28:49.228,35.8778327,139.7404533,4.84,5.7,false,73
2026-09-22 22:28:56.615,35.8778331,139.7404522,4.795,7.4,true,73
2026-09-22 22:29:04.063,35.8778322,139.7404545,4.827,7.4,true,73
2026-09-22 22:29:11.493,35.8778318,139.740456,4.818,7.4,true,73
2026-09-22 22:29:18.889,35.8778314,139.7404579,4.803,7.4,true,73
2026-09-22 22:29:26.280,35.8778318,139.7404592,4.791,7.4,true,73
2026-09-22 22:29:33.774,35.8778318,139.7404596,5.042,7.5,true,73
2026-09-22 22:29:41.280,35.8778318,139.7404596,4.798,7.5,true,72
2026-09-22 22:29:48.751,35.8778316,139.7404597,5.051,7.5,true,72
2026-09-22 22:29:56.246,35.8778311,139.7404603,5.096,7.5,true,72
2026-09-22 22:30:03.826,35.8778334,139.7404565,4.857,7.6,true,72
2026-09-22 22:30:11.284,35.877833,139.7404575,4.668,7.5,true,72
2026-09-22 22:30:18.726,35.8778331,139.7404577,4.945,7.4,true,72
2026-09-22 22:30:26.253,35.8778331,139.7404578,5.004,7.5,true,72
2026-09-22 22:30:33.818,35.8778333,139.7404575,5.018,7.6,true,72
2026-09-22 22:30:41.193,35.877833,139.7404573,5.056,7.4,true,72
2026-09-22 22:30:48.584,35.8778325,139.7404569,4.816,7.4,true,72
2026-09-22 22:30:56.141,35.8778325,139.7404567,4.802,7.6,true,72
2026-09-22 22:31:03.598,35.8778324,139.7404567,5.038,7.5,true,72
2026-09-22 22:31:11.160,35.877832,139.7404565,5.019,7.6,true,72
2026-09-22 22:31:18.522,35.8778316,139.740456,4.643,7.4,true,72
2026-09-22 22:31:26.044,35.8778317,139.7404557,4.828,7.5,true,72
2026-09-22 22:31:33.550,35.8778313,139.7404554,4.642,7.5,true,72
2026-09-22 22:31:40.954,35.877831,139.7404554,4.718,7.4,true,72
2026-09-22 22:31:48.382,35.8778312,139.7404548,4.753,7.4,true,72
2026-09-22 22:31:55.275,35.8778312,139.7404547,5.021,6.9,false,72
2026-09-22 22:32:03.741,35.877832,139.7404528,4.733,8.5,true,72
2026-09-22 22:32:12.305,35.8778301,139.7404572,4.756,8.6,true,72
2026-09-22 22:32:20.842,35.877832,139.7404542,4.51,8.5,true,72
2026-09-22 22:32:29.363,35.8778334,139.7404532,4.447,8.5,true,72
2026-09-22 22:32:37.942,35.8778334,139.7404536,4.732,8.6,true,72
2026-09-22 22:32:46.476,35.8778327,139.7404562,4.312,8.5,true,71
2026-09-22 22:32:55.048,35.8778325,139.7404564,4.587,8.6,true,71
2026-09-22 22:33:03.608,35.8778344,139.740455,4.315,8.6,true,71
2026-09-22 22:33:12.092,35.8778352,139.7404525,4.356,8.5,true,71
2026-09-22 22:33:20.790,35.8778353,139.7404524,4.593,8.7,true,71
2026-09-22 22:33:29.295,35.8778369,139.7404493,4.409,8.5,true,71
2026-09-22 22:33:37.898,35.877835,139.7404521,4.379,8.6,true,71
2026-09-22 22:33:46.368,35.8778335,139.7404552,4.412,8.5,true,71
2026-09-22 22:33:54.900,35.8778335,139.7404555,4.68,8.5,true,71
2026-09-22 22:34:03.492,35.8778316,139.7404585,4.843,8.6,true,71
2026-09-22 22:34:11.975,35.8778307,139.7404592,4.635,8.5,true,71
2026-09-22 22:34:20.487,35.8778311,139.740457,4.751,8.5,true,71
2026-09-22 22:34:29.084,35.8778321,139.7404557,4.731,8.6,true,71
2026-09-22 22:34:37.565,35.8778321,139.7404557,5.064,8.5,true,71
2026-09-22 22:34:46.112,35.8778311,139.7404564,4.701,8.5,true,71
2026-09-22 22:34:55.017,35.8778304,139.7404568,4.832,8.9,true,71
2026-09-22 22:35:03.611,35.8778304,139.7404566,5.139,8.6,true,71
2026-09-22 22:35:12.184,35.8778322,139.7404549,5.018,8.6,true,71
2026-09-22 22:35:20.760,35.8778342,139.7404536,4.664,8.6,true,71
2026-09-22 22:35:29.433,35.8778319,139.740458,4.64,8.7,true,71
2026-09-22 22:35:37.876,35.8778296,139.7404623,4.674,8.4,true,71
2026-09-22 22:35:46.477,35.8778272,139.7404659,4.949,8.6,true,71
2026-09-22 22:35:55.007,35.8778252,139.7404701,5.1,8.5,true,71
2026-09-22 22:36:03.558,35.8778233,139.7404746,5.264,8.6,true,71
2026-09-22 22:36:12.070,35.8778231,139.7404755,5.595,8.5,true,71
2026-09-22 22:36:20.661,35.8778237,139.7404752,5.367,8.6,true,71
2026-09-22 22:36:29.159,35.8778235,139.7404755,5.697,8.5,true,71
2026-09-22 22:36:37.716,35.8778291,139.740465,4.67,8.6,true,71
2026-09-22 22:36:46.712,35.8778293,139.7404644,4.954,9.0,true,71
2026-09-22 22:36:55.239,35.877828,139.7404675,5.023,8.5,true,71
2026-09-22 22:37:03.768,35.8778293,139.7404658,4.911,8.5,true,71
2026-09-22 22:37:12.326,35.8778322,139.7404619,4.507,8.6,true,71
2026-09-22 22:37:20.821,35.8778324,139.7404617,4.736,8.5,true,71
2026-09-22 22:37:29.557,35.8778347,139.7404575,4.563,8.7,true,71
2026-09-22 22:37:38.371,35.8778347,139.7404567,4.82,8.8,true,71
2026-09-22 22:37:46.927,35.8778357,139.7404555,4.792,8.6,true,71
2026-09-22 22:37:55.616,35.8778373,139.740453,4.743,8.7,true,70
2026-09-22 22:38:04.300,35.8778353,139.7404559,4.568,8.7,true,70
2026-09-22 22:38:13.240,35.8778374,139.7404542,4.521,8.9,true,70
2026-09-22 22:38:21.688,35.8778382,139.7404543,4.538,8.4,true,70
2026-09-22 22:38:30.306,35.8778384,139.7404544,4.865,8.6,true,70
2026-09-22 22:38:38.891,35.8778377,139.7404557,4.572,8.6,true,70
2026-09-22 22:38:47.435,35.8778384,139.740455,4.606,8.5,true,70
2026-09-22 22:38:56.022,35.8778387,139.7404552,4.899,8.6,true,70
2026-09-22 22:39:04.751,35.8778404,139.7404543,4.654,8.7,true,70
2026-09-22 22:39:13.301,35.8778384,139.7404577,4.651,8.5,true,70
2026-09-22 22:39:21.736,35.8778384,139.7404581,4.938,8.4,true,70
2026-09-22 22:39:30.304,35.8778387,139.7404561,4.546,8.6,true,70
2026-09-22 22:39:38.934,35.8778388,139.740456,4.846,8.6,true,70
2026-09-22 22:39:43.575,35.877837,139.7404597,4.788,4.6,false,70
2026-09-22 22:39:48.604,35.8778383,139.7404561,7.777,5.0,false,70
2026-09-22 22:39:56.560,35.8778402,139.7404546,7.288,8.0,true,70
2026-09-22 22:40:05.255,35.8778411,139.7404541,10.971,8.7,true,70
2026-09-22 22:40:13.849,35.877839,139.7404576,5.232,8.6,true,70
2026-09-22 22:40:22.390,35.8778409,139.7404563,4.525,8.5,true,70
2026-09-22 22:40:30.894,35.8778418,139.7404551,4.236,8.5,true,70
2026-09-22 22:40:39.421,35.8778419,139.7404551,4.394,8.5,true,70
2026-09-22 22:40:47.984,35.8778402,139.7404575,4.028,8.6,true,70
2026-09-22 22:40:56.617,35.8778402,139.7404577,4.203,8.6,true,70
2026-09-22 22:41:05.068,35.8778411,139.7404569,3.903,8.5,true,70
2026-09-22 22:41:13.620,35.8778394,139.740459,3.939,8.6,true,70
2026-09-22 22:41:22.125,35.8778393,139.7404594,4.093,8.5,true,70
2026-09-22 22:41:30.614,35.8778402,139.7404576,3.939,8.5,true,70
2026-09-22 22:41:39.396,35.8778396,139.7404574,4.038,8.8,true,70
2026-09-22 22:41:47.924,35.8778389,139.7404573,4.141,8.5,true,70
2026-09-22 22:41:56.617,35.8778389,139.7404573,4.371,8.7,true,70
2026-09-22 22:42:05.166,35.8778372,139.7404598,4.481,8.6,true,70
2026-09-22 22:42:13.614,35.8778387,139.7404577,4.228,8.4,true,69
2026-09-22 22:42:22.174,35.8778392,139.7404562,4.165,8.6,true,69
2026-09-22 22:42:30.753,35.8778393,139.7404554,4.176,8.6,true,69
2026-09-22 22:42:35.875,35.8778395,139.7404554,4.305,5.1,false,69
2026-09-22 22:42:45.677,35.8778406,139.7404537,4.098,9.8,true,69
2026-09-22 22:42:53.210,35.8778401,139.7404536,4.151,7.5,true,69
2026-09-22 22:43:00.762,35.8778403,139.7404535,4.379,7.6,true,69
2026-09-22 22:43:08.235,35.8778397,139.740453,4.433,7.5,true,69
2026-09-22 22:43:15.722,35.8778391,139.7404525,4.45,7.5,true,69
2026-09-22 22:43:23.312,35.8778385,139.7404523,4.482,7.6,true,69
2026-09-22 22:43:30.811,35.8778381,139.7404518,4.562,7.5,true,69
2026-09-22 22:43:38.292,35.8778377,139.740452,4.577,7.5,true,69
2026-09-22 22:43:45.904,35.8778371,139.7404519,4.633,7.6,true,69
2026-09-22 22:43:53.442,35.8778366,139.7404512,4.503,7.5,true,69
2026-09-22 22:44:01.017,35.8778367,139.7404511,4.745,7.6,true,69
2026-09-22 22:44:08.555,35.8778361,139.7404515,4.733,7.5,true,69
2026-09-22 22:44:16.119,35.8778356,139.7404514,4.73,7.6,true,69
2026-09-22 22:44:23.656,35.8778351,139.7404511,4.767,7.5,true,69
2026-09-22 22:44:31.293,35.8778347,139.7404517,4.831,7.6,true,69
2026-09-22 22:44:38.698,35.8778343,139.7404513,4.886,7.4,true,69
2026-09-22 22:44:46.206,35.8778339,139.7404513,4.913,7.5,true,69
2026-09-22 22:44:53.808,35.8778334,139.7404509,4.853,7.6,true,69
2026-09-22 22:45:01.427,35.877833,139.7404503,4.817,7.6,true,69
2026-09-22 22:45:09.044,35.877833,139.7404501,5.028,7.6,true,69
2026-09-22 22:45:16.590,35.8778329,139.7404504,4.97,7.5,true,69
2026-09-22 22:45:24.196,35.8778327,139.7404496,4.944,7.6,true,69
2026-09-22 22:45:31.690,35.8778324,139.7404494,4.925,7.5,true,69
2026-09-22 22:45:39.280,35.8778327,139.7404489,4.916,7.6,true,69
2026-09-22 22:45:46.864,35.8778331,139.740449,4.946,7.6,true,69
2026-09-22 22:45:54.466,35.8778332,139.7404485,5.032,7.6,true,69
2026-09-22 22:46:01.875,35.877833,139.7404491,4.813,7.4,true,69
2026-09-22 22:46:09.427,35.8778333,139.7404495,4.755,7.6,true,69
2026-09-22 22:46:17.058,35.8778334,139.7404495,5.001,7.6,true,69
2026-09-22 22:46:24.621,35.877833,139.7404504,4.975,7.6,true,69
2026-09-22 22:46:32.203,35.8778328,139.7404503,4.983,7.6,true,69
2026-09-22 22:46:39.765,35.877832,139.7404516,4.703,7.6,true,69
2026-09-22 22:46:47.355,35.8778319,139.7404515,4.932,7.6,true,69
2026-09-22 22:46:54.873,35.8778318,139.7404522,4.924,7.5,true,69
2026-09-22 22:47:02.410,35.8778323,139.7404515,4.929,7.5,true,69
2026-09-22 22:47:09.967,35.8778324,139.7404515,4.944,7.6,true,69
2026-09-22 22:47:17.381,35.8778324,139.7404511,4.928,7.4,true,69
2026-09-22 22:47:24.893,35.8778326,139.7404511,4.891,7.5,true,69
2026-09-22 22:47:32.475,35.8778322,139.7404517,4.658,7.6,true,69
2026-09-22 22:47:39.953,35.8778324,139.7404513,4.867,7.5,true,69
2026-09-22 22:47:47.502,35.8778325,139.7404506,4.887,7.5,true,69
2026-09-22 22:47:55.076,35.8778324,139.7404503,4.89,7.6,true,69
2026-09-22 22:48:02.553,35.8778317,139.7404511,4.565,7.5,true,69
2026-09-22 22:48:10.257,35.8778316,139.7404512,4.839,7.7,true,69
2026-09-22 22:48:17.800,35.8778315,139.7404513,4.884,7.5,true,69
2026-09-22 22:48:25.346,35.8778312,139.7404513,4.919,7.5,true,69
2026-09-22 22:48:32.850,35.8778306,139.7404519,4.941,7.5,true,69
2026-09-22 22:48:40.307,35.8778297,139.7404528,4.796,7.5,true,69
2026-09-22 22:48:47.712,35.877829,139.7404532,4.855,7.4,true,69
2026-09-22 22:48:55.187,35.8778291,139.7404533,4.81,7.5,true,69
2026-09-22 22:49:02.744,35.8778291,139.7404533,5.011,7.6,true,69
2026-09-22 22:49:10.425,35.8778291,139.7404528,5.051,7.7,true,69
2026-09-22 22:49:17.961,35.8778298,139.7404523,5.023,7.5,true,69
2026-09-22 22:49:25.469,35.8778303,139.7404517,4.938,7.5,true,69
2026-09-22 22:49:32.964,35.8778304,139.7404521,4.928,7.5,true,69
2026-09-22 22:49:40.482,35.8778305,139.7404523,4.946,7.5,true,69
2026-09-22 22:49:47.909,35.8778307,139.7404525,4.943,7.4,true,69
2026-09-22 22:49:55.418,35.8778305,139.7404522,4.931,7.5,true,69
2026-09-22 22:50:02.885,35.8778306,139.7404517,4.928,7.5,true,69
2026-09-22 22:50:10.365,35.8778311,139.740451,4.667,7.5,true,69
2026-09-22 22:50:17.843,35.877831,139.7404507,4.901,7.5,true,69
2026-09-22 22:50:25.312,35.8778319,139.7404506,4.555,7.5,true,69
2026-09-22 22:50:32.784,35.8778321,139.7404505,4.8,7.5,true,69
2026-09-22 22:50:40.255,35.877832,139.7404498,4.639,7.5,true,69
2026-09-22 22:50:47.720,35.8778321,139.7404496,4.895,7.5,true,69
2026-09-22 22:50:55.218,35.8778325,139.7404487,4.66,7.5,true,69
2026-09-22 22:51:02.687,35.8778326,139.7404484,4.943,7.5,true,69
2026-09-22 22:51:10.278,35.8778322,139.7404489,4.956,7.6,true,69
2026-09-22 22:51:17.702,35.8778318,139.7404489,5.017,7.4,true,69
2026-09-22 22:51:25.164,35.877832,139.7404503,4.797,7.5,true,69
2026-09-22 22:51:32.672,35.8778321,139.7404503,5.048,7.5,true,69
2026-09-22 22:51:40.242,35.8778318,139.74045,5.047,7.6,true,69
2026-09-22 22:51:47.698,35.8778314,139.7404504,4.936,7.5,true,69
2026-09-22 22:51:55.198,35.877831,139.7404499,4.841,7.5,true,69
2026-09-22 22:52:02.666,35.8778311,139.7404499,5.092,7.5,true,69
2026-09-22 22:52:10.144,35.8778304,139.7404514,4.937,7.5,true,69
2026-09-22 22:52:17.644,35.8778304,139.7404517,5.197,7.5,true,69
2026-09-22 22:52:25.110,35.87783,139.7404527,5.164,7.5,true,69
2026-09-22 22:52:32.583,35.8778299,139.7404529,5.146,7.5,true,69
2026-09-22 22:52:40.057,35.8778293,139.7404551,5.206,7.5,true,69
2026-09-22 22:52:47.642,35.8778291,139.740456,5.264,7.6,true,69
2026-09-22 22:52:55.109,35.8778287,139.7404558,5.357,7.5,true,69
2026-09-22 22:53:02.581,35.8778285,139.7404561,5.272,7.5,true,69
2026-09-22 22:53:10.089,35.8778284,139.7404566,5.226,7.5,true,69
2026-09-22 22:53:17.656,35.877828,139.7404561,5.165,7.6,true,69
2026-09-22 22:53:25.195,35.8778276,139.7404562,4.912,7.5,true,69
2026-09-22 22:53:32.659,35.8778275,139.7404562,5.153,7.5,true,69
2026-09-22 22:53:40.223,35.8778273,139.7404556,5.133,7.6,true,69
2026-09-22 22:53:47.750,35.8778271,139.7404559,5.113,7.5,true,69
2026-09-22 22:53:55.231,35.877827,139.7404553,5.122,7.5,true,69
2026-09-22 22:54:02.696,35.877826,139.7404555,5.153,7.5,true,69
2026-09-22 22:54:10.252,35.877826,139.740455,5.013,7.6,true,69
2026-09-22 22:54:17.742,35.8778261,139.7404549,5.273,7.5,true,69
2026-09-22 22:54:25.216,35.8778266,139.7404548,5.283,7.5,true,68
2026-09-22 22:54:32.821,35.8778269,139.7404549,5.294,7.6,true,68
2026-09-22 22:54:40.281,35.8778274,139.7404545,5.331,7.5,true,68
2026-09-22 22:54:47.736,35.8778276,139.740455,5.304,7.5,true,68
2026-09-22 22:54:55.209,35.8778277,139.7404549,5.27,7.5,true,68
2026-09-22 22:55:02.812,35.8778278,139.7404548,5.232,7.6,true,68
2026-09-22 22:55:10.263,35.8778273,139.7404544,5.041,7.5,true,68
2026-09-22 22:55:17.761,35.8778274,139.7404548,5.285,7.5,true,68
2026-09-22 22:55:25.244,35.8778277,139.7404547,5.256,7.5,true,68
2026-09-22 22:55:32.658,35.8778283,139.7404543,5.3,7.4,true,68
2026-09-22 22:55:40.184,35.8778284,139.7404559,5.291,7.5,true,68
2026-09-22 22:55:47.657,35.8778286,139.7404558,5.258,7.5,true,68
2026-09-22 22:55:55.091,35.8778287,139.7404548,4.931,7.4,true,68
2026-09-22 22:56:02.633,35.8778284,139.7404551,5.134,7.5,true,68
2026-09-22 22:56:10.181,35.8778287,139.7404555,5.1,7.5,true,68
2026-09-22 22:56:17.665,35.877829,139.7404554,4.859,7.5,true,68
2026-09-22 22:56:25.142,35.8778291,139.7404554,5.089,7.5,true,68
2026-09-22 22:56:32.714,35.877829,139.7404551,5.169,7.6,true,68
2026-09-22 22:56:40.183,35.8778295,139.7404544,5.214,7.5,true,68
2026-09-22 22:56:47.638,35.8778289,139.7404544,5.052,7.5,true,68
2026-09-22 22:56:55.158,35.8778289,139.7404546,5.314,7.5,true,68
2026-09-22 22:57:02.618,35.8778287,139.7404552,5.271,7.5,true,68
2026-09-22 22:57:10.070,35.8778291,139.7404545,5.243,7.5,true,68
2026-09-22 22:57:17.554,35.8778294,139.7404539,5.013,7.5,true,68
2026-09-22 22:57:25.029,35.8778293,139.7404536,5.242,7.5,true,68
2026-09-22 22:57:32.654,35.8778295,139.740453,5.201,7.6,true,68
2026-09-22 22:57:40.206,35.87783,139.7404519,5.124,7.6,true,68
2026-09-22 22:57:47.695,35.87783,139.7404519,5.115,7.5,true,68
2026-09-22 22:57:55.245,35.8778301,139.7404521,5.057,7.6,true,68
2026-09-22 22:58:02.702,35.8778301,139.7404523,4.812,7.5,true,68
2026-09-22 22:58:10.177,35.8778301,139.7404522,5.086,7.5,true,68
2026-09-22 22:58:17.656,35.8778306,139.740453,4.868,7.5,true,68
2026-09-22 22:58:25.186,35.8778308,139.7404527,5.145,7.5,true,68
2026-09-22 22:58:32.654,35.8778306,139.7404532,5.147,7.5,true,68
2026-09-22 22:58:40.105,35.8778304,139.7404533,5.166,7.5,true,68
2026-09-22 22:58:47.568,35.8778303,139.7404535,4.935,7.5,true,68
2026-09-22 22:58:55.066,35.8778303,139.7404534,5.208,7.5,true,68
2026-09-22 22:59:02.525,35.8778312,139.7404526,4.975,7.5,true,68
2026-09-22 22:59:09.998,35.8778313,139.7404524,5.205,7.5,true,68
2026-09-22 22:59:17.481,35.8778311,139.7404527,5.108,7.5,true,68
2026-09-22 22:59:25.078,35.8778323,139.7404526,5.108,7.6,true,68
2026-09-22 22:59:32.641,35.8778323,139.7404522,5.158,7.6,true,68
2026-09-22 22:59:40.131,35.8778322,139.7404527,5.155,7.5,true,68
2026-09-22 22:59:47.605,35.8778323,139.7404523,5.184,7.5,true,68
2026-09-22 22:59:55.047,35.8778325,139.7404528,5.151,7.4,true,68
2026-09-22 23:00:02.528,35.8778326,139.7404526,4.891,7.5,true,68
2026-09-22 23:00:10.014,35.8778326,139.7404527,5.122,7.5,true,68
2026-09-22 23:00:17.505,35.8778318,139.7404542,5.167,7.5,true,68
2026-09-22 23:00:24.966,35.877832,139.7404547,5.064,7.5,true,68
2026-09-22 23:00:32.424,35.8778322,139.7404547,5.155,7.5,true,68
2026-09-22 23:00:40.030,35.8778321,139.7404547,5.16,7.6,true,68
2026-09-22 23:00:47.508,35.8778321,139.7404545,5.186,7.5,true,68
2026-09-22 23:00:55.002,35.8778323,139.7404545,5.195,7.5,true,68
2026-09-22 23:01:02.485,35.877832,139.740456,5.122,7.5,true,68
2026-09-22 23:01:10.026,35.8778321,139.7404562,5.149,7.5,true,68
2026-09-22 23:01:17.504,35.8778322,139.7404559,5.171,7.5,true,68
2026-09-22 23:01:25.011,35.8778322,139.7404557,5.185,7.5,true,68
2026-09-22 23:01:32.527,35.8778327,139.7404554,5.215,7.5,true,68
2026-09-22 23:01:40.110,35.8778328,139.740455,5.307,7.6,true,68
2026-09-22 23:01:47.668,35.8778316,139.7404575,4.996,7.6,true,68
2026-09-22 23:01:55.178,35.8778316,139.7404579,5.255,7.5,true,68
2026-09-22 23:02:02.629,35.8778316,139.7404577,5.222,7.5,true,68
2026-09-22 23:02:10.116,35.8778318,139.7404579,5.149,7.5,true,68
2026-09-22 23:02:17.580,35.8778317,139.7404574,4.818,7.5,true,68
2026-09-22 23:02:25.078,35.8778317,139.7404574,5.025,7.5,true,68
2026-09-22 23:02:32.551,35.8778319,139.7404574,4.896,7.5,true,68
2026-09-22 23:02:40.051,35.8778321,139.7404569,4.764,7.5,true,68
2026-09-22 23:02:47.506,35.877832,139.7404568,4.977,7.5,true,68
2026-09-22 23:02:54.984,35.8778315,139.7404564,4.856,7.5,true,68
2026-09-22 23:03:02.527,35.8778313,139.7404563,5.083,7.5,true,68
2026-09-22 23:03:10.091,35.877831,139.7404559,5.134,7.6,true,68
2026-09-22 23:03:17.611,35.8778307,139.740456,5.174,7.5,true,68
2026-09-22 23:03:25.146,35.8778302,139.7404567,5.245,7.5,true,68
2026-09-22 23:03:32.683,35.8778304,139.7404568,5.28,7.5,true,68
2026-09-22 23:03:40.247,35.8778309,139.740456,5.346,7.6,true,68
2026-09-22 23:03:47.762,35.8778304,139.7404557,5.088,7.5,true,68
2026-09-22 23:03:55.285,35.8778306,139.7404558,5.308,7.5,true,68
2026-09-22 23:04:02.841,35.8778299,139.7404558,5.109,7.6,true,68
2026-09-22 23:04:10.250,35.8778298,139.7404559,5.334,7.4,true,68
2026-09-22 23:04:17.703,35.8778299,139.7404554,5.277,7.5,true,68
2026-09-22 23:04:25.265,35.8778299,139.740455,5.246,7.6,true,68
2026-09-22 23:04:32.805,35.8778297,139.7404555,5.182,7.5,true,68
2026-09-22 23:04:40.324,35.8778296,139.7404557,5.108,7.5,true,68
2026-09-22 23:04:47.800,35.877829,139.7404549,4.917,7.5,true,68
2026-09-22 23:04:55.268,35.8778287,139.7404547,5.12,7.5,true,68
2026-09-22 23:05:02.751,35.8778291,139.7404543,5.083,7.5,true,68
2026-09-22 23:05:10.444,35.8778294,139.7404537,5.079,7.7,true,68
2026-09-22 23:05:17.959,35.8778295,139.7404537,5.044,7.5,true,68
2026-09-22 23:05:25.510,35.8778297,139.740453,5.001,7.6,true,68
2026-09-22 23:05:33.079,35.8778303,139.7404522,4.727,7.6,true,68
2026-09-22 23:05:40.665,35.8778303,139.7404523,4.969,7.6,true,68
2026-09-22 23:05:48.217,35.8778307,139.7404525,5.044,7.6,true,68
2026-09-22 23:05:55.759,35.8778319,139.7404527,4.86,7.5,true,68
2026-09-22 23:06:03.269,35.8778321,139.7404528,5.113,7.5,true,68
2026-09-22 23:06:10.743,35.8778323,139.7404526,5.095,7.5,true,68
2026-09-22 23:06:18.182,35.8778322,139.7404527,5.042,7.4,true,68
2026-09-22 23:06:25.791,35.8778321,139.7404524,5.127,7.6,true,68
2026-09-22 23:06:33.348,35.8778326,139.7404521,5.102,7.6,true,68
2026-09-22 23:06:40.957,35.8778329,139.7404507,4.934,7.6,true,68
2026-09-22 23:06:48.524,35.877833,139.7404506,5.195,7.6,true,68
2026-09-22 23:06:56.070,35.8778332,139.7404492,4.915,7.5,true,68
2026-09-22 23:07:03.664,35.8778331,139.7404493,5.146,7.6,true,68
2026-09-22 23:07:11.185,35.8778335,139.7404504,4.839,7.5,true,68
2026-09-22 23:07:18.694,35.8778337,139.74045,4.836,7.5,true,68
2026-09-22 23:07:26.323,35.8778338,139.7404501,5.04,7.6,true,68
2026-09-22 23:07:33.849,35.8778335,139.7404499,4.872,7.5,true,68
2026-09-22 23:07:41.469,35.8778336,139.74045,5.083,7.6,true,68
2026-09-22 23:07:49.042,35.8778341,139.7404499,5.063,7.6,true,68
2026-09-22 23:07:56.632,35.8778342,139.7404488,5.127,7.6,true,68
2026-09-22 23:08:04.211,35.8778344,139.7404472,4.971,7.6,true,68
2026-09-22 23:08:11.679,35.8778345,139.7404469,5.222,7.5,true,68
2026-09-22 23:08:19.231,35.877835,139.7404482,4.819,7.6,true,68
2026-09-22 23:08:26.855,35.877835,139.7404482,5.023,7.6,true,68
2026-09-22 23:08:34.438,35.8778356,139.7404487,4.674,7.6,true,68
2026-09-22 23:08:41.915,35.8778355,139.7404494,4.592,7.5,true,68
2026-09-22 23:08:49.559,35.8778355,139.7404493,4.775,7.6,true,68
2026-09-22 23:08:57.082,35.8778355,139.7404491,4.78,7.5,true,68
2026-09-22 23:09:04.629,35.8778357,139.7404498,4.797,7.5,true,68
2026-09-22 23:09:12.112,35.8778354,139.7404497,4.787,7.5,true,68
2026-09-22 23:09:19.666,35.8778353,139.7404496,4.824,7.6,true,68
2026-09-22 23:09:27.285,35.8778353,139.7404492,4.848,7.6,true,68
2026-09-22 23:09:34.841,35.8778354,139.7404492,4.892,7.6,true,68
2026-09-22 23:09:42.435,35.8778352,139.7404494,4.876,7.6,true,68
2026-09-22 23:09:50.016,35.8778352,139.7404492,4.865,7.6,true,68
2026-09-22 23:09:57.579,35.8778344,139.74045,4.615,7.6,true,68
2026-09-22 23:10:05.149,35.877834,139.7404503,4.872,7.6,true,68
2026-09-22 23:10:12.625,35.8778337,139.7404519,4.966,7.5,true,68
2026-09-22 23:10:20.222,35.8778325,139.740454,4.954,7.6,true,68
2026-09-22 23:10:27.669,35.877832,139.740453,4.741,7.4,true,68
2026-09-22 23:10:35.256,35.8778317,139.7404529,5.002,7.6,true,68
2026-09-22 23:10:42.820,35.8778317,139.7404529,5.002,7.6,true,68
2026-09-22 23:10:50.438,35.8778307,139.7404535,5.005,7.6,true,68
2026-09-22 23:10:57.976,35.8778312,139.7404531,4.959,7.5,true,68
2026-09-22 23:11:05.554,35.8778313,139.740452,4.652,7.6,true,68
2026-09-22 23:11:12.995,35.8778314,139.7404519,4.886,7.4,true,68
2026-09-22 23:11:20.584,35.8778314,139.7404526,4.684,7.6,true,68
2026-09-22 23:11:28.090,35.8778313,139.7404534,4.697,7.5,true,68
2026-09-22 23:11:35.682,35.8778312,139.7404534,4.939,7.6,true,67
2026-09-22 23:11:43.106,35.8778313,139.7404537,4.732,7.4,true,67
2026-09-22 23:11:50.698,35.8778312,139.7404538,4.73,7.6,true,67
2026-09-22 23:11:58.318,35.877831,139.7404539,4.957,7.6,true,67
2026-09-22 23:12:05.913,35.8778312,139.7404537,4.972,7.6,true,67
2026-09-22 23:12:13.321,35.877831,139.7404539,4.963,7.4,true,67
2026-09-22 23:12:20.934,35.8778301,139.7404551,4.687,7.6,true,67
2026-09-22 23:12:28.538,35.8778302,139.7404554,4.951,7.6,true,67
2026-09-22 23:12:36.110,35.8778304,139.7404559,4.923,7.6,true,67
2026-09-22 23:12:43.662,35.8778306,139.7404564,4.932,7.6,true,67
2026-09-22 23:12:51.260,35.877831,139.7404564,4.897,7.6,true,67
2026-09-22 23:12:58.776,35.8778309,139.7404565,4.632,7.5,true,67
2026-09-22 23:13:06.395,35.8778307,139.7404565,4.892,7.6,true,67
2026-09-22 23:13:13.812,35.8778304,139.7404559,4.658,7.4,true,67
2026-09-22 23:13:21.485,35.8778303,139.7404556,4.836,7.7,true,67
2026-09-22 23:13:29.051,35.8778298,139.7404556,4.724,7.6,true,67
2026-09-22 23:13:36.631,35.8778294,139.7404556,4.754,7.6,true,67
2026-09-22 23:13:44.191,35.8778289,139.740456,4.531,7.6,true,67
2026-09-22 23:13:51.769,35.8778286,139.7404559,4.737,7.6,true,67
2026-09-22 23:13:59.362,35.8778284,139.7404563,4.762,7.6,true,67
2026-09-22 23:14:06.937,35.8778284,139.7404566,4.792,7.6,true,67
2026-09-22 23:14:14.541,35.8778283,139.7404576,4.649,7.6,true,67
2026-09-22 23:14:22.094,35.8778284,139.7404572,4.671,7.6,true,67
2026-09-22 23:14:29.660,35.8778282,139.7404571,4.916,7.6,true,67
2026-09-22 23:14:37.220,35.8778284,139.7404584,4.758,7.6,true,67
2026-09-22 23:14:44.831,35.8778285,139.7404585,5.005,7.6,true,67
2026-09-22 23:14:52.378,35.8778282,139.7404583,4.737,7.5,true,67
2026-09-22 23:14:59.914,35.8778282,139.740458,4.717,7.5,true,67
2026-09-22 23:15:07.530,35.8778282,139.740458,4.936,7.6,true,67
2026-09-22 23:15:15.123,35.8778284,139.7404579,4.922,7.6,true,67
2026-09-22 23:15:22.676,35.8778286,139.7404578,4.919,7.6,true,67
2026-09-22 23:15:30.268,35.8778283,139.7404584,4.757,7.6,true,67
2026-09-22 23:15:37.834,35.8778282,139.7404585,5.008,7.6,true,67
2026-09-22 23:15:45.444,35.8778283,139.7404584,4.72,7.6,true,67
2026-09-22 23:15:53.039,35.8778283,139.7404584,4.983,7.6,true,67
2026-09-22 23:16:00.500,35.8778283,139.7404581,5.01,7.5,true,67
2026-09-22 23:16:08.124,35.8778284,139.7404586,5.02,7.6,true,67
2026-09-22 23:16:15.640,35.8778284,139.7404587,5.024,7.5,true,67
2026-09-22 23:16:23.227,35.8778285,139.7404588,5.013,7.6,true,67
2026-09-22 23:16:30.777,35.8778282,139.7404587,5.009,7.6,true,67
2026-09-22 23:16:38.370,35.8778285,139.7404591,4.949,7.6,true,67
2026-09-22 23:16:45.918,35.8778286,139.7404588,4.944,7.5,true,67
2026-09-22 23:16:53.529,35.8778287,139.7404588,4.91,7.6,true,67
2026-09-22 23:17:01.058,35.8778284,139.7404595,4.947,7.5,true,67
2026-09-22 23:17:08.638,35.8778287,139.7404596,5.0,7.6,true,67
2026-09-22 23:17:16.144,35.8778289,139.7404593,5.022,7.5,true,67
2026-09-22 23:17:23.678,35.8778295,139.7404584,4.765,7.5,true,67
2026-09-22 23:17:31.341,35.8778296,139.7404583,5.041,7.7,true,67
2026-09-22 23:17:38.892,35.8778299,139.7404579,5.011,7.6,true,67
2026-09-22 23:17:46.481,35.8778302,139.7404571,5.063,7.6,true,67
2026-09-22 23:17:54.078,35.8778302,139.7404578,5.015,7.6,true,67
2026-09-22 23:18:01.511,35.8778312,139.7404576,5.208,7.4,true,67
2026-09-22 23:18:09.129,35.8778312,139.7404583,5.109,7.6,true,67
2026-09-22 23:18:16.657,35.8778308,139.7404583,4.838,7.5,true,67
2026-09-22 23:18:24.317,35.8778311,139.7404585,5.077,7.7,true,67
2026-09-22 23:18:31.852,35.8778313,139.7404587,4.99,7.5,true,67
2026-09-22 23:18:39.316,35.8778313,139.740458,4.95,7.5,true,67
2026-09-22 23:18:46.871,35.8778304,139.7404589,4.785,7.6,true,67
2026-09-22 23:18:54.486,35.8778304,139.7404589,5.004,7.6,true,67
2026-09-22 23:19:01.981,35.8778303,139.740459,4.998,7.5,true,67
2026-09-22 23:19:09.578,35.8778297,139.7404583,5.073,7.6,true,67
2026-09-22 23:19:17.091,35.8778296,139.7404585,4.764,7.5,true,67
2026-09-22 23:19:24.671,35.8778293,139.7404587,4.966,7.6,true,67
2026-09-22 23:19:32.260,35.8778294,139.7404593,4.927,7.6,true,67
2026-09-22 23:19:39.717,35.8778292,139.7404587,4.935,7.5,true,67
2026-09-22 23:19:47.301,35.8778291,139.740459,4.964,7.6,true,67
2026-09-22 23:19:54.855,35.8778294,139.7404588,4.738,7.6,true,67
2026-09-22 23:20:02.342,35.8778295,139.7404587,4.951,7.5,true,67
2026-09-22 23:20:09.933,35.8778298,139.7404574,4.78,7.6,true,67
2026-09-22 23:20:17.538,35.8778299,139.7404573,4.998,7.6,true,67
2026-09-22 23:20:25.129,35.8778294,139.7404559,4.941,7.6,true,67
2026-09-22 23:20:32.682,35.8778296,139.7404552,5.03,7.6,true,67
2026-09-22 23:20:40.273,35.8778298,139.7404551,4.888,7.6,true,67
2026-09-22 23:20:47.817,35.8778299,139.7404549,5.11,7.5,true,67
2026-09-22 23:20:55.412,35.8778302,139.7404541,4.955,7.6,true,67
2026-09-22 23:21:02.872,35.8778303,139.740454,5.182,7.5,true,67
2026-09-22 23:21:10.378,35.8778301,139.7404537,4.953,7.5,true,67
2026-09-22 23:21:17.925,35.8778301,139.7404537,5.156,7.5,true,67
2026-09-22 23:21:25.548,35.8778304,139.7404536,4.863,7.6,true,67
2026-09-22 23:21:33.104,35.8778305,139.7404537,5.094,7.6,true,67
2026-09-22 23:21:40.673,35.8778312,139.740453,4.992,7.6,true,67
2026-09-22 23:21:48.256,35.877831,139.7404524,5.099,7.6,true,67
2026-09-22 23:21:55.807,35.8778308,139.7404526,5.143,7.6,true,67
2026-09-22 23:22:03.289,35.8778312,139.7404539,4.911,7.5,true,67
2026-09-22 23:22:10.873,35.8778312,139.7404539,5.14,7.6,true,67
2026-09-22 23:22:18.388,35.8778311,139.740454,5.145,7.5,true,67
2026-09-22 23:22:25.927,35.8778307,139.7404537,5.205,7.5,true,67
2026-09-22 23:22:33.504,35.8778305,139.7404526,5.033,7.6,true,67
2026-09-22 23:22:40.979,35.8778305,139.7404526,5.229,7.5,true,67
2026-09-22 23:22:48.574,35.8778295,139.7404531,4.777,7.6,true,67
2026-09-22 23:22:56.145,35.8778294,139.7404529,5.002,7.6,true,67
2026-09-22 23:23:03.642,35.8778293,139.7404522,5.051,7.5,true,67
2026-09-22 23:23:11.208,35.8778292,139.7404526,5.039,7.6,true,67
2026-09-22 23:23:18.746,35.877829,139.7404538,5.043,7.5,true,67
2026-09-22 23:23:26.319,35.8778299,139.7404537,4.801,7.6,true,67
2026-09-22 23:23:33.908,35.8778297,139.7404536,5.037,7.6,true,67
2026-09-22 23:23:41.493,35.8778296,139.7404537,4.851,7.6,true,67
2026-09-22 23:23:49.008,35.8778294,139.7404537,5.086,7.5,true,67
2026-09-22 23:23:56.596,35.8778294,139.7404539,5.129,7.6,true,67
2026-09-22 23:24:04.070,35.8778298,139.7404541,4.929,7.5,true,67
2026-09-22 23:24:11.653,35.8778296,139.7404541,5.141,7.6,true,67
2026-09-22 23:24:19.185,35.8778294,139.7404538,5.216,7.5,true,67
2026-09-22 23:24:26.745,35.8778298,139.7404536,5.058,7.6,true,67
2026-09-22 23:24:34.376,35.8778297,139.7404536,5.286,7.6,true,67
2026-09-22 23:24:41.948,35.8778294,139.7404536,5.318,7.6,true,67
2026-09-22 23:24:49.498,35.8778293,139.7404536,5.312,7.6,true,67
2026-09-22 23:24:57.060,35.8778295,139.7404538,5.272,7.6,true,67
2026-09-22 23:25:04.540,35.8778297,139.7404537,5.201,7.5,true,67
2026-09-22 23:25:12.167,35.87783,139.7404526,5.196,7.6,true,67
2026-09-22 23:25:19.705,35.8778311,139.7404506,5.082,7.5,true,67
2026-09-22 23:25:27.302,35.8778314,139.7404505,5.336,7.6,true,67
2026-09-22 23:25:34.852,35.8778319,139.7404501,4.973,7.6,true,67
2026-09-22 23:25:42.454,35.877832,139.7404499,5.227,7.6,true,67
2026-09-22 23:25:50.014,35.8778319,139.7404499,4.885,7.6,true,67
2026-09-22 23:25:57.594,35.877832,139.7404499,5.119,7.6,true,67
2026-09-22 23:26:05.171,35.877832,139.7404501,5.024,7.6,true,67
2026-09-22 23:26:12.717,35.8778317,139.7404502,4.732,7.5,true,67
2026-09-22 23:26:20.267,35.8778313,139.7404498,4.822,7.6,true,67
2026-09-22 23:26:27.840,35.8778315,139.7404498,5.126,7.6,true,67
2026-09-22 23:26:35.373,35.8778314,139.7404493,5.199,7.5,true,67
2026-09-22 23:26:42.990,35.8778314,139.7404489,5.29,7.6,true,67
2026-09-22 23:26:50.544,35.8778318,139.7404489,5.272,7.6,true,67
2026-09-22 23:26:58.099,35.8778324,139.7404493,5.002,7.6,true,67
2026-09-22 23:27:05.598,35.8778328,139.7404496,5.218,7.5,true,67
2026-09-22 23:27:13.183,35.8778332,139.7404497,4.896,7.6,true,67
2026-09-22 23:27:20.731,35.8778334,139.7404499,5.123,7.5,true,67
2026-09-22 23:27:28.326,35.8778328,139.7404499,4.93,7.6,true,67
2026-09-22 23:27:35.867,35.8778327,139.7404501,5.144,7.5,true,67
2026-09-22 23:27:43.472,35.877833,139.74045,5.037,7.6,true,67
2026-09-22 23:27:51.055,35.8778331,139.7404503,5.031,7.6,true,67
2026-09-22 23:27:58.622,35.8778329,139.7404505,4.984,7.6,true,67
2026-09-22 23:28:06.107,35.8778327,139.7404508,4.985,7.5,true,67
2026-09-22 23:28:13.673,35.8778322,139.740451,5.043,7.6,true,67
2026-09-22 23:28:21.267,35.8778321,139.740451,5.067,7.6,true,67
2026-09-22 23:28:28.822,35.8778323,139.7404512,5.052,7.6,true,67
2026-09-22 23:28:36.440,35.8778325,139.7404513,5.046,7.6,true,67
2026-09-22 23:28:43.972,35.8778327,139.7404515,5.138,7.5,true,66
2026-09-22 23:28:51.656,35.8778328,139.7404516,5.135,7.7,true,66
2026-09-22 23:28:59.141,35.8778328,139.7404511,5.209,7.5,true,66
2026-09-22 23:29:06.633,35.8778327,139.7404512,5.178,7.5,true,66
2026-09-22 23:29:14.221,35.8778324,139.7404517,5.17,7.6,true,66
2026-09-22 23:29:21.809,35.8778324,139.7404515,5.215,7.6,true,66
2026-09-22 23:29:29.375,35.8778321,139.7404515,5.262,7.6,true,66
2026-09-22 23:29:36.980,35.877832,139.7404519,5.206,7.6,true,66
2026-09-22 23:29:44.524,35.8778317,139.7404521,5.258,7.5,true,66
2026-09-22 23:29:52.087,35.8778312,139.7404528,5.295,7.6,true,66
2026-09-22 23:29:59.640,35.8778313,139.7404528,5.076,7.6,true,66
2026-09-22 23:30:07.292,35.8778312,139.7404528,5.342,7.7,true,66
2026-09-22 23:30:14.870,35.8778314,139.7404529,5.321,7.6,true,66
2026-09-22 23:30:22.410,35.8778317,139.740453,5.281,7.5,true,66
2026-09-22 23:30:30.010,35.8778318,139.7404531,5.012,7.6,true,66
2026-09-22 23:30:37.555,35.8778318,139.7404532,5.251,7.5,true,66
2026-09-22 23:30:45.131,35.8778319,139.7404527,5.288,7.6,true,66
2026-09-22 23:30:52.721,35.8778325,139.740455,4.947,7.6,true,66
2026-09-22 23:31:00.193,35.8778324,139.7404551,5.187,7.5,true,66
2026-09-22 23:31:07.646,35.8778327,139.7404537,4.917,7.5,true,66
2026-09-22 23:31:15.248,35.8778327,139.7404535,5.121,7.6,true,66
2026-09-22 23:31:22.856,35.8778328,139.7404531,5.127,7.6,true,66
2026-09-22 23:31:30.320,35.8778322,139.7404544,5.065,7.5,true,66
2026-09-22 23:31:37.873,35.8778323,139.7404539,5.044,7.6,true,66
2026-09-22 23:31:45.374,35.877833,139.7404538,4.944,7.5,true,66
2026-09-22 23:31:52.945,35.8778338,139.7404514,4.845,7.6,true,66
2026-09-22 23:32:00.458,35.8778352,139.7404507,4.774,7.5,true,66
2026-09-22 23:32:07.915,35.8778362,139.7404504,4.727,7.5,true,66
2026-09-22 23:32:15.448,35.8778365,139.7404513,4.728,7.5,true,66
2026-09-22 23:32:23.042,35.8778357,139.7404516,4.605,7.6,true,66
2026-09-22 23:32:30.515,35.8778356,139.7404517,4.856,7.5,true,66
2026-09-22 23:32:38.116,35.8778347,139.7404518,4.938,7.6,true,66
2026-09-22 23:32:45.665,35.8778342,139.7404511,5.027,7.5,true,66
2026-09-22 23:32:53.278,35.877834,139.7404502,4.795,7.6,true,66
2026-09-22 23:33:00.776,35.8778336,139.7404509,4.795,7.5,true,66
2026-09-22 23:33:08.304,35.877833,139.7404521,4.809,7.5,true,66
2026-09-22 23:33:15.805,35.877833,139.7404522,5.05,7.5,true,66
2026-09-22 23:33:23.310,35.8778325,139.7404538,5.064,7.5,true,66
2026-09-22 23:33:30.725,35.8778316,139.7404547,5.165,7.4,true,66
2026-09-22 23:33:38.319,35.8778303,139.7404562,5.071,7.6,true,66
2026-09-22 23:33:45.842,35.8778303,139.7404565,5.369,7.5,true,66
2026-09-22 23:33:53.458,35.8778299,139.7404564,5.486,7.6,true,66
2026-09-22 23:34:01.050,35.8778303,139.7404558,5.351,7.6,true,66
2026-09-22 23:34:08.614,35.8778304,139.740456,5.319,7.6,true,66
2026-09-22 23:34:16.227,35.8778304,139.7404557,5.355,7.6,true,66
2026-09-22 23:34:23.673,35.8778293,139.7404569,5.417,7.4,true,66
2026-09-22 23:34:31.287,35.8778293,139.7404574,5.355,7.6,true,66
2026-09-22 23:34:38.831,35.877829,139.7404584,5.269,7.5,true,66
2026-09-22 23:34:46.430,35.8778279,139.7404602,5.257,7.6,true,66
2026-09-22 23:34:53.952,35.8778264,139.7404616,4.989,7.5,true,66
2026-09-22 23:35:01.553,35.8778264,139.740462,5.21,7.6,true,66
2026-09-22 23:35:09.062,35.8778265,139.740462,5.129,7.5,true,66
2026-09-22 23:35:16.595,35.8778269,139.7404615,5.045,7.5,true,66
2026-09-22 23:35:24.225,35.8778272,139.7404608,5.051,7.6,true,66
2026-09-22 23:35:31.801,35.8778279,139.7404596,4.766,7.6,true,66
2026-09-22 23:35:39.353,35.877828,139.7404596,4.989,7.6,true,66
2026-09-22 23:35:46.931,35.8778285,139.7404593,4.973,7.6,true,66
2026-09-22 23:35:54.463,35.8778285,139.7404583,4.797,7.5,true,66
2026-09-22 23:36:02.079,35.8778286,139.7404583,5.039,7.6,true,66
2026-09-22 23:36:09.586,35.8778284,139.740458,5.083,7.5,true,66
2026-09-22 23:36:17.147,35.8778292,139.7404573,5.139,7.6,true,66
2026-09-22 23:36:24.692,35.8778293,139.7404566,4.983,7.5,true,66
2026-09-22 23:36:32.332,35.8778294,139.7404566,5.233,7.6,true,66
2026-09-22 23:36:39.910,35.8778286,139.7404573,5.011,7.6,true,66
2026-09-22 23:36:47.454,35.8778286,139.7404575,5.254,7.5,true,66
2026-09-22 23:36:54.924,35.8778286,139.7404575,4.942,7.5,true,66
2026-09-22 23:37:02.518,35.8778287,139.7404577,5.152,7.6,true,66
2026-09-22 23:37:09.988,35.8778285,139.7404584,4.694,7.5,true,66
2026-09-22 23:37:17.435,35.8778285,139.7404587,4.868,7.4,true,66
2026-09-22 23:37:25.077,35.877829,139.7404598,4.837,7.6,true,66
2026-09-22 23:37:32.656,35.8778287,139.7404607,4.827,7.6,true,66
2026-09-22 23:37:40.090,35.877828,139.7404615,4.667,7.4,true,66
2026-09-22 23:37:47.577,35.8778278,139.7404619,4.881,7.5,true,66
2026-09-22 23:37:55.067,35.8778278,139.7404614,4.925,7.5,true,66
2026-09-22 23:38:02.710,35.8778277,139.7404612,4.942,7.6,true,66
2026-09-22 23:38:10.308,35.877828,139.740461,4.975,7.6,true,66
2026-09-22 23:38:17.875,35.8778277,139.7404602,4.865,7.6,true,66
2026-09-22 23:38:25.433,35.8778278,139.7404593,4.88,7.6,true,66
2026-09-22 23:38:32.986,35.8778283,139.7404573,4.687,7.6,true,66
2026-09-22 23:38:40.511,35.8778284,139.7404574,4.9,7.5,true,66
2026-09-22 23:38:47.971,35.8778287,139.7404558,4.695,7.5,true,66
2026-09-22 23:38:55.578,35.8778288,139.7404556,4.925,7.6,true,66
2026-09-22 23:39:03.163,35.8778283,139.7404565,4.955,7.6,true,66
2026-09-22 23:39:10.638,35.8778279,139.7404576,4.959,7.5,true,66
2026-09-22 23:39:18.095,35.8778275,139.7404576,4.681,7.5,true,66
2026-09-22 23:39:25.660,35.8778273,139.7404576,4.951,7.6,true,66
2026-09-22 23:39:33.234,35.877827,139.7404575,4.987,7.6,true,66
2026-09-22 23:39:40.804,35.8778269,139.7404576,5.015,7.6,true,66
2026-09-22 23:39:48.407,35.8778268,139.7404578,5.023,7.6,true,66
2026-09-22 23:39:55.962,35.8778273,139.7404572,4.99,7.6,true,66
2026-09-22 23:40:03.533,35.8778278,139.7404567,4.948,7.6,true,66
2026-09-22 23:40:11.015,35.8778278,139.7404577,4.937,7.5,true,66
2026-09-22 23:40:18.603,35.8778275,139.7404578,5.036,7.6,true,66
2026-09-22 23:40:26.197,35.8778277,139.7404573,5.08,7.6,true,66
2026-09-22 23:40:33.725,35.8778276,139.7404564,5.052,7.5,true,66
2026-09-22 23:40:41.301,35.8778275,139.7404565,5.052,7.6,true,66
2026-09-22 23:40:48.902,35.8778278,139.7404566,5.05,7.6,true,66
2026-09-22 23:40:56.422,35.8778281,139.7404563,5.037,7.5,true,66
2026-09-22 23:41:04.093,35.8778282,139.7404567,5.022,7.7,true,66
2026-09-22 23:41:11.649,35.8778282,139.7404571,5.02,7.6,true,66
2026-09-22 23:41:19.225,35.8778284,139.7404576,5.018,7.6,true,66
2026-09-22 23:41:26.832,35.8778283,139.7404577,5.087,7.6,true,66
2026-09-22 23:41:34.376,35.8778286,139.7404582,5.154,7.5,true,66
2026-09-22 23:41:41.979,35.8778282,139.7404594,5.16,7.6,true,66
2026-09-22 23:41:49.522,35.8778287,139.7404591,5.078,7.5,true,66
2026-09-22 23:41:56.986,35.8778286,139.7404593,5.121,7.5,true,66
2026-09-22 23:42:04.493,35.8778286,139.7404598,5.158,7.5,true,66
2026-09-22 23:42:12.077,35.8778294,139.7404587,5.143,7.6,true,66
2026-09-22 23:42:19.624,35.8778305,139.7404568,5.118,7.5,true,66
2026-09-22 23:42:27.238,35.8778303,139.7404564,5.136,7.6,true,66
2026-09-22 23:42:34.793,35.8778304,139.7404567,5.072,7.6,true,66
2026-09-22 23:42:42.366,35.8778301,139.7404576,5.022,7.6,true,66
2026-09-22 23:42:49.973,35.8778302,139.7404567,4.949,7.6,true,66
2026-09-22 23:42:57.468,35.8778299,139.740457,4.658,7.5,true,66
2026-09-22 23:43:05.087,35.8778299,139.7404568,4.88,7.6,true,66
2026-09-22 23:43:12.610,35.8778298,139.7404561,4.929,7.5,true,66
2026-09-22 23:43:20.143,35.8778297,139.7404558,4.877,7.5,true,66
2026-09-22 23:43:27.730,35.8778295,139.7404554,4.656,7.6,true,66
2026-09-22 23:43:35.300,35.8778296,139.7404553,4.889,7.6,true,66
2026-09-22 23:43:42.897,35.8778294,139.7404554,4.908,7.6,true,66
2026-09-22 23:43:50.500,35.8778293,139.740456,4.89,7.6,true,66
2026-09-22 23:43:58.102,35.8778293,139.7404569,4.925,7.6,true,66
2026-09-22 23:44:05.658,35.8778298,139.7404562,4.956,7.6,true,66
2026-09-22 23:44:13.090,35.8778289,139.7404574,4.852,7.4,true,66
2026-09-22 23:44:20.665,35.877829,139.7404575,5.07,7.6,true,66
2026-09-22 23:44:28.293,35.8778292,139.7404572,5.082,7.6,true,66
2026-09-22 23:44:35.797,35.877829,139.740458,4.852,7.5,true,66
2026-09-22 23:44:41.703,35.877829,139.740458,5.046,5.9,false,65
2026-09-22 23:44:49.334,35.877829,139.7404582,5.035,7.6,true,65
2026-09-22 23:44:56.790,35.877829,139.7404586,5.026,7.5,true,65
2026-09-22 23:45:02.520,35.8778292,139.7404581,4.92,5.7,false,65
2026-09-22 23:45:10.132,35.8778296,139.7404569,4.894,7.6,true,65
2026-09-22 23:45:17.582,35.8778297,139.7404564,4.936,7.5,true,65
2026-09-22 23:45:25.196,35.8778297,139.7404559,4.991,7.6,true,65
2026-09-22 23:45:32.731,35.8778299,139.7404562,4.766,7.5,true,65
2026-09-22 23:45:40.370,35.8778297,139.7404563,4.997,7.6,true,65
2026-09-22 23:45:47.934,35.8778294,139.7404565,4.782,7.6,true,65
2026-09-22 23:45:55.483,35.8778294,139.7404566,5.001,7.5,true,65
2026-09-22 23:46:03.056,35.8778318,139.7404547,4.615,7.6,true,65
2026-09-22 23:46:10.644,35.8778322,139.7404547,4.837,7.6,true,65
2026-09-22 23:46:18.215,35.8778314,139.7404565,4.631,7.6,true,65
2026-09-22 23:46:25.792,35.8778315,139.7404567,4.841,7.6,true,65
2026-09-22 23:46:33.433,35.8778313,139.7404571,4.868,7.6,true,65
2026-09-22 23:46:40.948,35.8778307,139.7404574,4.75,7.5,true,65
2026-09-22 23:46:48.535,35.8778307,139.7404574,5.013,7.6,true,65
2026-09-22 23:46:56.134,35.8778313,139.7404569,5.042,7.6,true,65
2026-09-22 23:47:02.460,35.8778309,139.7404574,4.988,6.3,false,65
2026-09-22 23:47:07.322,35.8778307,139.7404575,4.927,4.9,false,65
2026-09-22 23:47:18.836,35.8778295,139.7404617,6.235,11.5,true,65
2026-09-22 23:47:26.288,35.8778419,139.7404417,18.014,7.5,true,65
2026-09-22 23:47:33.852,35.8778389,139.7404515,11.903,7.6,true,65
2026-09-22 23:47:41.394,35.8778426,139.7404492,8.656,7.5,true,65
2026-09-22 23:47:49.001,35.8778427,139.7404495,8.664,7.6,true,65
2026-09-22 23:47:56.594,35.877843,139.7404499,7.394,7.6,true,65
2026-09-22 23:48:00.991,35.8778449,139.7404461,7.528,4.4,false,65
2026-09-22 23:48:06.647,35.8778429,139.7404581,9.353,5.7,false,65
2026-09-22 23:48:11.445,35.8778382,139.7404594,8.719,4.8,false,65
2026-09-22 23:48:16.535,35.8778354,139.7404615,8.499,5.1,false,65
2026-09-22 23:48:21.572,35.87784,139.7404571,8.166,5.0,false,65
2026-09-22 23:48:26.439,35.8778412,139.7404593,8.3,4.9,false,65
2026-09-22 23:48:31.991,35.8778398,139.740458,8.803,5.6,false,65
2026-09-22 23:48:36.647,35.8778402,139.7404596,8.632,4.7,false,65
2026-09-22 23:48:41.532,35.877843,139.7404574,8.668,4.9,false,65
2026-09-22 23:48:47.407,35.8778409,139.7404601,8.302,5.9,false,65
2026-09-22 23:48:53.264,35.8778436,139.7404663,8.596,5.9,false,65
2026-09-22 23:49:00.646,35.8778428,139.740462,8.79,7.4,true,65
2026-09-22 23:49:08.105,35.8778378,139.7404743,7.986,7.5,true,65
2026-09-22 23:49:15.530,35.877838,139.7404686,7.163,7.4,true,65
2026-09-22 23:49:21.289,35.877839,139.7404641,7.015,5.8,false,65
2026-09-22 23:49:28.729,35.8778394,139.7404637,7.738,7.4,true,65
2026-09-22 23:49:34.480,35.8778403,139.7404599,7.604,5.8,false,65
2026-09-22 23:49:41.995,35.8778408,139.7404585,7.203,7.5,true,65
2026-09-22 23:49:47.051,35.8778419,139.740456,6.559,5.1,false,65
2026-09-22 23:49:51.926,35.8778416,139.7404552,6.147,4.9,false,65
2026-09-22 23:49:57.498,35.8778407,139.7404551,6.151,5.6,false,65
2026-09-22 23:50:02.778,35.8778427,139.7404578,6.483,5.3,false,65
2026-09-22 23:50:07.440,35.8778453,139.740456,6.531,4.7,false,65
2026-09-22 23:50:17.859,35.8778421,139.7404599,7.723,10.4,true,65
2026-09-22 23:50:23.336,35.8778419,139.7404588,7.298,5.5,false,65
2026-09-22 23:50:27.921,35.8778423,139.7404576,8.021,4.6,false,65
2026-09-22 23:50:32.722,35.8778425,139.7404587,8.346,4.8,false,64
2026-09-22 23:50:38.481,35.8778403,139.7404566,8.23,5.8,false,64
2026-09-22 23:50:43.038,35.8778398,139.7404617,8.15,4.6,false,64
2026-09-22 23:50:47.761,35.8778382,139.740458,8.361,4.7,false,64
2026-09-22 23:50:52.287,35.8778391,139.7404515,7.811,4.5,false,64
2026-09-22 23:50:58.123,35.8778405,139.7404521,7.341,5.8,false,64
2026-09-22 23:51:02.690,35.8778404,139.7404542,7.347,4.6,false,64
2026-09-22 23:51:07.575,35.877844,139.7404589,7.23,4.9,false,64
2026-09-22 23:51:12.235,35.8778425,139.7404634,7.745,4.7,false,64
2026-09-22 23:51:17.520,35.8778401,139.7404816,8.032,5.3,false,64
2026-09-22 23:51:24.318,35.8778392,139.7404836,9.561,6.8,false,64
2026-09-22 23:51:29.806,35.8778336,139.7405012,9.666,5.5,false,64
2026-09-22 23:51:39.981,35.8778147,139.7405395,8.83,10.2,true,64
2026-09-22 23:51:47.507,35.8778109,139.7405452,10.419,7.5,true,64
2026-09-22 23:51:54.990,35.8777926,139.7405662,7.403,7.5,true,64
2026-09-22 23:52:02.450,35.8777898,139.7405703,7.974,7.5,true,64
2026-09-22 23:52:09.966,35.8777847,139.7405779,7.227,7.5,true,64
2026-09-22 23:52:17.542,35.8777819,139.7405834,7.23,7.6,true,64
2026-09-22 23:52:25.022,35.87778,139.7405884,7.353,7.5,true,64
2026-09-22 23:52:32.600,35.8777795,139.7405911,7.221,7.6,true,64
2026-09-22 23:52:40.155,35.8777798,139.740595,7.547,7.6,true,64
2026-09-22 23:52:47.647,35.8777792,139.7405973,7.697,7.5,true,64
2026-09-22 23:52:55.119,35.8777771,139.7406034,7.403,7.5,true,64
2026-09-22 23:53:02.630,35.8777767,139.7406049,7.976,7.5,true,64
2026-09-22 23:53:10.155,35.8777768,139.740604,7.159,7.5,true,64
2026-09-22 23:53:17.615,35.8777769,139.7406046,7.668,7.5,true,64
2026-09-22 23:53:25.110,35.8777781,139.740602,6.612,7.5,true,64
2026-09-22 23:53:32.580,35.8777784,139.740602,6.981,7.5,true,64
2026-09-22 23:53:40.189,35.8777774,139.7406068,7.099,7.6,true,64
2026-09-22 23:53:47.733,35.877777,139.7406062,6.756,7.5,true,64
2026-09-22 23:53:55.178,35.8777769,139.7406074,6.595,7.4,true,64
2026-09-22 23:54:02.698,35.8777777,139.7406078,6.433,7.5,true,64
2026-09-22 23:54:10.289,35.8777764,139.7406101,5.821,7.6,true,64
2026-09-22 23:54:17.751,35.8777764,139.7406104,6.143,7.5,true,64
2026-09-22 23:54:25.228,35.8777754,139.7406113,6.106,7.5,true,64
2026-09-22 23:54:32.722,35.8777753,139.7406117,6.064,7.5,true,64
2026-09-22 23:54:40.210,35.8777753,139.740612,6.029,7.5,true,64
2026-09-22 23:54:47.725,35.8777742,139.7406127,5.942,7.5,true,64
2026-09-22 23:54:55.287,35.8777744,139.7406115,5.823,7.6,true,64
2026-09-22 23:55:02.781,35.8777735,139.7406115,5.746,7.5,true,64
2026-09-22 23:55:10.406,35.8777731,139.7406108,5.685,7.6,true,64
2026-09-22 23:55:17.868,35.8777736,139.7406114,5.662,7.5,true,64
2026-09-22 23:55:25.449,35.8777735,139.7406113,5.621,7.6,true,64
2026-09-22 23:55:32.887,35.8777732,139.7406125,5.604,7.4,true,64
2026-09-22 23:55:40.484,35.8777737,139.7406123,5.633,7.6,true,64
2026-09-22 23:55:47.995,35.8777743,139.7406122,5.617,7.5,true,64
2026-09-22 23:55:55.468,35.8777743,139.7406114,5.592,7.5,true,64
2026-09-22 23:56:03.013,35.8777749,139.7406103,5.569,7.5,true,64
2026-09-22 23:56:10.506,35.8777759,139.7406112,5.393,7.5,true,64
2026-09-22 23:56:18.085,35.8777752,139.7406127,5.457,7.6,true,64
2026-09-22 23:56:25.544,35.8777745,139.7406165,5.257,7.5,true,64
2026-09-22 23:56:32.996,35.8777745,139.7406168,5.501,7.5,true,64
2026-09-22 23:56:40.499,35.8777733,139.7406206,5.226,7.5,true,64
2026-09-22 23:56:47.968,35.8777735,139.7406211,5.466,7.5,true,64
2026-09-22 23:56:55.439,35.8777741,139.7406211,5.122,7.5,true,64
2026-09-22 23:57:03.010,35.8777742,139.7406213,5.368,7.6,true,64
2026-09-22 23:57:10.500,35.8777743,139.740621,5.028,7.5,true,64
2026-09-22 23:57:17.997,35.8777745,139.7406209,5.253,7.5,true,64
2026-09-22 23:57:25.531,35.877775,139.7406207,5.224,7.5,true,64
2026-09-22 23:57:33.015,35.8777755,139.7406202,5.207,7.5,true,64
2026-09-22 23:57:40.616,35.8777752,139.7406202,5.204,7.6,true,64
2026-09-22 23:57:48.112,35.8777753,139.7406206,5.203,7.5,true,64
2026-09-22 23:57:55.652,35.8777754,139.7406204,5.174,7.5,true,64
2026-09-22 23:58:03.110,35.877774,139.7406209,5.458,7.5,true,64
2026-09-22 23:58:10.671,35.8777738,139.7406208,5.324,7.6,true,64
2026-09-22 23:58:18.182,35.8777739,139.7406221,5.239,7.5,true,64
2026-09-22 23:58:25.709,35.8777745,139.7406224,5.188,7.5,true,64
2026-09-22 23:58:33.197,35.8777744,139.7406231,4.942,7.5,true,64
2026-09-22 23:58:40.734,35.8777744,139.7406232,5.15,7.5,true,64
2026-09-22 23:58:48.287,35.8777746,139.7406224,5.172,7.6,true,64
2026-09-22 23:58:55.774,35.8777742,139.7406231,4.935,7.5,true,64
2026-09-22 23:59:03.231,35.8777741,139.7406231,5.159,7.5,true,64
2026-09-22 23:59:10.740,35.8777737,139.7406232,5.024,7.5,true,64
2026-09-22 23:59:18.299,35.8777741,139.7406232,5.014,7.6,true,64
2026-09-22 23:59:25.799,35.8777727,139.7406243,4.772,7.5,true,64
2026-09-22 23:59:33.334,35.8777727,139.7406244,4.977,7.5,true,64
2026-09-22 23:59:40.821,35.8777742,139.7406254,4.791,7.5,true,64
2026-09-22 23:59:48.281,35.8777742,139.7406255,4.998,7.5,true,64
2026-09-22 23:59:55.805,35.8777744,139.740626,5.035,7.5,true,64
2026-09-23 00:00:03.187,35.877774,139.7406266,4.828,7.4,true,64
2026-09-23 00:00:10.718,35.877774,139.7406266,5.061,7.5,true,64
2026-09-23 00:00:18.297,35.8777748,139.7406266,5.138,7.6,true,64
2026-09-23 00:00:25.702,35.8777769,139.7406269,4.86,7.4,true,64
2026-09-23 00:00:33.250,35.8777771,139.7406269,5.098,7.5,true,64
2026-09-23 00:00:40.758,35.8777779,139.740626,5.061,7.5,true,64
2026-09-23 00:00:48.203,35.8777771,139.7406273,5.06,7.4,true,64
2026-09-23 00:00:55.692,35.8777772,139.7406274,5.037,7.5,true,64
2026-09-23 00:01:03.134,35.8777775,139.7406275,5.027,7.4,true,64
2026-09-23 00:01:10.746,35.8777765,139.7406291,5.006,7.6,true,64
2026-09-23 00:01:18.250,35.8777783,139.7406285,5.001,7.5,true,64
2026-09-23 00:01:25.753,35.8777782,139.7406281,4.982,7.5,true,64
2026-09-23 00:01:33.260,35.8777777,139.7406282,4.982,7.5,true,64
2026-09-23 00:01:40.810,35.8777772,139.7406282,4.777,7.6,true,64
2026-09-23 00:01:48.306,35.8777772,139.7406282,5.032,7.5,true,64
2026-09-23 00:01:55.786,35.8777778,139.7406277,4.775,7.5,true,64
2026-09-23 00:02:03.240,35.8777779,139.7406276,4.995,7.5,true,64
2026-09-23 00:02:10.740,35.8777821,139.740627,5.033,7.5,true,64
2026-09-23 00:02:18.253,35.8777829,139.7406245,5.028,7.5,true,64
2026-09-23 00:02:25.698,35.8777837,139.7406216,5.144,7.4,true,64
2026-09-23 00:02:33.214,35.8777827,139.7406241,5.044,7.5,true,64
2026-09-23 00:02:40.717,35.8777825,139.7406245,5.056,7.5,true,64
2026-09-23 00:02:48.233,35.8777823,139.7406234,5.049,7.5,true,64
2026-09-23 00:02:55.697,35.8777836,139.7406223,5.084,7.5,true,64
2026-09-23 00:03:03.199,35.8777832,139.7406234,5.059,7.5,true,64
2026-09-23 00:03:10.679,35.8777871,139.7406247,5.117,7.5,true,64
2026-09-23 00:03:18.160,35.8777885,139.7406231,5.277,7.5,true,64
2026-09-23 00:03:25.729,35.8777899,139.7406229,5.258,7.6,true,63
2026-09-23 00:03:33.157,35.8777934,139.7406227,5.318,7.4,true,63
2026-09-23 00:03:40.676,35.8777926,139.7406231,5.284,7.5,true,63
2026-09-23 00:03:48.133,35.8777901,139.7406242,4.955,7.5,true,63
2026-09-23 00:03:55.646,35.8777901,139.7406238,5.189,7.5,true,63
2026-09-23 00:04:03.117,35.8777986,139.7406239,5.056,7.5,true,63
2026-09-23 00:04:10.603,35.8777989,139.7406235,5.315,7.5,true,63
2026-09-23 00:04:18.061,35.8778013,139.7406226,5.493,7.5,true,63
2026-09-23 00:04:25.565,35.8777992,139.7406241,5.458,7.5,true,63
2026-09-23 00:04:33.119,35.8777977,139.7406259,5.427,7.6,true,63
2026-09-23 00:04:40.570,35.8777977,139.7406274,5.413,7.5,true,63
2026-09-23 00:04:48.050,35.877797,139.7406276,5.447,7.5,true,63
2026-09-23 00:04:55.552,35.8777952,139.7406274,5.433,7.5,true,63
2026-09-23 00:05:03.018,35.8777962,139.7406275,5.416,7.5,true,63
2026-09-23 00:05:10.535,35.8777951,139.7406277,5.41,7.5,true,63
2026-09-23 00:05:17.982,35.8777942,139.7406275,5.4,7.4,true,63
2026-09-23 00:05:25.500,35.8777942,139.7406276,5.391,7.5,true,63
2026-09-23 00:05:33.009,35.8777937,139.7406289,5.381,7.5,true,63
2026-09-23 00:05:40.724,35.8777932,139.7406268,5.324,7.7,true,63
2026-09-23 00:05:48.161,35.8777917,139.7406266,5.317,7.4,true,63
2026-09-23 00:05:55.644,35.8777916,139.7406269,5.043,7.5,true,63
2026-09-23 00:06:03.230,35.8777915,139.7406269,5.32,7.6,true,63
2026-09-23 00:06:10.747,35.8777906,139.7406273,5.272,7.5,true,63
2026-09-23 00:06:18.284,35.8777916,139.7406271,5.234,7.5,true,63
2026-09-23 00:06:25.735,35.8777903,139.7406271,5.223,7.5,true,63
2026-09-23 00:06:33.222,35.8777942,139.7406284,5.249,7.5,true,63
2026-09-23 00:06:40.680,35.8777934,139.7406282,5.247,7.5,true,63
2026-09-23 00:06:48.182,35.8777931,139.7406294,5.214,7.5,true,63
2026-09-23 00:06:55.715,35.8777918,139.7406303,5.291,7.5,true,63
2026-09-23 00:07:03.117,35.877794,139.7406312,5.218,7.4,true,63
2026-09-23 00:07:10.719,35.8777927,139.7406316,5.097,7.6,true,63
2026-09-23 00:07:18.159,35.8777916,139.7406314,4.988,7.4,true,63
2026-09-23 00:07:25.635,35.8777911,139.7406311,4.945,7.5,true,63
2026-09-23 00:07:33.120,35.8777901,139.7406321,4.918,7.5,true,63
2026-09-23 00:07:40.695,35.8777893,139.7406318,4.913,7.6,true,63
2026-09-23 00:07:48.170,35.8777912,139.7406312,4.908,7.5,true,63
2026-09-23 00:07:55.656,35.877791,139.7406312,4.899,7.5,true,63
2026-09-23 00:08:03.162,35.8777898,139.7406316,4.831,7.5,true,63
2026-09-23 00:08:10.712,35.8777891,139.7406313,4.883,7.5,true,63
2026-09-23 00:08:18.196,35.8777884,139.7406303,4.905,7.5,true,63
2026-09-23 00:08:25.664,35.8777874,139.7406317,4.964,7.5,true,63
2026-09-23 00:08:33.096,35.8777866,139.7406325,5.007,7.4,true,63
2026-09-23 00:08:40.645,35.877787,139.7406335,5.023,7.5,true,63
2026-09-23 00:08:48.066,35.8777901,139.7406341,5.005,7.4,true,63
2026-09-23 00:08:55.574,35.87779,139.7406351,4.994,7.5,true,63
2026-09-23 00:09:03.009,35.8777919,139.7406357,5.008,7.4,true,63
2026-09-23 00:09:10.510,35.8777922,139.7406364,4.93,7.5,true,63
2026-09-23 00:09:17.969,35.8777915,139.7406364,4.952,7.5,true,63
2026-09-23 00:09:25.459,35.87779,139.7406372,5.004,7.5,true,63
2026-09-23 00:09:32.918,35.8777909,139.7406362,5.057,7.5,true,63
2026-09-23 00:09:40.434,35.8777901,139.7406349,5.1,7.5,true,63
2026-09-23 00:09:47.992,35.8777898,139.7406329,5.105,7.6,true,63
2026-09-23 00:09:55.471,35.8777899,139.740633,5.128,7.5,true,63
2026-09-23 00:10:02.984,35.8777893,139.7406323,5.152,7.5,true,63
2026-09-23 00:10:10.416,35.8777888,139.7406329,5.156,7.4,true,63
2026-09-23 00:10:17.893,35.8777905,139.7406346,5.001,7.5,true,63
2026-09-23 00:10:25.330,35.8777906,139.7406346,5.212,7.4,true,63
2026-09-23 00:10:32.834,35.8777889,139.7406357,5.02,7.5,true,63
2026-09-23 00:10:40.378,35.8777885,139.7406349,5.063,7.5,true,63
2026-09-23 00:10:47.916,35.8777886,139.7406348,5.352,7.5,true,63
2026-09-23 00:10:55.465,35.8777863,139.740637,5.405,7.5,true,63
2026-09-23 00:11:03.038,35.8777847,139.7406386,5.43,7.6,true,63
2026-09-23 00:11:10.594,35.8777856,139.7406387,5.429,7.6,true,63
2026-09-23 00:11:18.108,35.8777846,139.7406387,5.429,7.5,true,63
2026-09-23 00:11:25.639,35.8777841,139.7406377,5.469,7.5,true,63
2026-09-23 00:11:33.169,35.8777836,139.7406382,5.476,7.5,true,63
2026-09-23 00:11:40.689,35.8777827,139.7406377,5.499,7.5,true,63
2026-09-23 00:11:48.259,35.8777822,139.7406381,5.534,7.6,true,63
2026-09-23 00:11:55.817,35.8777823,139.7406366,5.514,7.6,true,63
2026-09-23 00:12:03.387,35.8777818,139.7406359,5.503,7.6,true,63
2026-09-23 00:12:10.856,35.8777811,139.7406341,5.43,7.5,true,63
2026-09-23 00:12:18.416,35.8777809,139.7406336,5.397,7.6,true,63
2026-09-23 00:12:26.005,35.8777807,139.7406328,5.393,7.6,true,63
2026-09-23 00:12:33.542,35.8777805,139.7406331,5.375,7.5,true,63
2026-09-23 00:12:40.976,35.8777802,139.7406329,5.351,7.4,true,63
2026-09-23 00:12:48.594,35.8777816,139.7406292,5.375,7.6,true,63
2026-09-23 00:12:56.150,35.877781,139.7406299,5.373,7.6,true,63
2026-09-23 00:13:03.674,35.8777803,139.7406304,5.353,7.5,true,63
2026-09-23 00:13:11.271,35.8777795,139.7406317,4.967,7.6,true,63
2026-09-23 00:13:18.821,35.8777795,139.7406317,5.198,7.6,true,63
2026-09-23 00:13:26.320,35.8777793,139.7406313,5.024,7.5,true,63
2026-09-23 00:13:33.737,35.8777795,139.740632,5.02,7.4,true,63
2026-09-23 00:13:41.402,35.8777796,139.7406318,5.28,7.7,true,63
2026-09-23 00:13:48.938,35.8777793,139.7406318,5.288,7.5,true,63
2026-09-23 00:13:56.448,35.8777795,139.7406316,5.297,7.5,true,63
2026-09-23 00:14:03.956,35.8777794,139.7406298,5.084,7.5,true,63
2026-09-23 00:14:11.559,35.8777797,139.7406294,5.328,7.6,true,63
2026-09-23 00:14:19.130,35.8777783,139.740631,5.236,7.6,true,63
2026-09-23 00:14:26.614,35.8777784,139.74063,5.299,7.5,true,63
2026-09-23 00:14:34.122,35.877778,139.7406318,5.283,7.5,true,63
2026-09-23 00:14:41.630,35.8777809,139.7406314,5.227,7.5,true,63
2026-09-23 00:14:49.213,35.8777802,139.7406318,5.192,7.6,true,63
2026-09-23 00:14:56.743,35.8777793,139.7406325,5.153,7.5,true,63
2026-09-23 00:15:04.233,35.8777791,139.7406316,5.159,7.5,true,63
2026-09-23 00:15:11.807,35.8777779,139.7406305,4.967,7.6,true,63
2026-09-23 00:15:19.401,35.8777777,139.7406304,5.245,7.6,true,63
2026-09-23 00:15:26.813,35.8777774,139.7406303,5.267,7.4,true,63
2026-09-23 00:15:34.415,35.8777767,139.7406309,5.275,7.6,true,63
2026-09-23 00:15:41.889,35.8777763,139.7406306,5.278,7.5,true,63
2026-09-23 00:15:49.414,35.8777756,139.7406306,5.274,7.5,true,63
2026-09-23 00:15:56.933,35.8777751,139.7406302,5.261,7.5,true,63
2026-09-23 00:16:04.441,35.8777752,139.7406301,5.266,7.5,true,63
2026-09-23 00:16:11.994,35.8777754,139.7406294,5.244,7.6,true,63
2026-09-23 00:16:19.552,35.8777747,139.7406294,5.239,7.6,true,63
2026-09-23 00:16:27.047,35.8777751,139.7406293,5.238,7.5,true,63
2026-09-23 00:16:34.571,35.8777751,139.7406284,5.243,7.5,true,63
2026-09-23 00:16:42.045,35.8777753,139.7406281,5.183,7.5,true,63
2026-09-23 00:16:49.506,35.8777757,139.7406281,5.11,7.5,true,63
2026-09-23 00:16:57.026,35.8777756,139.7406286,5.062,7.5,true,63
2026-09-23 00:17:04.558,35.8777757,139.7406275,5.036,7.5,true,63
2026-09-23 00:17:12.105,35.8777805,139.7406267,5.12,7.5,true,63
2026-09-23 00:17:19.613,35.8777803,139.7406264,5.116,7.5,true,63
2026-09-23 00:17:27.193,35.8777796,139.7406281,5.057,7.6,true,63
2026-09-23 00:17:34.700,35.8777792,139.7406277,5.022,7.5,true,63
2026-09-23 00:17:42.274,35.8777807,139.7406262,4.827,7.6,true,63
2026-09-23 00:17:49.778,35.8777804,139.7406262,4.871,7.5,true,63
2026-09-23 00:17:57.271,35.8777805,139.7406261,5.137,7.5,true,63
2026-09-23 00:18:04.783,35.8777807,139.7406278,5.156,7.5,true,63
2026-09-23 00:18:12.327,35.877782,139.7406285,5.195,7.5,true,63
2026-09-23 00:18:19.886,35.8777815,139.7406279,4.943,7.6,true,63
2026-09-23 00:18:27.386,35.8777817,139.7406276,5.228,7.5,true,63
2026-09-23 00:18:34.928,35.8777817,139.7406274,4.982,7.5,true,63
2026-09-23 00:18:42.458,35.8777817,139.7406271,5.2,7.5,true,63
2026-09-23 00:18:50.022,35.8777815,139.7406273,4.929,7.6,true,63
2026-09-23 00:18:57.509,35.8777816,139.7406271,5.162,7.5,true,63
2026-09-23 00:19:05.038,35.877782,139.7406266,5.154,7.5,true,63
2026-09-23 00:19:12.494,35.877782,139.7406267,5.115,7.5,true,63
2026-09-23 00:19:20.034,35.8777825,139.7406249,4.948,7.5,true,63
2026-09-23 00:19:27.509,35.8777826,139.7406246,5.155,7.5,true,63
2026-09-23 00:19:35.081,35.8777819,139.7406243,4.887,7.6,true,63
2026-09-23 00:19:42.602,35.877782,139.7406241,5.113,7.5,true,63
2026-09-23 00:19:50.114,35.877784,139.7406251,5.11,7.5,true,63
2026-09-23 00:19:57.597,35.877784,139.7406251,5.069,7.5,true,63
2026-09-23 00:20:05.183,35.8777833,139.7406257,4.799,7.6,true,62
2026-09-23 00:20:12.601,35.8777834,139.7406255,5.03,7.4,true,62
2026-09-23 00:20:20.210,35.8777824,139.7406265,5.03,7.6,true,62
2026-09-23 00:20:27.738,35.8777814,139.7406262,5.031,7.5,true,62
2026-09-23 00:20:35.310,35.877781,139.7406275,4.745,7.6,true,62
2026-09-23 00:20:42.733,35.8777809,139.7406276,4.957,7.4,true,62
2026-09-23 00:20:50.284,35.8777801,139.7406287,4.893,7.6,true,62
2026-09-23 00:20:57.841,35.8777797,139.7406288,4.866,7.6,true,62
2026-09-23 00:21:05.272,35.8777789,139.7406289,4.632,7.4,true,62
2026-09-23 00:21:12.793,35.8777787,139.7406289,4.874,7.5,true,62
2026-09-23 00:21:20.375,35.8777782,139.7406285,4.874,7.6,true,62
2026-09-23 00:21:27.803,35.8777782,139.7406279,4.887,7.4,true,62
2026-09-23 00:21:35.341,35.8777777,139.7406275,4.898,7.5,true,62
2026-09-23 00:21:42.861,35.8777768,139.7406286,4.888,7.5,true,62
2026-09-23 00:21:50.416,35.8777771,139.7406283,4.89,7.6,true,62
2026-09-23 00:21:57.913,35.8777771,139.7406282,4.877,7.5,true,62
2026-09-23 00:22:05.416,35.8777772,139.7406278,4.899,7.5,true,62
2026-09-23 00:22:12.981,35.8777776,139.740628,4.909,7.6,true,62
2026-09-23 00:22:20.508,35.8777777,139.740628,4.94,7.5,true,62
2026-09-23 00:22:27.938,35.8777783,139.7406271,4.971,7.4,true,62
2026-09-23 00:22:35.429,35.8777782,139.7406267,5.019,7.5,true,62
2026-09-23 00:22:42.895,35.8777781,139.7406269,5.041,7.5,true,62
2026-09-23 00:22:50.476,35.877778,139.7406271,5.124,7.6,true,62
2026-09-23 00:22:57.924,35.8777784,139.7406255,5.142,7.4,true,62
2026-09-23 00:23:05.490,35.8777781,139.7406257,5.124,7.6,true,62
2026-09-23 00:23:12.972,35.8777782,139.740626,5.145,7.5,true,62
2026-09-23 00:23:20.494,35.8777815,139.7406267,5.202,7.5,true,62
2026-09-23 00:23:28.079,35.8777826,139.7406244,5.254,7.6,true,62
2026-09-23 00:23:35.542,35.8777827,139.7406242,5.259,7.5,true,62
2026-09-23 00:23:43.110,35.8777824,139.7406246,5.265,7.6,true,62
2026-09-23 00:23:50.623,35.8777825,139.7406243,5.194,7.5,true,62
2026-09-23 00:23:58.127,35.877781,139.740626,5.202,7.5,true,62
2026-09-23 00:24:05.557,35.8777798,139.7406266,4.97,7.4,true,62
2026-09-23 00:24:13.209,35.8777798,139.7406265,5.236,7.7,true,62
2026-09-23 00:24:20.746,35.8777807,139.7406238,5.286,7.5,true,62
2026-09-23 00:24:28.278,35.8777801,139.740625,5.253,7.5,true,62
2026-09-23 00:24:35.763,35.8777796,139.7406239,5.22,7.5,true,62
2026-09-23 00:24:43.296,35.877778,139.7406252,5.155,7.5,true,62
2026-09-23 00:24:50.811,35.8777775,139.7406253,5.204,7.5,true,62
2026-09-23 00:24:58.290,35.8777773,139.7406251,5.1,7.5,true,62
2026-09-23 00:25:05.751,35.8777772,139.7406264,5.037,7.5,true,62
2026-09-23 00:25:13.280,35.8777772,139.7406272,4.975,7.5,true,62
2026-09-23 00:25:20.722,35.8777767,139.7406271,4.947,7.4,true,62
2026-09-23 00:25:28.181,35.8777764,139.7406281,4.95,7.5,true,62
2026-09-23 00:25:35.660,35.8777764,139.7406284,4.974,7.5,true,62
2026-09-23 00:25:43.165,35.877776,139.7406287,4.995,7.5,true,62
2026-09-23 00:25:50.736,35.8777756,139.7406293,4.996,7.6,true,62
2026-09-23 00:25:58.176,35.8777749,139.7406294,5.044,7.4,true,62
2026-09-23 00:26:05.775,35.8777745,139.7406297,5.088,7.6,true,62
2026-09-23 00:26:13.340,35.8777744,139.7406296,5.137,7.6,true,62
2026-09-23 00:26:20.833,35.8777746,139.7406283,5.151,7.5,true,62
2026-09-23 00:26:28.365,35.8777744,139.7406294,5.153,7.5,true,62
2026-09-23 00:26:35.879,35.8777747,139.7406281,5.126,7.5,true,62
2026-09-23 00:26:43.440,35.8777742,139.7406271,5.12,7.6,true,62
2026-09-23 00:26:50.971,35.8777743,139.7406259,5.093,7.5,true,62
2026-09-23 00:26:58.453,35.8777764,139.7406239,5.001,7.5,true,62
2026-09-23 00:27:06.040,35.877776,139.7406237,4.97,7.6,true,62
2026-09-23 00:27:13.595,35.8777764,139.7406227,4.735,7.6,true,62
2026-09-23 00:27:21.159,35.8777764,139.7406226,4.966,7.6,true,62
2026-09-23 00:27:28.730,35.8777761,139.7406227,4.956,7.6,true,62
2026-09-23 00:27:36.278,35.8777758,139.7406229,4.93,7.5,true,62
2026-09-23 00:27:43.752,35.8777772,139.7406223,4.719,7.5,true,62
2026-09-23 00:27:51.403,35.8777772,139.7406223,4.953,7.7,true,62
2026-09-23 00:27:58.958,35.8777773,139.7406218,4.991,7.6,true,62
2026-09-23 00:28:06.500,35.8777772,139.7406215,5.037,7.5,true,62
2026-09-23 00:28:14.026,35.8777769,139.7406217,5.045,7.5,true,62
2026-09-23 00:28:21.589,35.8777769,139.7406215,5.089,7.6,true,62
2026-09-23 00:28:29.164,35.8777766,139.7406209,5.15,7.6,true,62
2026-09-23 00:28:36.734,35.8777773,139.740623,5.214,7.6,true,62
2026-09-23 00:28:44.262,35.8777769,139.7406233,5.202,7.5,true,62
2026-09-23 00:28:51.778,35.8777768,139.7406234,4.917,7.5,true,62
2026-09-23 00:28:59.329,35.8777768,139.7406236,5.168,7.6,true,62
2026-09-23 00:29:06.797,35.8777782,139.7406217,5.151,7.5,true,62
2026-09-23 00:29:14.368,35.8777783,139.740622,5.252,7.6,true,62
2026-09-23 00:29:21.870,35.8777791,139.7406214,4.952,7.5,true,62
2026-09-23 00:29:29.350,35.8777791,139.7406211,5.182,7.5,true,62
2026-09-23 00:29:36.918,35.8777784,139.7406212,5.147,7.6,true,62
2026-09-23 00:29:44.430,35.8777796,139.7406194,5.078,7.5,true,62
2026-09-23 00:29:52.014,35.8777792,139.7406197,5.062,7.6,true,62
2026-09-23 00:29:59.503,35.8777794,139.7406194,5.055,7.5,true,62
2026-09-23 00:30:06.992,35.8777797,139.7406197,5.067,7.5,true,62
2026-09-23 00:30:14.526,35.8777778,139.7406194,5.008,7.5,true,62
2026-09-23 00:30:22.055,35.8777774,139.74062,5.073,7.5,true,62
2026-09-23 00:30:29.652,35.8777772,139.7406212,5.113,7.6,true,62
2026-09-23 00:30:37.202,35.8777808,139.7406201,4.841,7.6,true,62
2026-09-23 00:30:44.772,35.8777811,139.7406201,5.067,7.6,true,62
2026-09-23 00:30:52.318,35.8777812,139.7406205,5.076,7.5,true,62
2026-09-23 00:30:59.874,35.8777829,139.740621,4.876,7.6,true,62
2026-09-23 00:31:07.399,35.8777829,139.740621,5.132,7.5,true,62
2026-09-23 00:31:14.884,35.8777831,139.740621,5.08,7.5,true,62
2026-09-23 00:31:22.412,35.8777818,139.7406224,5.114,7.5,true,62
2026-09-23 00:31:29.986,35.8777803,139.7406252,5.144,7.6,true,62
2026-09-23 00:31:37.504,35.8777797,139.740626,5.178,7.5,true,62
2026-09-23 00:31:45.040,35.8777797,139.7406266,5.175,7.5,true,62
2026-09-23 00:31:52.552,35.87778,139.7406261,5.144,7.5,true,62
2026-09-23 00:32:00.051,35.8777802,139.7406256,5.157,7.5,true,62
2026-09-23 00:32:07.620,35.8777797,139.7406254,5.146,7.6,true,62
2026-09-23 00:32:15.062,35.8777812,139.7406259,5.225,7.4,true,62
2026-09-23 00:32:22.554,35.8777803,139.7406257,4.827,7.5,true,62
2026-09-23 00:32:30.146,35.8777803,139.7406255,5.046,7.6,true,62
2026-09-23 00:32:37.639,35.8777813,139.740624,4.752,7.5,true,62
2026-09-23 00:32:45.117,35.8777814,139.7406236,5.0,7.5,true,62
2026-09-23 00:32:52.597,35.8777815,139.7406249,5.012,7.5,true,62
2026-09-23 00:33:00.043,35.8777821,139.7406247,5.031,7.4,true,62
2026-09-23 00:33:07.621,35.8777817,139.740625,5.056,7.6,true,62
2026-09-23 00:33:15.194,35.8777811,139.7406256,5.055,7.6,true,62
2026-09-23 00:33:22.689,35.8777819,139.7406234,5.135,7.5,true,62
2026-09-23 00:33:30.246,35.8777812,139.7406243,5.116,7.6,true,62
2026-09-23 00:33:37.744,35.8777809,139.7406252,5.095,7.5,true,62
2026-09-23 00:33:45.223,35.8777795,139.7406271,4.822,7.5,true,62
2026-09-23 00:33:52.766,35.8777795,139.7406272,5.063,7.5,true,62
2026-09-23 00:34:00.214,35.8777812,139.7406261,5.061,7.4,true,62
2026-09-23 00:34:07.761,35.8777806,139.7406262,5.024,7.5,true,62
2026-09-23 00:34:15.337,35.87778,139.740627,4.993,7.6,true,62
2026-09-23 00:34:22.868,35.8777801,139.7406269,4.931,7.5,true,62
2026-09-23 00:34:30.406,35.8777808,139.7406256,4.889,7.5,true,62
2026-09-23 00:34:38.005,35.8777812,139.7406247,4.854,7.6,true,62
2026-09-23 00:34:45.491,35.8777809,139.7406241,4.573,7.5,true,62
2026-09-23 00:34:53.005,35.8777811,139.740624,4.802,7.5,true,62
2026-09-23 00:35:00.491,35.8777805,139.7406248,4.846,7.5,true,62
2026-09-23 00:35:08.052,35.8777802,139.7406249,4.876,7.6,true,62
2026-09-23 00:35:15.605,35.8777793,139.7406271,4.684,7.6,true,62
2026-09-23 00:35:23.214,35.8777792,139.7406269,4.933,7.6,true,62
2026-09-23 00:35:30.727,35.8777791,139.740627,4.833,7.5,true,62
2026-09-23 00:35:38.169,35.8777792,139.740628,4.676,7.4,true,62
2026-09-23 00:35:45.736,35.8777793,139.7406279,4.927,7.6,true,62
2026-09-23 00:35:53.238,35.8777799,139.7406275,4.943,7.5,true,62
2026-09-23 00:36:00.762,35.8777802,139.7406271,4.959,7.5,true,62
2026-09-23 00:36:08.286,35.8777797,139.7406274,4.963,7.5,true,62
2026-09-23 00:36:15.739,35.8777795,139.7406267,4.969,7.5,true,62
2026-09-23 00:36:23.316,35.8777792,139.7406278,4.947,7.6,true,62
2026-09-23 00:36:30.852,35.877779,139.7406276,4.937,7.5,true,62
2026-09-23 00:36:38.336,35.8777795,139.740628,4.866,7.5,true,62
2026-09-23 00:36:45.969,35.8777795,139.7406272,4.898,7.6,true,62
2026-09-23 00:36:53.521,35.8777802,139.7406268,4.889,7.6,true,61
2026-09-23 00:37:00.993,35.8777799,139.7406264,4.662,7.5,true,61
2026-09-23 00:37:08.502,35.8777799,139.7406263,4.894,7.5,true,61
2026-09-23 00:37:16.085,35.8777799,139.7406247,4.89,7.6,true,61
2026-09-23 00:37:23.609,35.87778,139.7406257,4.91,7.5,true,61
2026-09-23 00:37:31.243,35.8777794,139.7406262,4.924,7.6,true,61
2026-09-23 00:37:38.710,35.8777791,139.7406265,4.92,7.5,true,61
2026-09-23 00:37:46.260,35.8777784,139.7406275,4.967,7.6,true,61
2026-09-23 00:37:53.710,35.877779,139.740626,4.992,7.5,true,61
2026-09-23 00:38:01.234,35.8777782,139.7406259,5.014,7.5,true,61
2026-09-23 00:38:08.890,35.8777776,139.7406257,4.992,7.7,true,61
2026-09-23 00:38:16.410,35.8777772,139.740626,4.995,7.5,true,61
2026-09-23 00:38:23.908,35.8777771,139.7406255,4.745,7.5,true,61
2026-09-23 00:38:31.383,35.877777,139.7406255,4.996,7.5,true,61
2026-09-23 00:38:38.954,35.8777765,139.7406246,4.823,7.6,true,61
2026-09-23 00:38:46.476,35.8777764,139.7406247,5.1,7.5,true,61
2026-09-23 00:38:53.978,35.8777761,139.740626,5.144,7.5,true,61
2026-09-23 00:39:01.514,35.8777756,139.7406263,5.139,7.5,true,61
2026-09-23 00:39:09.079,35.8777759,139.7406272,5.136,7.6,true,61
2026-09-23 00:39:16.500,35.8777763,139.7406269,5.106,7.4,true,61
2026-09-23 00:39:24.132,35.8777761,139.7406262,4.775,7.6,true,61
2026-09-23 00:39:31.651,35.8777764,139.740626,4.751,7.5,true,61
2026-09-23 00:39:39.147,35.8777765,139.7406259,4.976,7.5,true,61
2026-09-23 00:39:46.696,35.8777772,139.7406244,4.934,7.5,true,61
2026-09-23 00:39:54.138,35.8777774,139.7406239,4.926,7.4,true,61
2026-09-23 00:40:01.721,35.8777778,139.7406231,5.109,7.6,true,61
2026-09-23 00:40:09.273,35.8777779,139.7406221,4.803,7.6,true,61
2026-09-23 00:40:16.769,35.877778,139.7406222,5.031,7.5,true,61
2026-09-23 00:40:24.322,35.8777777,139.7406215,4.988,7.6,true,61
2026-09-23 00:40:31.733,35.8777763,139.7406225,4.693,7.4,true,61
2026-09-23 00:40:39.297,35.877776,139.7406224,4.695,7.6,true,61
2026-09-23 00:40:46.851,35.8777759,139.7406225,4.929,7.6,true,61
2026-09-23 00:40:54.388,35.8777756,139.7406224,4.929,7.5,true,61
2026-09-23 00:41:01.922,35.8777752,139.7406223,4.946,7.5,true,61
2026-09-23 00:41:09.543,35.8777745,139.7406223,4.992,7.6,true,61
2026-09-23 00:41:17.106,35.8777747,139.7406217,4.99,7.6,true,61
2026-09-23 00:41:24.570,35.8777746,139.7406207,5.013,7.5,true,61
2026-09-23 00:41:32.044,35.8777746,139.7406197,4.999,7.5,true,61
2026-09-23 00:41:39.534,35.8777747,139.7406187,5.006,7.5,true,61
2026-09-23 00:41:46.992,35.8777749,139.7406187,5.027,7.5,true,61
2026-09-23 00:41:54.499,35.8777745,139.7406193,5.049,7.5,true,61
2026-09-23 00:42:01.890,35.8777744,139.7406204,5.082,7.4,true,61
2026-09-23 00:42:09.527,35.8777752,139.7406208,4.901,7.6,true,61
2026-09-23 00:42:17.004,35.8777752,139.740621,5.141,7.5,true,61
2026-09-23 00:42:24.553,35.8777753,139.7406232,4.83,7.5,true,61
2026-09-23 00:42:32.040,35.8777752,139.7406233,5.07,7.5,true,61
2026-09-23 00:42:39.574,35.8777752,139.7406229,5.088,7.5,true,61
2026-09-23 00:42:47.102,35.8777751,139.7406224,5.101,7.5,true,61
2026-09-23 00:42:54.685,35.8777752,139.7406213,5.121,7.6,true,61
2026-09-23 00:43:02.160,35.8777752,139.740621,5.13,7.5,true,61
2026-09-23 00:43:09.616,35.8777748,139.7406217,4.827,7.5,true,61
2026-09-23 00:43:17.081,35.877775,139.7406218,5.053,7.5,true,61
2026-09-23 00:43:24.716,35.8777757,139.740621,5.028,7.6,true,61
2026-09-23 00:43:32.285,35.8777759,139.7406212,5.004,7.6,true,61
2026-09-23 00:43:39.709,35.877776,139.7406217,4.995,7.4,true,61
2026-09-23 00:43:47.159,35.8777767,139.7406202,4.999,7.4,true,61
2026-09-23 00:43:54.661,35.8777768,139.7406198,5.03,7.5,true,61
2026-09-23 00:44:02.204,35.8777761,139.7406201,4.81,7.5,true,61
2026-09-23 00:44:09.724,35.8777761,139.74062,5.089,7.5,true,61
2026-09-23 00:44:17.190,35.8777783,139.740619,5.132,7.5,true,61
2026-09-23 00:44:24.740,35.8777789,139.7406192,5.103,7.6,true,61
2026-09-23 00:44:32.281,35.8777794,139.7406193,5.08,7.5,true,61
2026-09-23 00:44:39.838,35.877778,139.7406206,4.818,7.6,true,61
2026-09-23 00:44:47.334,35.877778,139.7406204,5.055,7.5,true,61
2026-09-23 00:44:54.808,35.877778,139.7406198,5.088,7.5,true,61
2026-09-23 00:45:02.321,35.8777774,139.7406207,5.127,7.5,true,61
2026-09-23 00:45:09.833,35.8777764,139.7406232,4.937,7.5,true,61
2026-09-23 00:45:17.332,35.8777761,139.7406235,5.185,7.5,true,61
2026-09-23 00:45:24.789,35.8777756,139.7406248,4.934,7.5,true,61
2026-09-23 00:45:32.297,35.8777753,139.7406249,5.216,7.5,true,61
2026-09-23 00:45:39.791,35.8777746,139.7406254,5.269,7.5,true,61
2026-09-23 00:45:47.282,35.8777749,139.7406256,5.272,7.5,true,61
2026-09-23 00:45:54.780,35.8777767,139.7406214,5.025,7.5,true,61
2026-09-23 00:46:02.270,35.8777769,139.740621,5.29,7.5,true,61
2026-09-23 00:46:09.797,35.877777,139.7406224,5.31,7.5,true,61
2026-09-23 00:46:17.355,35.8777764,139.7406222,5.347,7.6,true,61
2026-09-23 00:46:24.867,35.8777763,139.7406219,5.363,7.5,true,61
2026-09-23 00:46:32.424,35.8777764,139.7406219,5.36,7.6,true,61
2026-09-23 00:46:39.944,35.8777759,139.7406241,5.046,7.5,true,61
2026-09-23 00:46:47.452,35.8777759,139.7406242,5.266,7.5,true,61
2026-09-23 00:46:54.916,35.8777752,139.740624,5.266,7.5,true,61
2026-09-23 00:47:02.361,35.877775,139.7406245,5.244,7.4,true,61
2026-09-23 00:47:09.859,35.8777747,139.7406239,5.222,7.5,true,61
2026-09-23 00:47:17.358,35.8777746,139.7406242,5.134,7.5,true,61
2026-09-23 00:47:24.779,35.8777748,139.7406254,5.081,7.4,true,61
2026-09-23 00:47:32.290,35.8777745,139.7406256,5.235,7.5,true,61
2026-09-23 00:47:39.767,35.8777747,139.7406256,5.111,7.5,true,61
2026-09-23 00:47:47.269,35.8777747,139.7406254,5.039,7.5,true,61
2026-09-23 00:47:54.705,35.877777,139.7406259,5.017,7.4,true,61
2026-09-23 00:48:02.299,35.8777762,139.7406283,4.737,7.6,true,61
2026-09-23 00:48:09.848,35.877776,139.74063,4.744,7.5,true,61
2026-09-23 00:48:17.424,35.877776,139.7406303,4.982,7.6,true,61
2026-09-23 00:48:24.928,35.8777756,139.7406304,5.037,7.5,true,61
2026-09-23 00:48:32.369,35.8777754,139.7406289,5.05,7.4,true,61
2026-09-23 00:48:39.890,35.8777753,139.7406288,5.111,7.5,true,61
2026-09-23 00:48:47.495,35.8777755,139.7406288,5.106,7.6,true,61
2026-09-23 00:48:55.036,35.8777754,139.7406292,5.086,7.5,true,61
2026-09-23 00:49:02.613,35.877775,139.7406286,5.049,7.6,true,61
2026-09-23 00:49:10.146,35.8777742,139.7406293,5.034,7.5,true,61
2026-09-23 00:49:17.784,35.8777737,139.7406295,5.001,7.6,true,61
2026-09-23 00:49:25.291,35.8777736,139.7406293,4.978,7.5,true,61
2026-09-23 00:49:32.853,35.8777731,139.74063,4.75,7.6,true,61
2026-09-23 00:49:40.463,35.877773,139.7406299,4.971,7.6,true,61
2026-09-23 00:49:48.034,35.8777722,139.7406304,4.76,7.6,true,61
2026-09-23 00:49:55.561,35.8777722,139.7406302,4.987,7.5,true,61
2026-09-23 00:50:03.207,35.8777724,139.7406313,5.015,7.6,true,61
2026-09-23 00:50:10.669,35.8777728,139.7406313,5.009,7.5,true,61
2026-09-23 00:50:18.143,35.8777733,139.7406305,4.773,7.5,true,61
2026-09-23 00:50:25.757,35.8777733,139.7406307,5.005,7.6,true,61
2026-09-23 00:50:33.311,35.8777732,139.7406312,5.035,7.6,true,61
2026-09-23 00:50:40.831,35.8777727,139.7406308,4.824,7.5,true,61
2026-09-23 00:50:48.463,35.8777727,139.7406307,5.091,7.6,true,61
2026-09-23 00:50:56.044,35.8777726,139.7406312,5.217,7.6,true,61
2026-09-23 00:51:03.640,35.8777727,139.7406311,5.251,7.6,true,61
2026-09-23 00:51:11.132,35.8777727,139.7406314,5.281,7.5,true,61
2026-09-23 00:51:18.638,35.8777727,139.7406313,5.276,7.5,true,61
2026-09-23 00:51:26.185,35.8777725,139.7406326,5.246,7.5,true,61
2026-09-23 00:51:33.757,35.8777737,139.7406324,5.236,7.6,true,61
2026-09-23 00:51:41.290,35.8777737,139.7406304,4.972,7.5,true,61
2026-09-23 00:51:48.794,35.8777734,139.7406293,4.946,7.5,true,61
2026-09-23 00:51:56.406,35.877774,139.7406299,4.96,7.6,true,61
2026-09-23 00:52:04.015,35.8777741,139.74063,5.25,7.6,true,61
2026-09-23 00:52:11.492,35.877774,139.7406299,5.24,7.5,true,61
2026-09-23 00:52:19.070,35.8777739,139.7406297,5.274,7.6,true,61
2026-09-23 00:52:26.683,35.8777739,139.7406293,5.31,7.6,true,61
2026-09-23 00:52:34.265,35.8777739,139.7406288,5.33,7.6,true,61
2026-09-23 00:52:41.809,35.8777735,139.7406299,5.346,7.5,true,61
2026-09-23 00:52:49.425,35.8777745,139.7406277,5.35,7.6,true,61
2026-09-23 00:52:56.926,35.8777746,139.7406273,5.328,7.5,true,61
2026-09-23 00:53:04.496,35.877774,139.7406276,5.311,7.6,true,61
2026-09-23 00:53:11.982,35.8777744,139.740628,5.193,7.5,true,61
2026-09-23 00:53:19.614,35.8777732,139.7406294,5.161,7.6,true,61
2026-09-23 00:53:27.203,35.8777733,139.7406296,5.144,7.6,true,61
2026-09-23 00:53:32.849,35.8777737,139.7406282,5.071,5.6,false,61
2026-09-23 00:53:40.503,35.8777751,139.7406278,5.117,7.7,true,61
2026-09-23 00:53:47.895,35.8777743,139.7406282,4.85,7.4,true,61
2026-09-23 00:53:55.481,35.8777741,139.7406283,5.092,7.6,true,61
2026-09-23 00:54:03.036,35.8777747,139.7406264,5.126,7.6,true,61
2026-09-23 00:54:10.534,35.8777745,139.7406257,5.101,7.5,true,61
2026-09-23 00:54:18.036,35.8777745,139.7406257,5.167,7.5,true,60
2026-09-23 00:54:25.602,35.877775,139.7406258,5.173,7.6,true,60
2026-09-23 00:54:33.097,35.8777753,139.7406258,5.186,7.5,true,60
2026-09-23 00:54:40.685,35.8777749,139.7406265,5.158,7.6,true,60
2026-09-23 00:54:48.223,35.8777742,139.7406278,5.136,7.5,true,60
2026-09-23 00:54:55.738,35.8777745,139.7406273,5.154,7.5,true,60
2026-09-23 00:55:03.264,35.8777747,139.7406272,5.167,7.5,true,60
2026-09-23 00:55:10.809,35.877775,139.7406261,5.181,7.5,true,60
2026-09-23 00:55:18.306,35.8777754,139.7406249,4.831,7.5,true,60
2026-09-23 00:55:25.945,35.8777753,139.7406249,5.067,7.6,true,60
2026-09-23 00:55:33.397,35.8777763,139.7406256,4.796,7.5,true,60
2026-09-23 00:55:40.876,35.8777762,139.7406256,5.05,7.5,true,60
2026-09-23 00:55:48.497,35.8777757,139.7406264,5.085,7.6,true,60
2026-09-23 00:55:56.060,35.8777755,139.7406261,5.132,7.6,true,60
2026-09-23 00:56:03.652,35.8777764,139.7406265,5.147,7.6,true,60
2026-09-23 00:56:11.148,35.8777764,139.7406267,5.123,7.5,true,60
2026-09-23 00:56:18.635,35.8777762,139.7406254,5.119,7.5,true,60
2026-09-23 00:56:26.201,35.8777763,139.7406261,5.103,7.6,true,60
2026-09-23 00:56:33.746,35.8777753,139.7406259,4.988,7.5,true,60
2026-09-23 00:56:41.369,35.8777753,139.7406262,4.947,7.6,true,60
2026-09-23 00:56:48.873,35.8777747,139.7406266,4.91,7.5,true,60
2026-09-23 00:56:56.460,35.8777741,139.7406264,4.909,7.6,true,60
2026-09-23 00:57:04.050,35.8777742,139.7406255,4.923,7.6,true,60
2026-09-23 00:57:11.657,35.8777735,139.7406265,4.919,7.6,true,60
2026-09-23 00:57:19.221,35.8777734,139.7406266,4.956,7.6,true,60
2026-09-23 00:57:26.780,35.8777734,139.7406273,4.744,7.6,true,60
2026-09-23 00:57:34.299,35.8777733,139.7406274,5.001,7.5,true,60
2026-09-23 00:57:41.816,35.8777743,139.7406261,4.84,7.5,true,60
2026-09-23 00:57:49.340,35.8777745,139.7406265,4.851,7.5,true,60
2026-09-23 00:57:56.842,35.8777747,139.7406253,4.853,7.5,true,60
2026-09-23 00:58:04.388,35.8777753,139.7406258,4.853,7.5,true,60
2026-09-23 00:58:11.953,35.8777752,139.7406249,4.873,7.6,true,60
2026-09-23 00:58:19.509,35.8777752,139.7406246,5.086,7.6,true,60
2026-09-23 00:58:27.008,35.8777755,139.7406253,4.857,7.5,true,60
2026-09-23 00:58:34.477,35.8777756,139.7406252,5.101,7.5,true,60
2026-09-23 00:58:42.010,35.8777765,139.7406249,5.079,7.5,true,60
2026-09-23 00:58:49.536,35.8777768,139.740624,5.124,7.5,true,60
2026-09-23 00:58:57.141,35.877777,139.7406237,5.143,7.6,true,60
2026-09-23 00:59:04.689,35.8777769,139.7406237,5.163,7.5,true,60
2026-09-23 00:59:12.258,35.877777,139.7406252,5.157,7.6,true,60
2026-09-23 00:59:19.806,35.8777764,139.7406273,4.936,7.5,true,60
2026-09-23 00:59:27.407,35.8777764,139.7406276,5.195,7.6,true,60
2026-09-23 00:59:34.965,35.8777758,139.7406264,4.986,7.6,true,60
2026-09-23 00:59:42.577,35.8777758,139.7406262,5.238,7.6,true,60
2026-09-23 00:59:50.157,35.8777761,139.7406258,5.249,7.6,true,60
2026-09-23 00:59:57.706,35.8777758,139.7406244,5.16,7.5,true,60
2026-09-23 01:00:05.284,35.8777755,139.7406255,5.181,7.6,true,60
2026-09-23 01:00:12.879,35.8777749,139.7406256,5.211,7.6,true,60
2026-09-23 01:00:20.479,35.877775,139.7406252,5.242,7.6,true,60
2026-09-23 01:00:27.975,35.877775,139.7406252,5.231,7.5,true,60
2026-09-23 01:00:35.522,35.8777757,139.7406254,5.21,7.5,true,60
2026-09-23 01:00:43.107,35.8777768,139.7406247,5.205,7.6,true,60
2026-09-23 01:00:50.643,35.8777764,139.7406246,5.208,7.5,true,60
2026-09-23 01:00:58.225,35.8777756,139.7406247,4.958,7.6,true,60
2026-09-23 01:01:05.757,35.8777756,139.7406248,5.187,7.5,true,60
2026-09-23 01:01:13.274,35.877778,139.7406238,4.981,7.5,true,60
2026-09-23 01:01:20.880,35.8777783,139.7406238,5.205,7.6,true,60
2026-09-23 01:01:28.491,35.8777784,139.7406232,5.228,7.6,true,60
2026-09-23 01:01:36.050,35.8777785,139.7406222,5.239,7.6,true,60
2026-09-23 01:01:43.562,35.8777793,139.7406207,5.25,7.5,true,60
2026-09-23 01:01:51.131,35.8777793,139.7406214,5.237,7.6,true,60
2026-09-23 01:01:58.658,35.8777791,139.7406204,5.219,7.5,true,60
2026-09-23 01:02:06.162,35.8777797,139.7406217,5.157,7.5,true,60
2026-09-23 01:02:13.761,35.8777795,139.7406216,5.122,7.6,true,60
2026-09-23 01:02:21.297,35.8777789,139.740623,5.1,7.5,true,60
2026-09-23 01:02:28.771,35.8777774,139.7406248,4.839,7.5,true,60
2026-09-23 01:02:36.325,35.8777779,139.7406262,4.818,7.6,true,60
2026-09-23 01:02:43.939,35.8777779,139.7406266,5.054,7.6,true,60
2026-09-23 01:02:51.472,35.8777779,139.7406261,5.034,7.5,true,60
2026-09-23 01:02:58.973,35.8777796,139.7406262,5.051,7.5,true,60
2026-09-23 01:03:06.508,35.8777797,139.740625,5.062,7.5,true,60
2026-09-23 01:03:14.017,35.8777793,139.7406239,4.987,7.5,true,60
2026-09-23 01:03:21.609,35.8777793,139.7406226,5.062,7.6,true,60
2026-09-23 01:03:29.170,35.8777808,139.740619,5.19,7.6,true,60
2026-09-23 01:03:36.779,35.87778,139.7406199,5.006,7.6,true,60
2026-09-23 01:03:44.342,35.8777799,139.74062,5.243,7.6,true,60
2026-09-23 01:03:51.765,35.8777797,139.74062,4.992,7.4,true,60
2026-09-23 01:03:59.378,35.8777797,139.74062,5.181,7.6,true,60
2026-09-23 01:04:06.867,35.8777795,139.7406212,5.12,7.5,true,60
2026-09-23 01:04:14.387,35.877779,139.7406213,5.1,7.5,true,60
2026-09-23 01:04:21.888,35.8777794,139.7406214,5.054,7.5,true,60
2026-09-23 01:04:29.418,35.8777793,139.7406225,4.994,7.5,true,60
2026-09-23 01:04:36.943,35.8777793,139.7406219,5.009,7.5,true,60
2026-09-23 01:04:44.457,35.8777819,139.7406218,4.994,7.5,true,60
2026-09-23 01:04:51.972,35.8777826,139.7406215,5.049,7.5,true,60
2026-09-23 01:04:59.499,35.8777823,139.7406213,5.082,7.5,true,60
2026-09-23 01:05:06.962,35.8777838,139.7406197,5.141,7.5,true,60
2026-09-23 01:05:14.515,35.8777826,139.7406211,4.905,7.6,true,60
2026-09-23 01:05:22.033,35.8777832,139.7406207,4.889,7.5,true,60
2026-09-23 01:05:29.532,35.8777832,139.7406208,5.128,7.5,true,60
2026-09-23 01:05:37.075,35.8777824,139.7406192,4.855,7.5,true,60
2026-09-23 01:05:44.650,35.8777824,139.7406193,5.073,7.6,true,60
2026-09-23 01:05:52.181,35.8777834,139.7406191,5.045,7.5,true,60
2026-09-23 01:05:59.775,35.8777823,139.7406212,4.992,7.6,true,60
2026-09-23 01:06:07.167,35.8777829,139.7406206,4.975,7.4,true,60
2026-09-23 01:06:14.756,35.8777826,139.74062,4.972,7.6,true,60
2026-09-23 01:06:22.226,35.8777824,139.7406218,4.957,7.5,true,60
2026-09-23 01:06:29.824,35.8777824,139.7406223,4.946,7.6,true,60
2026-09-23 01:06:37.391,35.8777823,139.7406231,5.171,7.6,true,60
2026-09-23 01:06:44.887,35.8777823,139.7406247,5.159,7.5,true,60
2026-09-23 01:06:52.448,35.8777828,139.7406245,5.146,7.6,true,60
2026-09-23 01:06:59.912,35.8777836,139.7406245,5.148,7.5,true,60
2026-09-23 01:07:07.432,35.8777836,139.7406247,5.145,7.5,true,60
2026-09-23 01:07:14.896,35.8777831,139.7406252,5.09,7.5,true,60
2026-09-23 01:07:22.449,35.877782,139.7406263,5.104,7.6,true,60
2026-09-23 01:07:30.026,35.8777817,139.7406258,5.11,7.6,true,59
2026-09-23 01:07:37.604,35.8777822,139.7406265,5.101,7.6,true,59
2026-09-23 01:07:45.191,35.8777812,139.7406266,5.107,7.6,true,59
2026-09-23 01:07:52.790,35.8777822,139.7406254,5.076,7.6,true,59
2026-09-23 01:08:00.369,35.8777822,139.7406254,5.118,7.6,true,59
2026-09-23 01:08:07.852,35.8777821,139.7406245,5.136,7.5,true,59
2026-09-23 01:08:15.406,35.8777816,139.7406251,4.923,7.6,true,59
2026-09-23 01:08:22.984,35.8777815,139.7406252,5.179,7.6,true,59
2026-09-23 01:08:30.568,35.8777808,139.740625,4.977,7.6,true,59
2026-09-23 01:08:38.117,35.8777807,139.740625,5.228,7.6,true,59
2026-09-23 01:08:45.635,35.8777807,139.7406255,5.246,7.5,true,59
2026-09-23 01:08:53.191,35.8777797,139.7406256,5.205,7.6,true,59
2026-09-23 01:09:00.789,35.8777791,139.7406265,5.131,7.6,true,59
2026-09-23 01:09:08.199,35.877778,139.7406272,4.797,7.4,true,59
2026-09-23 01:09:15.734,35.877778,139.7406273,5.038,7.5,true,59
2026-09-23 01:09:23.264,35.8777773,139.7406286,5.016,7.5,true,59
2026-09-23 01:09:30.802,35.8777773,139.7406293,5.054,7.5,true,59
2026-09-23 01:09:38.355,35.8777775,139.7406267,4.639,7.6,true,59
2026-09-23 01:09:45.899,35.8777775,139.7406267,4.909,7.5,true,59
2026-09-23 01:09:53.432,35.8777806,139.7406268,4.956,7.5,true,59
2026-09-23 01:10:00.857,35.8777801,139.7406277,5.027,7.4,true,59
2026-09-23 01:10:08.342,35.8777819,139.7406281,5.07,7.5,true,59
2026-09-23 01:10:15.944,35.8777825,139.7406252,5.07,7.6,true,59
2026-09-23 01:10:23.399,35.8777828,139.7406257,5.095,7.5,true,59
2026-09-23 01:10:30.914,35.8777818,139.7406266,4.84,7.5,true,59
2026-09-23 01:10:38.502,35.8777817,139.7406265,5.131,7.6,true,59
2026-09-23 01:10:46.056,35.8777819,139.7406243,5.152,7.6,true,59
2026-09-23 01:10:53.622,35.8777821,139.7406231,5.231,7.6,true,59
2026-09-23 01:11:01.099,35.8777828,139.7406238,5.25,7.5,true,59
2026-09-23 01:11:08.578,35.8777865,139.7406229,5.363,7.5,true,59
2026-09-23 01:11:16.202,35.8777849,139.7406242,5.284,7.6,true,59
2026-09-23 01:11:23.658,35.8777855,139.7406255,5.267,7.5,true,59
2026-09-23 01:11:31.185,35.8777862,139.7406263,5.265,7.5,true,59
2026-09-23 01:11:38.684,35.8777854,139.7406249,5.227,7.5,true,59
2026-09-23 01:11:46.246,35.8777888,139.740624,5.143,7.6,true,59
2026-09-23 01:11:53.802,35.8777871,139.740624,4.849,7.6,true,59
2026-09-23 01:12:01.280,35.8777871,139.7406237,5.066,7.5,true,59
2026-09-23 01:12:08.780,35.8777863,139.7406233,5.039,7.5,true,59
2026-09-23 01:12:16.377,35.8777846,139.7406248,4.994,7.6,true,59
2026-09-23 01:12:23.925,35.8777842,139.7406232,4.808,7.5,true,59
2026-09-23 01:12:31.396,35.877784,139.7406233,5.022,7.5,true,59
2026-09-23 01:12:38.902,35.877783,139.7406242,5.008,7.5,true,59
2026-09-23 01:12:46.490,35.8777837,139.7406243,4.992,7.6,true,59
2026-09-23 01:12:54.054,35.8777829,139.7406251,4.971,7.6,true,59
2026-09-23 01:13:01.474,35.8777828,139.7406259,5.011,7.4,true,59
2026-09-23 01:13:08.923,35.8777836,139.7406262,5.044,7.4,true,59
2026-09-23 01:13:16.469,35.8777854,139.740624,5.194,7.5,true,59
2026-09-23 01:13:23.956,35.8777867,139.740624,5.184,7.5,true,59
2026-09-23 01:13:31.522,35.877788,139.7406236,5.168,7.6,true,59
2026-09-23 01:13:38.997,35.8777862,139.7406261,4.856,7.5,true,59
2026-09-23 01:13:46.487,35.8777861,139.7406262,5.104,7.5,true,59
2026-09-23 01:13:53.911,35.8777859,139.7406271,4.815,7.4,true,59
2026-09-23 01:14:01.460,35.8777859,139.740627,5.077,7.5,true,59
2026-09-23 01:14:08.898,35.8777859,139.7406264,5.115,7.4,true,59
2026-09-23 01:14:16.505,35.8777853,139.7406272,5.144,7.6,true,59
2026-09-23 01:14:24.028,35.8777851,139.7406271,4.873,7.5,true,59
2026-09-23 01:14:31.704,35.8777849,139.7406268,5.135,7.7,true,59
2026-09-23 01:14:39.183,35.8777854,139.7406266,4.904,7.5,true,59
2026-09-23 01:14:46.741,35.8777853,139.7406265,5.128,7.6,true,59
2026-09-23 01:14:54.151,35.8777837,139.7406293,4.913,7.4,true,59
2026-09-23 01:15:01.617,35.8777836,139.7406296,5.196,7.5,true,59
2026-09-23 01:15:09.219,35.8777831,139.7406287,4.971,7.6,true,59
2026-09-23 01:15:16.672,35.8777832,139.7406289,5.215,7.5,true,59
2026-09-23 01:15:24.249,35.8777833,139.7406287,5.069,7.6,true,59
2026-09-23 01:15:31.734,35.8777833,139.740629,5.32,7.5,true,59
2026-09-23 01:15:39.358,35.8777838,139.7406302,5.31,7.6,true,59
2026-09-23 01:15:46.879,35.8777837,139.7406297,5.287,7.5,true,59
2026-09-23 01:15:54.405,35.8777839,139.7406267,5.301,7.5,true,59
2026-09-23 01:16:01.879,35.877784,139.7406261,5.316,7.5,true,59
2026-09-23 01:16:09.429,35.8777836,139.7406281,5.152,7.6,true,59
2026-09-23 01:16:16.927,35.8777834,139.7406283,5.415,7.5,true,59
2026-09-23 01:16:24.489,35.8777831,139.7406282,5.155,7.6,true,59
2026-09-23 01:16:31.979,35.8777817,139.7406295,5.142,7.5,true,59
2026-09-23 01:16:39.568,35.8777817,139.7406296,5.429,7.6,true,59
2026-09-23 01:16:47.120,35.8777819,139.7406292,5.463,7.6,true,59
2026-09-23 01:16:54.628,35.8777812,139.7406305,5.442,7.5,true,59
2026-09-23 01:17:02.100,35.8777814,139.7406317,5.403,7.5,true,59
2026-09-23 01:17:09.648,35.8777818,139.7406308,5.37,7.5,true,59
2026-09-23 01:17:17.137,35.8777828,139.7406313,5.394,7.5,true,59
2026-09-23 01:17:24.724,35.8777823,139.7406317,5.391,7.6,true,59
2026-09-23 01:17:32.242,35.8777816,139.7406319,5.348,7.5,true,59
2026-09-23 01:17:39.763,35.877781,139.7406331,5.048,7.5,true,59
2026-09-23 01:17:47.284,35.87778,139.7406341,5.011,7.5,true,59
2026-09-23 01:17:54.778,35.8777818,139.7406319,5.005,7.5,true,59
2026-09-23 01:18:02.284,35.8777819,139.7406318,5.221,7.5,true,59
2026-09-23 01:18:09.884,35.8777843,139.7406312,4.795,7.6,true,59
2026-09-23 01:18:17.373,35.8777844,139.7406312,4.973,7.5,true,59
2026-09-23 01:18:24.803,35.8777861,139.7406281,4.812,7.4,true,59
2026-09-23 01:18:32.327,35.8777862,139.7406282,4.865,7.5,true,59
2026-09-23 01:18:39.874,35.8777889,139.7406285,4.897,7.5,true,59
2026-09-23 01:18:47.491,35.8777892,139.7406283,5.145,7.6,true,59
2026-09-23 01:18:55.016,35.8777888,139.740628,5.174,7.5,true,59
2026-09-23 01:19:02.475,35.8777885,139.740628,5.223,7.5,true,59
2026-09-23 01:19:09.983,35.8777871,139.7406286,5.022,7.5,true,59
2026-09-23 01:19:17.480,35.8777869,139.7406284,5.292,7.5,true,59
2026-09-23 01:19:25.082,35.8777857,139.7406289,5.413,7.6,true,59
2026-09-23 01:19:32.600,35.8777855,139.7406284,5.414,7.5,true,59
2026-09-23 01:19:40.108,35.8777845,139.7406288,5.44,7.5,true,59
2026-09-23 01:19:47.680,35.8777842,139.7406273,5.473,7.6,true,59
2026-09-23 01:19:55.119,35.8777834,139.7406276,5.443,7.4,true,59
2026-09-23 01:20:02.637,35.8777828,139.7406267,5.444,7.5,true,59
2026-09-23 01:20:10.192,35.8777831,139.7406267,5.412,7.6,true,59
2026-09-23 01:20:17.716,35.8777821,139.7406267,5.418,7.5,true,59
2026-09-23 01:20:25.270,35.8777816,139.7406258,5.625,7.6,true,59
2026-09-23 01:20:32.822,35.8777808,139.7406257,5.597,7.6,true,59
2026-09-23 01:20:40.446,35.8777804,139.7406243,5.591,7.6,true,59
2026-09-23 01:20:47.957,35.8777806,139.7406222,5.334,7.5,true,59
2026-09-23 01:20:55.465,35.8777804,139.7406221,5.591,7.5,true,59
2026-09-23 01:21:02.923,35.8777798,139.7406225,5.594,7.5,true,59
2026-09-23 01:21:10.504,35.877779,139.7406231,5.588,7.6,true,59
2026-09-23 01:21:18.022,35.8777791,139.7406226,5.508,7.5,true,59
2026-09-23 01:21:25.567,35.8777793,139.740623,5.515,7.5,true,59
2026-09-23 01:21:33.039,35.8777795,139.7406235,5.504,7.5,true,59
2026-09-23 01:21:40.541,35.8777785,139.7406232,5.496,7.5,true,59
2026-09-23 01:21:48.080,35.8777782,139.7406247,5.244,7.5,true,59
2026-09-23 01:21:55.584,35.8777782,139.740625,5.48,7.5,true,59
2026-09-23 01:22:03.017,35.8777782,139.740626,5.47,7.4,true,59
2026-09-23 01:22:10.556,35.8777777,139.7406253,5.411,7.5,true,59
2026-09-23 01:22:18.105,35.877777,139.7406243,5.351,7.5,true,59
2026-09-23 01:22:25.565,35.8777769,139.7406235,5.299,7.5,true,59
2026-09-23 01:22:33.148,35.8777776,139.7406236,5.269,7.6,true,59
2026-09-23 01:22:40.659,35.877777,139.7406242,5.257,7.5,true,59
2026-09-23 01:22:48.230,35.8777769,139.740625,5.276,7.6,true,59
2026-09-23 01:22:55.779,35.877777,139.7406244,5.289,7.5,true,59
2026-09-23 01:23:03.258,35.8777767,139.7406243,5.299,7.5,true,59
2026-09-23 01:23:10.847,35.8777764,139.7406244,5.299,7.6,true,59
2026-09-23 01:23:18.444,35.8777765,139.7406242,5.282,7.6,true,59
2026-09-23 01:23:25.981,35.8777764,139.7406235,5.317,7.5,true,59
2026-09-23 01:23:33.490,35.877776,139.7406238,5.29,7.5,true,59
2026-09-23 01:23:41.082,35.8777763,139.740623,5.246,7.6,true,59
2026-09-23 01:23:48.610,35.8777762,139.7406225,5.295,7.5,true,59
2026-09-23 01:23:56.082,35.8777771,139.7406221,5.31,7.5,true,59
2026-09-23 01:24:03.628,35.8777769,139.7406228,5.361,7.5,true,59
2026-09-23 01:24:11.161,35.8777769,139.7406241,5.357,7.5,true,59
2026-09-23 01:24:18.770,35.8777771,139.7406241,5.344,7.6,true,59
2026-09-23 01:24:26.228,35.8777771,139.7406253,5.372,7.5,true,59
2026-09-23 01:24:33.744,35.8777775,139.7406254,5.294,7.5,true,59
2026-09-23 01:24:41.283,35.8777772,139.7406251,5.367,7.5,true,59
2026-09-23 01:24:48.836,35.8777767,139.7406243,5.206,7.6,true,59
2026-09-23 01:24:56.397,35.8777763,139.740625,5.245,7.6,true,58
2026-09-23 01:25:03.921,35.8777765,139.7406249,5.535,7.5,true,58
2026-09-23 01:25:11.399,35.8777779,139.7406239,5.547,7.5,true,58
2026-09-23 01:25:18.927,35.8777772,139.7406249,5.566,7.5,true,58
2026-09-23 01:25:26.406,35.8777771,139.7406261,5.586,7.5,true,58
2026-09-23 01:25:33.974,35.8777759,139.7406268,5.727,7.6,true,58
2026-09-23 01:25:41.497,35.8777769,139.7406247,5.661,7.5,true,58
2026-09-23 01:25:49.039,35.8777765,139.7406258,5.611,7.5,true,58
2026-09-23 01:25:56.545,35.8777774,139.7406245,5.564,7.5,true,58
2026-09-23 01:26:04.004,35.8777765,139.7406273,5.239,7.5,true,58
2026-09-23 01:26:11.523,35.8777761,139.740628,5.233,7.5,true,58
2026-09-23 01:26:19.041,35.8777763,139.7406283,5.501,7.5,true,58
2026-09-23 01:26:26.620,35.8777774,139.7406293,5.501,7.6,true,58
2026-09-23 01:26:34.124,35.8777786,139.7406244,5.06,7.5,true,58
2026-09-23 01:26:41.725,35.8777786,139.7406241,5.3,7.6,true,58
2026-09-23 01:26:49.188,35.877782,139.7406233,5.286,7.5,true,58
2026-09-23 01:26:56.751,35.8777821,139.7406219,5.287,7.6,true,58
2026-09-23 01:27:04.244,35.8777814,139.7406229,5.231,7.5,true,58
2026-09-23 01:27:11.836,35.8777806,139.740624,5.172,7.6,true,58
2026-09-23 01:27:19.393,35.8777795,139.7406238,5.125,7.6,true,58
2026-09-23 01:27:26.845,35.8777781,139.7406261,5.133,7.5,true,58
2026-09-23 01:27:34.460,35.877778,139.7406281,5.324,7.6,true,58
2026-09-23 01:27:42.006,35.8777771,139.7406292,5.317,7.5,true,58
2026-09-23 01:27:49.546,35.8777767,139.7406279,5.331,7.5,true,58
2026-09-23 01:27:57.024,35.8777773,139.7406278,5.354,7.5,true,58
2026-09-23 01:28:04.505,35.8777779,139.7406275,5.324,7.5,true,58
2026-09-23 01:28:12.044,35.8777777,139.7406261,5.339,7.5,true,58
2026-09-23 01:28:19.556,35.8777774,139.7406258,5.358,7.5,true,58
2026-09-23 01:28:27.080,35.8777767,139.7406254,5.374,7.5,true,58
2026-09-23 01:28:34.710,35.877775,139.7406245,5.257,7.6,true,58
2026-09-23 01:28:42.219,35.8777757,139.7406259,5.295,7.5,true,58
2026-09-23 01:28:49.761,35.8777757,139.7406263,5.31,7.5,true,58
2026-09-23 01:28:57.298,35.8777747,139.7406283,5.309,7.5,true,58
2026-09-23 01:29:04.768,35.8777746,139.7406287,5.287,7.5,true,58
2026-09-23 01:29:12.332,35.8777736,139.7406303,4.994,7.6,true,58
2026-09-23 01:29:19.804,35.8777737,139.7406304,5.218,7.5,true,58
2026-09-23 01:29:27.420,35.877774,139.7406306,5.224,7.6,true,58
2026-09-23 01:29:34.972,35.8777746,139.7406307,5.223,7.6,true,58
2026-09-23 01:29:42.484,35.8777754,139.7406319,5.198,7.5,true,58
2026-09-23 01:29:50.035,35.8777756,139.7406323,5.215,7.6,true,58
2026-09-23 01:29:57.515,35.8777759,139.7406325,5.235,7.5,true,58
2026-09-23 01:30:04.939,35.8777761,139.7406296,5.25,7.4,true,58
2026-09-23 01:30:12.481,35.877776,139.7406292,5.253,7.5,true,58
2026-09-23 01:30:20.037,35.877778,139.7406297,5.214,7.6,true,58
2026-09-23 01:30:27.595,35.8777782,139.7406303,5.223,7.6,true,58
2026-09-23 01:30:35.081,35.8777776,139.7406309,5.236,7.5,true,58
2026-09-23 01:30:42.665,35.8777796,139.7406277,5.067,7.6,true,58
2026-09-23 01:30:50.107,35.8777799,139.7406274,5.293,7.4,true,58
2026-09-23 01:30:57.621,35.8777794,139.7406283,5.308,7.5,true,58
2026-09-23 01:31:05.181,35.877779,139.7406285,5.298,7.6,true,58
2026-09-23 01:31:12.766,35.8777785,139.74063,5.01,7.6,true,58
2026-09-23 01:31:20.324,35.8777785,139.7406299,5.236,7.6,true,58
2026-09-23 01:31:27.799,35.8777776,139.7406312,5.221,7.5,true,58
2026-09-23 01:31:35.396,35.8777772,139.740631,5.225,7.6,true,58
2026-09-23 01:31:42.863,35.8777762,139.7406329,5.261,7.5,true,58
2026-09-23 01:31:50.374,35.8777761,139.7406319,5.248,7.5,true,58
2026-09-23 01:31:57.904,35.8777758,139.7406324,5.248,7.5,true,58
2026-09-23 01:32:05.397,35.8777757,139.7406325,5.255,7.5,true,58
2026-09-23 01:32:12.812,35.8777755,139.7406328,5.236,7.4,true,58
2026-09-23 01:32:20.340,35.8777752,139.740633,5.219,7.5,true,58
2026-09-23 01:32:27.937,35.877775,139.7406328,5.243,7.6,true,58
2026-09-23 01:32:35.363,35.8777748,139.7406341,5.246,7.4,true,58
2026-09-23 01:32:42.807,35.8777738,139.7406342,5.012,7.4,true,58
2026-09-23 01:32:50.328,35.8777738,139.7406342,5.233,7.5,true,58
2026-09-23 01:32:57.928,35.8777736,139.7406332,5.021,7.6,true,58
2026-09-23 01:33:05.537,35.8777738,139.7406331,5.265,7.6,true,58
2026-09-23 01:33:12.997,35.8777736,139.7406324,5.274,7.5,true,58
2026-09-23 01:33:20.563,35.8777738,139.7406309,5.297,7.6,true,58
2026-09-23 01:33:28.140,35.8777738,139.7406301,5.345,7.6,true,58
2026-09-23 01:33:35.733,35.877774,139.7406304,5.384,7.6,true,58
2026-09-23 01:33:43.320,35.877775,139.7406289,5.485,7.6,true,58
2026-09-23 01:33:50.725,35.877775,139.7406277,5.474,7.4,true,58
2026-09-23 01:33:58.210,35.8777744,139.7406289,5.481,7.5,true,58
2026-09-23 01:34:05.766,35.8777746,139.7406294,5.457,7.6,true,58
2026-09-23 01:34:13.213,35.8777744,139.7406286,5.419,7.4,true,58
2026-09-23 01:34:20.685,35.8777743,139.7406277,5.359,7.5,true,58
2026-09-23 01:34:28.233,35.8777742,139.7406274,5.094,7.5,true,58
2026-09-23 01:34:35.840,35.8777742,139.7406275,5.345,7.6,true,58
2026-09-23 01:34:43.334,35.8777725,139.740627,5.402,7.5,true,58
2026-09-23 01:34:50.885,35.8777718,139.7406269,5.321,7.6,true,58
2026-09-23 01:34:58.380,35.8777729,139.7406269,5.251,7.5,true,58
2026-09-23 01:35:05.958,35.8777734,139.7406274,5.218,7.6,true,58
2026-09-23 01:35:13.510,35.8777735,139.7406263,5.003,7.6,true,58
2026-09-23 01:35:20.985,35.8777735,139.7406264,5.246,7.5,true,58
2026-09-23 01:35:28.550,35.8777736,139.7406263,5.26,7.6,true,58
2026-09-23 01:35:36.022,35.8777731,139.7406275,5.246,7.5,true,58
2026-09-23 01:35:43.613,35.8777735,139.7406271,5.232,7.6,true,58
2026-09-23 01:35:51.130,35.8777747,139.7406282,5.14,7.5,true,58
2026-09-23 01:35:58.610,35.8777748,139.7406284,5.374,7.5,true,58
2026-09-23 01:36:06.150,35.877775,139.7406296,5.371,7.5,true,58
2026-09-23 01:36:13.732,35.8777751,139.7406305,5.375,7.6,true,58
2026-09-23 01:36:21.249,35.8777764,139.740628,5.133,7.5,true,58
2026-09-23 01:36:28.740,35.8777765,139.7406278,5.376,7.5,true,58
2026-09-23 01:36:36.257,35.877776,139.7406283,5.332,7.5,true,58
2026-09-23 01:36:43.838,35.8777755,139.7406279,5.297,7.6,true,58
2026-09-23 01:36:51.410,35.8777746,139.7406268,5.315,7.6,true,58
2026-09-23 01:36:58.924,35.8777741,139.7406278,5.007,7.5,true,58
2026-09-23 01:37:06.480,35.8777739,139.7406279,5.248,7.6,true,58
2026-09-23 01:37:14.043,35.8777738,139.7406272,5.27,7.6,true,58
2026-09-23 01:37:21.502,35.8777739,139.7406287,5.049,7.5,true,58
2026-09-23 01:37:28.991,35.877774,139.7406289,5.292,7.5,true,58
2026-09-23 01:37:36.513,35.8777739,139.7406282,5.297,7.5,true,58
2026-09-23 01:37:44.055,35.8777736,139.7406286,5.274,7.5,true,58
2026-09-23 01:37:51.520,35.8777737,139.7406281,5.284,7.5,true,58
2026-09-23 01:37:58.913,35.8777729,139.7406279,5.123,7.4,true,58
2026-09-23 01:38:06.424,35.8777737,139.7406279,5.011,7.5,true,58
2026-09-23 01:38:13.953,35.8777736,139.740628,5.254,7.5,true,58
2026-09-23 01:38:21.375,35.8777733,139.7406277,5.006,7.4,true,58
2026-09-23 01:38:28.840,35.8777731,139.7406269,4.973,7.5,true,58
2026-09-23 01:38:36.385,35.877773,139.7406268,5.171,7.5,true,58
2026-09-23 01:38:43.959,35.8777726,139.7406264,5.093,7.6,true,58
2026-09-23 01:38:51.578,35.877773,139.7406264,5.02,7.6,true,58
2026-09-23 01:38:59.117,35.877774,139.7406272,4.974,7.5,true,58
2026-09-23 01:39:06.646,35.8777736,139.7406264,5.205,7.5,true,58
2026-09-23 01:39:14.174,35.8777757,139.7406246,5.164,7.5,true,58
2026-09-23 01:39:21.646,35.8777753,139.7406235,5.095,7.5,true,58
2026-09-23 01:39:29.189,35.8777751,139.7406243,5.057,7.5,true,58
2026-09-23 01:39:36.696,35.8777756,139.7406245,5.016,7.5,true,58
2026-09-23 01:39:44.267,35.8777757,139.740624,5.027,7.6,true,58
2026-09-23 01:39:51.766,35.877776,139.7406238,5.041,7.5,true,58
2026-09-23 01:39:59.269,35.8777757,139.7406247,5.074,7.5,true,58
2026-09-23 01:40:06.698,35.8777762,139.740625,5.067,7.4,true,58
2026-09-23 01:40:14.185,35.877775,139.7406259,5.007,7.5,true,58
2026-09-23 01:40:21.661,35.8777752,139.7406259,5.047,7.5,true,58
2026-09-23 01:40:29.135,35.8777755,139.7406262,4.891,7.5,true,58
2026-09-23 01:40:36.600,35.8777755,139.7406263,5.161,7.5,true,58
2026-09-23 01:40:44.166,35.8777758,139.7406251,5.21,7.6,true,58
2026-09-23 01:40:51.727,35.8777761,139.7406244,5.242,7.6,true,58
2026-09-23 01:40:59.205,35.877776,139.7406249,4.991,7.5,true,58
2026-09-23 01:41:06.768,35.877776,139.7406251,5.258,7.6,true,58
2026-09-23 01:41:14.338,35.8777762,139.740627,5.218,7.6,true,58
2026-09-23 01:41:21.833,35.8777765,139.7406287,5.306,7.5,true,58
2026-09-23 01:41:29.389,35.877778,139.7406292,5.203,7.6,true,58
2026-09-23 01:41:36.874,35.8777779,139.7406304,4.968,7.5,true,58
2026-09-23 01:41:44.395,35.8777785,139.740631,4.953,7.5,true,57
2026-09-23 01:41:51.968,35.8777786,139.7406308,5.171,7.6,true,57
2026-09-23 01:41:59.473,35.877779,139.7406317,5.165,7.5,true,57
2026-09-23 01:42:06.949,35.8777781,139.7406298,5.178,7.5,true,57
2026-09-23 01:42:14.395,35.8777767,139.7406325,4.991,7.4,true,57
2026-09-23 01:42:21.998,35.8777767,139.7406326,5.239,7.6,true,57
2026-09-23 01:42:29.562,35.8777762,139.7406333,5.238,7.6,true,57
2026-09-23 01:42:37.047,35.8777756,139.7406345,5.219,7.5,true,57
2026-09-23 01:42:44.538,35.8777754,139.7406345,5.178,7.5,true,57
2026-09-23 01:42:52.088,35.8777753,139.7406358,5.137,7.6,true,57
2026-09-23 01:42:59.578,35.8777762,139.7406335,5.093,7.5,true,57
2026-09-23 01:43:07.144,35.8777777,139.7406344,5.031,7.6,true,57
2026-09-23 01:43:14.621,35.8777759,139.7406373,4.892,7.5,true,57
2026-09-23 01:43:22.197,35.8777758,139.7406376,5.151,7.6,true,57
2026-09-23 01:43:29.675,35.8777753,139.740639,5.189,7.5,true,57
2026-09-23 01:43:37.241,35.8777748,139.7406406,5.221,7.6,true,57
2026-09-23 01:43:44.791,35.8777735,139.7406415,5.296,7.6,true,57
2026-09-23 01:43:52.325,35.8777732,139.7406417,5.286,7.5,true,57
2026-09-23 01:43:59.845,35.8777723,139.7406427,5.262,7.5,true,57
2026-09-23 01:44:07.405,35.8777716,139.7406438,5.22,7.6,true,57
2026-09-23 01:44:14.785,35.877772,139.7406438,5.143,7.4,true,57
2026-09-23 01:44:22.356,35.8777722,139.7406448,5.133,7.6,true,57
2026-09-23 01:44:29.861,35.8777723,139.7406448,5.1,7.5,true,57
2026-09-23 01:44:37.369,35.8777719,139.7406453,5.129,7.5,true,57
2026-09-23 01:44:44.875,35.8777722,139.7406444,5.126,7.5,true,57
2026-09-23 01:44:52.436,35.8777718,139.7406446,5.14,7.6,true,57
2026-09-23 01:44:59.963,35.8777721,139.7406439,5.087,7.5,true,57
2026-09-23 01:45:07.495,35.8777717,139.7406447,5.117,7.5,true,57
2026-09-23 01:45:15.022,35.8777718,139.7406456,5.029,7.5,true,57
2026-09-23 01:45:22.583,35.8777717,139.740645,5.034,7.6,true,57
2026-09-23 01:45:30.060,35.8777716,139.7406458,5.035,7.5,true,57
2026-09-23 01:45:37.576,35.8777708,139.7406462,5.06,7.5,true,57
2026-09-23 01:45:45.176,35.8777713,139.7406456,5.035,7.6,true,57
2026-09-23 01:45:52.720,35.8777707,139.7406464,5.043,7.5,true,57
2026-09-23 01:46:00.144,35.8777712,139.7406462,5.053,7.4,true,57
2026-09-23 01:46:07.581,35.8777711,139.7406467,4.913,7.4,true,57
2026-09-23 01:46:15.174,35.877771,139.7406464,4.929,7.6,true,57
2026-09-23 01:46:22.670,35.8777711,139.7406466,5.187,7.5,true,57
2026-09-23 01:46:30.230,35.8777714,139.7406468,5.18,7.6,true,57
2026-09-23 01:46:37.745,35.8777709,139.740648,4.905,7.5,true,57
2026-09-23 01:46:45.289,35.8777711,139.7406482,5.183,7.5,true,57
2026-09-23 01:46:52.728,35.8777716,139.7406487,5.166,7.4,true,57
2026-09-23 01:47:00.197,35.8777742,139.7406474,4.728,7.5,true,57
2026-09-23 01:47:07.759,35.8777742,139.740647,4.762,7.6,true,57
2026-09-23 01:47:15.301,35.8777749,139.7406467,4.806,7.5,true,57
2026-09-23 01:47:22.738,35.8777746,139.7406473,4.82,7.4,true,57
2026-09-23 01:47:30.290,35.8777746,139.7406471,5.089,7.6,true,57
2026-09-23 01:47:37.722,35.8777734,139.7406466,4.875,7.4,true,57
2026-09-23 01:47:45.311,35.8777734,139.7406464,5.11,7.6,true,57
2026-09-23 01:47:52.900,35.877773,139.740646,5.102,7.6,true,57
2026-09-23 01:48:00.432,35.8777725,139.7406463,5.07,7.5,true,57
2026-09-23 01:48:08.004,35.8777719,139.7406464,4.996,7.6,true,57
2026-09-23 01:48:15.581,35.8777715,139.7406468,4.966,7.6,true,57
2026-09-23 01:48:23.161,35.8777714,139.7406471,4.935,7.6,true,57
2026-09-23 01:48:30.649,35.8777713,139.7406481,4.917,7.5,true,57
2026-09-23 01:48:38.242,35.877771,139.7406469,4.896,7.6,true,57
2026-09-23 01:48:45.728,35.8777707,139.7406468,4.892,7.5,true,57
2026-09-23 01:48:53.275,35.877771,139.7406455,4.652,7.5,true,57
2026-09-23 01:49:00.768,35.8777709,139.7406452,4.886,7.5,true,57
2026-09-23 01:49:08.234,35.8777706,139.7406448,4.867,7.5,true,57
2026-09-23 01:49:15.760,35.8777709,139.7406455,4.82,7.5,true,57
2026-09-23 01:49:23.298,35.8777702,139.7406455,4.838,7.5,true,57
2026-09-23 01:49:30.861,35.87777,139.7406463,4.847,7.6,true,57
2026-09-23 01:49:38.324,35.8777692,139.7406479,4.62,7.5,true,57
2026-09-23 01:49:45.785,35.8777693,139.7406481,4.848,7.5,true,57
2026-09-23 01:49:53.312,35.8777692,139.7406484,4.834,7.5,true,57
2026-09-23 01:50:00.806,35.8777693,139.740649,4.817,7.5,true,57
2026-09-23 01:50:08.325,35.8777693,139.7406491,4.823,7.5,true,57
2026-09-23 01:50:15.862,35.8777691,139.7406475,4.953,7.5,true,57
2026-09-23 01:50:23.416,35.8777693,139.7406473,4.863,7.6,true,57
2026-09-23 01:50:30.869,35.8777696,139.7406475,4.799,7.5,true,57
2026-09-23 01:50:38.297,35.8777695,139.740648,4.762,7.4,true,57
2026-09-23 01:50:45.800,35.8777697,139.7406474,4.749,7.5,true,57
2026-09-23 01:50:53.283,35.8777698,139.7406469,4.745,7.5,true,57
2026-09-23 01:51:00.797,35.87777,139.7406472,4.757,7.5,true,57
2026-09-23 01:51:08.304,35.8777705,139.7406472,4.801,7.5,true,57
2026-09-23 01:51:15.816,35.8777712,139.7406482,4.857,7.5,true,57
2026-09-23 01:51:23.282,35.8777707,139.7406491,4.972,7.5,true,57
2026-09-23 01:51:30.867,35.8777714,139.7406479,4.999,7.6,true,57
2026-09-23 01:51:38.365,35.8777718,139.7406479,5.007,7.5,true,57
2026-09-23 01:51:45.879,35.8777721,139.7406474,4.997,7.5,true,57
2026-09-23 01:51:53.447,35.8777723,139.7406479,5.01,7.6,true,57
2026-09-23 01:52:00.913,35.877772,139.7406489,5.024,7.5,true,57
2026-09-23 01:52:08.506,35.877772,139.7406498,5.015,7.6,true,57
2026-09-23 01:52:16.026,35.8777728,139.7406492,5.03,7.5,true,57
2026-09-23 01:52:23.453,35.8777732,139.7406488,4.804,7.4,true,57
2026-09-23 01:52:31.053,35.8777732,139.7406488,5.018,7.6,true,57
2026-09-23 01:52:38.569,35.8777737,139.7406495,4.99,7.5,true,57
2026-09-23 01:52:46.144,35.8777735,139.7406494,4.994,7.6,true,57
2026-09-23 01:52:53.750,35.8777737,139.7406496,5.018,7.6,true,57
2026-09-23 01:53:01.177,35.8777733,139.7406507,5.035,7.4,true,57
2026-09-23 01:53:08.757,35.877774,139.7406505,5.062,7.6,true,57
2026-09-23 01:53:16.272,35.8777744,139.7406526,5.107,7.5,true,57
2026-09-23 01:53:23.725,35.8777738,139.7406543,5.101,7.5,true,57
2026-09-23 01:53:31.222,35.8777744,139.7406536,4.993,7.5,true,57
2026-09-23 01:53:38.689,35.877774,139.7406548,5.036,7.5,true,57
2026-09-23 01:53:46.287,35.8777749,139.7406545,5.066,7.6,true,57
2026-09-23 01:53:53.739,35.8777752,139.7406546,5.074,7.5,true,57
2026-09-23 01:54:01.186,35.877775,139.7406541,5.009,7.4,true,57
2026-09-23 01:54:08.739,35.8777754,139.7406505,5.011,7.6,true,57
2026-09-23 01:54:16.225,35.8777756,139.7406509,5.021,7.5,true,57
2026-09-23 01:54:23.772,35.8777748,139.7406514,5.018,7.5,true,57
2026-09-23 01:54:31.195,35.8777763,139.74065,5.117,7.4,true,57
2026-09-23 01:54:38.726,35.8777755,139.7406501,5.038,7.5,true,57
2026-09-23 01:54:46.264,35.8777749,139.7406503,4.977,7.5,true,57
2026-09-23 01:54:53.724,35.8777747,139.740651,4.986,7.5,true,57
2026-09-23 01:55:01.262,35.8777742,139.7406508,4.984,7.5,true,57
2026-09-23 01:55:08.762,35.8777737,139.7406503,4.987,7.5,true,57
2026-09-23 01:55:16.240,35.8777733,139.7406501,5.006,7.5,true,57
2026-09-23 01:55:23.713,35.8777731,139.7406505,5.002,7.5,true,57
2026-09-23 01:55:31.268,35.8777731,139.7406477,5.027,7.6,true,57
2026-09-23 01:55:38.750,35.8777727,139.7406483,4.805,7.5,true,57
2026-09-23 01:55:46.301,35.8777726,139.7406483,5.047,7.6,true,57
2026-09-23 01:55:53.752,35.8777725,139.7406485,5.05,7.5,true,57
2026-09-23 01:56:01.332,35.8777723,139.7406484,5.021,7.6,true,57
2026-09-23 01:56:08.734,35.8777724,139.7406477,4.722,7.4,true,57
2026-09-23 01:56:16.312,35.8777723,139.7406475,4.96,7.6,true,57
2026-09-23 01:56:23.769,35.8777716,139.7406479,4.99,7.5,true,57
2026-09-23 01:56:31.244,35.8777728,139.7406449,4.914,7.5,true,57
2026-09-23 01:56:38.791,35.8777729,139.7406443,4.958,7.5,true,57
2026-09-23 01:56:46.275,35.8777728,139.7406456,5.006,7.5,true,57
2026-09-23 01:56:53.739,35.8777737,139.740646,5.035,7.5,true,57
2026-09-23 01:57:01.218,35.877775,139.7406474,4.838,7.5,true,57
2026-09-23 01:57:08.743,35.877775,139.7406474,5.136,7.5,true,57
2026-09-23 01:57:16.247,35.8777746,139.7406473,5.152,7.5,true,57
2026-09-23 01:57:23.730,35.8777744,139.7406467,5.138,7.5,true,57
2026-09-23 01:57:31.232,35.8777749,139.7406467,5.077,7.5,true,57
2026-09-23 01:57:38.822,35.8777749,139.7406476,5.019,7.6,true,57
2026-09-23 01:57:46.287,35.8777747,139.7406488,4.738,7.5,true,57
2026-09-23 01:57:53.710,35.8777748,139.7406489,4.981,7.4,true,57
2026-09-23 01:58:01.183,35.8777753,139.7406482,4.652,7.5,true,57
2026-09-23 01:58:08.661,35.8777753,139.7406483,4.893,7.5,true,57
2026-09-23 01:58:16.208,35.8777754,139.7406453,4.94,7.5,true,57
2026-09-23 01:58:23.648,35.8777752,139.7406463,4.904,7.4,true,57
2026-09-23 01:58:31.141,35.8777737,139.7406463,4.976,7.5,true,57
2026-09-23 01:58:38.546,35.8777733,139.7406456,4.926,7.4,true,57
2026-09-23 01:58:46.162,35.8777727,139.7406445,4.654,7.6,true,57
2026-09-23 01:58:53.722,35.8777728,139.7406445,4.938,7.6,true,57
2026-09-23 01:59:01.157,35.8777719,139.7406449,4.968,7.4,true,57
2026-09-23 01:59:08.630,35.8777718,139.7406436,4.696,7.5,true,56
2026-09-23 01:59:16.164,35.8777718,139.7406433,4.966,7.5,true,56
2026-09-23 01:59:23.622,35.8777718,139.740641,4.728,7.5,true,56
2026-09-23 01:59:31.138,35.8777718,139.7406409,4.947,7.5,true,56
2026-09-23 01:59:38.661,35.8777716,139.7406395,4.927,7.5,true,56
2026-09-23 01:59:46.198,35.8777714,139.7406395,4.872,7.5,true,56
2026-09-23 01:59:53.766,35.8777706,139.7406392,4.626,7.6,true,56
2026-09-23 02:00:01.262,35.8777705,139.7406394,4.856,7.5,true,56
2026-09-23 02:00:08.920,35.8777704,139.7406396,4.896,7.7,true,56
2026-09-23 02:00:16.500,35.8777701,139.7406389,4.909,7.6,true,56
2026-09-23 02:00:24.076,35.8777702,139.7406384,4.922,7.6,true,56
2026-09-23 02:00:31.640,35.8777707,139.7406387,4.9,7.6,true,56
2026-09-23 02:00:39.211,35.8777694,139.7406399,4.8,7.6,true,56
2026-09-23 02:00:46.782,35.8777688,139.740641,4.81,7.6,true,56
2026-09-23 02:00:54.380,35.8777688,139.740641,4.86,7.6,true,56
2026-09-23 02:01:01.940,35.8777687,139.7406405,4.887,7.6,true,56
2026-09-23 02:01:09.464,35.8777702,139.7406384,4.978,7.5,true,56
2026-09-23 02:01:17.059,35.8777703,139.7406381,5.016,7.6,true,56
2026-09-23 02:01:24.582,35.8777696,139.7406387,5.027,7.5,true,56
2026-09-23 02:01:32.132,35.8777699,139.7406386,5.057,7.6,true,56
2026-09-23 02:01:39.677,35.8777699,139.7406381,5.088,7.5,true,56
2026-09-23 02:01:47.254,35.8777696,139.740639,5.291,7.6,true,56
2026-09-23 02:01:54.777,35.877769,139.7406392,5.206,7.5,true,56
2026-09-23 02:02:02.326,35.8777718,139.7406376,4.895,7.5,true,56
2026-09-23 02:02:09.991,35.8777721,139.7406376,5.135,7.7,true,56
2026-09-23 02:02:17.516,35.877777,139.7406354,5.218,7.5,true,56
2026-09-23 02:02:25.088,35.8777767,139.7406358,5.205,7.6,true,56
2026-09-23 02:02:32.698,35.8777764,139.7406363,5.201,7.6,true,56
2026-09-23 02:02:40.319,35.8777761,139.7406363,5.245,7.6,true,56
2026-09-23 02:02:47.850,35.877775,139.7406375,5.236,7.5,true,56
2026-09-23 02:02:55.385,35.8777748,139.7406362,5.266,7.5,true,56
2026-09-23 02:03:02.972,35.8777737,139.740637,5.212,7.6,true,56
2026-09-23 02:03:10.562,35.8777729,139.7406365,5.204,7.6,true,56
2026-09-23 02:03:18.140,35.8777731,139.740636,5.204,7.6,true,56
2026-09-23 02:03:25.704,35.8777723,139.7406368,5.177,7.6,true,56
2026-09-23 02:03:33.245,35.8777725,139.7406361,5.194,7.5,true,56
2026-09-23 02:03:40.887,35.8777722,139.740637,5.274,7.6,true,56
2026-09-23 02:03:48.465,35.8777717,139.7406384,5.26,7.6,true,56
2026-09-23 02:03:56.021,35.8777722,139.7406384,5.213,7.6,true,56
2026-09-23 02:04:03.601,35.877772,139.7406386,5.178,7.6,true,56
2026-09-23 02:04:11.200,35.8777721,139.7406384,5.19,7.6,true,56
2026-09-23 02:04:18.738,35.877772,139.7406388,5.214,7.5,true,56
2026-09-23 02:04:26.371,35.8777718,139.7406398,5.246,7.6,true,56
2026-09-23 02:04:33.880,35.8777711,139.7406412,4.959,7.5,true,56
2026-09-23 02:04:41.512,35.8777713,139.7406414,5.203,7.6,true,56
2026-09-23 02:04:48.947,35.8777724,139.7406423,5.012,7.4,true,56
2026-09-23 02:04:56.480,35.8777728,139.7406428,5.013,7.5,true,56
2026-09-23 02:05:04.027,35.877773,139.7406427,5.279,7.5,true,56
2026-09-23 02:05:11.616,35.8777734,139.7406425,5.258,7.6,true,56
2026-09-23 02:05:19.170,35.8777729,139.7406436,4.932,7.6,true,56
2026-09-23 02:05:26.754,35.877773,139.7406435,5.193,7.6,true,56
2026-09-23 02:05:34.243,35.8777739,139.7406412,5.222,7.5,true,56
2026-09-23 02:05:41.777,35.8777739,139.7406407,5.22,7.5,true,56
2026-09-23 02:05:49.437,35.8777724,139.7406411,5.166,7.7,true,56
2026-09-23 02:05:57.009,35.8777728,139.7406411,5.193,7.6,true,56
2026-09-23 02:06:04.573,35.8777734,139.7406407,5.205,7.6,true,56
2026-09-23 02:06:12.155,35.8777734,139.740641,5.197,7.6,true,56
2026-09-23 02:06:19.731,35.8777725,139.7406423,5.129,7.6,true,56
2026-09-23 02:06:27.296,35.8777716,139.7406429,5.085,7.6,true,56
2026-09-23 02:06:34.819,35.8777722,139.7406424,5.081,7.5,true,56
2026-09-23 02:06:42.426,35.8777719,139.7406427,4.896,7.6,true,56
2026-09-23 02:06:50.048,35.8777718,139.7406426,5.101,7.6,true,56
2026-09-23 02:06:57.612,35.877772,139.7406428,5.12,7.6,true,56
2026-09-23 02:07:05.209,35.8777709,139.7406438,5.139,7.6,true,56
2026-09-23 02:07:12.744,35.8777724,139.740642,5.181,7.5,true,56
2026-09-23 02:07:20.343,35.877772,139.7406432,5.159,7.6,true,56
2026-09-23 02:07:27.901,35.8777726,139.740643,5.188,7.6,true,56
2026-09-23 02:07:35.503,35.8777728,139.7406428,5.205,7.6,true,56
2026-09-23 02:07:43.069,35.8777732,139.7406424,5.195,7.6,true,56
2026-09-23 02:07:50.654,35.8777735,139.7406417,5.213,7.6,true,56
2026-09-23 02:07:58.199,35.8777754,139.7406407,5.33,7.5,true,56
2026-09-23 02:08:05.783,35.8777788,139.7406393,5.059,7.6,true,56
2026-09-23 02:08:13.370,35.8777788,139.7406392,5.292,7.6,true,56
2026-09-23 02:08:20.968,35.8777781,139.7406393,5.286,7.6,true,56
2026-09-23 02:08:28.512,35.8777778,139.7406416,5.241,7.5,true,56
2026-09-23 02:08:36.110,35.8777773,139.7406416,5.238,7.6,true,56
2026-09-23 02:08:43.739,35.8777768,139.7406426,5.185,7.6,true,56
2026-09-23 02:08:51.300,35.8777764,139.7406425,5.129,7.6,true,56
2026-09-23 02:08:58.817,35.8777768,139.7406421,4.98,7.5,true,56
2026-09-23 02:09:06.379,35.8777768,139.7406423,5.168,7.6,true,56
2026-09-23 02:09:13.904,35.8777769,139.7406423,5.097,7.5,true,56
2026-09-23 02:09:21.538,35.8777763,139.740643,5.093,7.6,true,56
2026-09-23 02:09:29.182,35.8777766,139.7406426,5.101,7.6,true,56
2026-09-23 02:09:36.708,35.8777772,139.7406432,5.124,7.5,true,56
2026-09-23 02:09:44.298,35.8777765,139.7406435,5.133,7.6,true,56
2026-09-23 02:09:51.844,35.8777804,139.7406406,4.908,7.5,true,56
2026-09-23 02:09:59.436,35.8777808,139.7406409,5.183,7.6,true,56
2026-09-23 02:10:06.988,35.8777807,139.7406416,5.18,7.6,true,56
2026-09-23 02:10:14.529,35.8777796,139.7406419,5.187,7.5,true,56
2026-09-23 02:10:21.960,35.8777807,139.7406413,4.925,7.4,true,56
2026-09-23 02:10:29.521,35.8777808,139.7406413,5.184,7.6,true,56
2026-09-23 02:10:37.019,35.8777817,139.7406414,4.933,7.5,true,56
2026-09-23 02:10:44.611,35.8777819,139.7406414,5.188,7.6,true,56
2026-09-23 02:10:52.189,35.8777818,139.7406416,5.191,7.6,true,56
2026-09-23 02:10:59.773,35.8777817,139.7406416,5.149,7.6,true,56
2026-09-23 02:11:07.368,35.87778,139.7406422,5.12,7.6,true,56
2026-09-23 02:11:14.940,35.877779,139.7406417,5.104,7.6,true,56
2026-09-23 02:11:22.436,35.8777804,139.7406397,5.14,7.5,true,56
2026-09-23 02:11:30.085,35.8777789,139.7406411,5.072,7.6,true,56
2026-09-23 02:11:37.525,35.8777781,139.7406416,5.05,7.4,true,56
2026-09-23 02:11:45.163,35.877777,139.7406432,5.061,7.6,true,56
2026-09-23 02:11:52.730,35.8777765,139.7406442,5.086,7.6,true,56
2026-09-23 02:12:00.224,35.877775,139.7406455,4.949,7.5,true,56
2026-09-23 02:12:07.784,35.877775,139.7406457,5.188,7.6,true,56
2026-09-23 02:12:15.321,35.8777788,139.7406456,4.872,7.5,true,56
2026-09-23 02:12:22.872,35.877779,139.7406456,5.101,7.6,true,56
2026-09-23 02:12:30.483,35.8777779,139.7406453,5.081,7.6,true,56
2026-09-23 02:12:38.104,35.8777779,139.7406447,5.049,7.6,true,56
2026-09-23 02:12:45.632,35.8777772,139.7406455,5.006,7.5,true,56
2026-09-23 02:12:53.214,35.8777762,139.7406459,4.977,7.6,true,56
2026-09-23 02:13:00.762,35.8777751,139.740646,4.836,7.5,true,56
2026-09-23 02:13:08.383,35.8777744,139.7406466,4.804,7.6,true,56
2026-09-23 02:13:15.959,35.8777739,139.7406471,4.8,7.6,true,56
2026-09-23 02:13:23.556,35.8777742,139.7406473,4.81,7.6,true,56
2026-09-23 02:13:31.097,35.8777742,139.7406469,4.84,7.5,true,56
2026-09-23 02:13:38.728,35.8777736,139.7406473,4.855,7.6,true,56
2026-09-23 02:13:46.323,35.8777732,139.7406474,4.892,7.6,true,56
2026-09-23 02:13:53.838,35.8777734,139.7406478,4.872,7.5,true,56
2026-09-23 02:14:01.358,35.8777733,139.7406488,4.632,7.5,true,56
2026-09-23 02:14:08.882,35.8777733,139.7406489,4.88,7.5,true,56
2026-09-23 02:14:16.475,35.8777743,139.7406463,4.858,7.6,true,56
2026-09-23 02:14:24.029,35.8777744,139.740646,4.898,7.6,true,56
2026-09-23 02:14:31.657,35.8777742,139.7406462,4.927,7.6,true,56
2026-09-23 02:14:39.202,35.877774,139.7406461,4.96,7.5,true,56
2026-09-23 02:14:46.777,35.8777737,139.7406474,4.698,7.6,true,56
2026-09-23 02:14:54.391,35.8777737,139.7406474,4.919,7.6,true,56
2026-09-23 02:15:01.916,35.8777738,139.7406475,4.846,7.5,true,56
2026-09-23 02:15:09.432,35.8777737,139.7406459,4.637,7.5,true,56
2026-09-23 02:15:16.973,35.8777736,139.7406455,4.877,7.5,true,56
2026-09-23 02:15:24.465,35.8777728,139.7406459,4.917,7.5,true,56
2026-09-23 02:15:32.058,35.8777726,139.7406464,4.928,7.6,true,56
2026-09-23 02:15:39.727,35.8777722,139.7406462,4.929,7.7,true,56
2026-09-23 02:15:47.217,35.8777728,139.7406462,4.949,7.5,true,56
2026-09-23 02:15:54.776,35.8777723,139.7406459,4.917,7.6,true,56
2026-09-23 02:16:02.249,35.8777722,139.7406458,5.007,7.5,true,56
2026-09-23 02:16:09.828,35.8777738,139.7406454,4.742,7.6,true,56
2026-09-23 02:16:17.305,35.877774,139.7406455,4.956,7.5,true,55
2026-09-23 02:16:24.859,35.8777734,139.7406464,4.661,7.6,true,55
2026-09-23 02:16:32.472,35.8777733,139.7406466,4.885,7.6,true,55
2026-09-23 02:16:40.066,35.8777724,139.7406471,4.607,7.6,true,55
2026-09-23 02:16:47.625,35.8777722,139.7406471,4.835,7.6,true,55
2026-09-23 02:16:55.087,35.8777736,139.7406501,4.522,7.5,true,55
2026-09-23 02:17:02.538,35.8777736,139.7406501,4.743,7.5,true,55
2026-09-23 02:17:10.156,35.8777727,139.7406493,4.508,7.6,true,55
2026-09-23 02:17:17.746,35.8777728,139.7406492,4.746,7.6,true,55
2026-09-23 02:17:25.364,35.8777733,139.7406495,4.775,7.6,true,55
2026-09-23 02:17:32.881,35.8777732,139.7406487,4.786,7.5,true,55
2026-09-23 02:17:40.465,35.8777739,139.7406492,4.77,7.6,true,55
2026-09-23 02:17:47.995,35.8777736,139.7406488,4.5,7.5,true,55
2026-09-23 02:17:55.631,35.8777739,139.7406489,4.728,7.6,true,55
2026-09-23 02:18:03.129,35.8777735,139.7406493,4.677,7.5,true,55
2026-09-23 02:18:10.681,35.8777733,139.7406497,4.606,7.6,true,55
2026-09-23 02:18:18.255,35.8777724,139.7406506,4.41,7.6,true,55
2026-09-23 02:18:25.754,35.8777727,139.7406506,4.628,7.5,true,55
2026-09-23 02:18:33.336,35.8777724,139.7406503,4.704,7.6,true,55
2026-09-23 02:18:40.755,35.8777718,139.7406503,4.764,7.4,true,55
2026-09-23 02:18:48.234,35.8777707,139.7406511,4.61,7.5,true,55
2026-09-23 02:18:55.818,35.8777709,139.740651,4.902,7.6,true,55
2026-09-23 02:19:03.323,35.87777,139.7406513,4.941,7.5,true,55
2026-09-23 02:19:10.775,35.8777696,139.7406514,4.994,7.5,true,55
2026-09-23 02:19:18.422,35.8777694,139.7406507,5.114,7.6,true,55
2026-09-23 02:19:25.800,35.8777697,139.7406505,5.128,7.4,true,55
2026-09-23 02:19:33.331,35.8777701,139.7406506,5.128,7.5,true,55
2026-09-23 02:19:40.756,35.8777702,139.7406504,5.101,7.4,true,55
2026-09-23 02:19:48.258,35.87777,139.7406505,5.082,7.5,true,55
2026-09-23 02:19:55.821,35.8777696,139.7406506,5.041,7.6,true,55
2026-09-23 02:20:03.306,35.8777694,139.7406495,4.775,7.5,true,55
2026-09-23 02:20:10.787,35.8777694,139.7406492,5.026,7.5,true,55
2026-09-23 02:20:18.283,35.87777,139.7406475,4.959,7.5,true,55
2026-09-23 02:20:25.830,35.8777702,139.7406475,5.025,7.5,true,55
2026-09-23 02:20:33.301,35.8777697,139.7406478,5.064,7.5,true,55
2026-09-23 02:20:40.881,35.8777697,139.7406482,5.07,7.6,true,55
2026-09-23 02:20:48.480,35.8777709,139.7406477,5.023,7.6,true,55
2026-09-23 02:20:56.060,35.8777707,139.740649,4.968,7.6,true,55
2026-09-23 02:21:03.471,35.8777708,139.7406495,4.7,7.4,true,55
2026-09-23 02:21:11.089,35.8777708,139.7406494,4.908,7.6,true,55
2026-09-23 02:21:18.681,35.877771,139.7406503,4.9,7.6,true,55
2026-09-23 02:21:26.135,35.8777741,139.7406478,4.917,7.5,true,55
2026-09-23 02:21:33.665,35.8777732,139.7406485,4.94,7.5,true,55
2026-09-23 02:21:41.104,35.8777733,139.7406488,4.96,7.4,true,55
2026-09-23 02:21:48.586,35.8777725,139.7406493,4.768,7.5,true,55
2026-09-23 02:21:56.043,35.8777727,139.7406495,4.994,7.5,true,55
2026-09-23 02:22:03.486,35.8777715,139.7406513,4.75,7.4,true,55
2026-09-23 02:22:11.012,35.8777715,139.7406514,4.976,7.5,true,55
2026-09-23 02:22:18.494,35.8777709,139.7406507,4.943,7.5,true,55
2026-09-23 02:22:25.886,35.877771,139.7406507,4.84,7.4,true,55
2026-09-23 02:22:33.418,35.8777702,139.7406512,4.578,7.5,true,55
2026-09-23 02:22:40.936,35.8777701,139.7406514,4.827,7.5,true,55
2026-09-23 02:22:48.381,35.8777696,139.7406516,4.815,7.4,true,55
2026-09-23 02:22:55.868,35.8777695,139.7406513,4.826,7.5,true,55
2026-09-23 02:23:03.340,35.8777693,139.740651,4.822,7.5,true,55
2026-09-23 02:23:10.806,35.877771,139.7406478,4.666,7.5,true,55
2026-09-23 02:23:18.282,35.8777709,139.7406475,4.872,7.5,true,55
2026-09-23 02:23:25.753,35.8777705,139.740647,4.78,7.5,true,55
2026-09-23 02:23:33.249,35.8777706,139.7406469,5.005,7.5,true,55
2026-09-23 02:23:40.792,35.87777,139.7406477,4.713,7.5,true,55
2026-09-23 02:23:48.337,35.8777701,139.7406477,4.957,7.5,true,55
2026-09-23 02:23:55.879,35.87777,139.7406475,4.744,7.5,true,55
2026-09-23 02:24:03.331,35.8777699,139.7406474,4.946,7.5,true,55
2026-09-23 02:24:10.778,35.8777688,139.7406474,4.635,7.4,true,55
2026-09-23 02:24:18.287,35.8777686,139.7406475,4.842,7.5,true,55
2026-09-23 02:24:25.768,35.87777,139.7406402,4.695,7.5,true,55
2026-09-23 02:24:33.273,35.87777,139.7406398,4.912,7.5,true,55
2026-09-23 02:24:40.781,35.8777697,139.7406408,4.695,7.5,true,55
2026-09-23 02:24:48.310,35.8777696,139.7406407,4.934,7.5,true,55
2026-09-23 02:24:55.763,35.8777711,139.7406386,4.974,7.5,true,55
2026-09-23 02:25:03.351,35.8777705,139.7406391,4.978,7.6,true,55
2026-09-23 02:25:10.811,35.8777702,139.7406376,4.733,7.5,true,55
2026-09-23 02:25:18.294,35.8777701,139.7406374,4.97,7.5,true,55
2026-09-23 02:25:25.796,35.8777696,139.7406385,4.978,7.5,true,55
2026-09-23 02:25:33.384,35.8777704,139.74064,4.892,7.6,true,55
2026-09-23 02:25:40.825,35.8777697,139.7406404,4.903,7.4,true,55
2026-09-23 02:25:48.342,35.8777692,139.7406408,4.919,7.5,true,55
2026-09-23 02:25:55.899,35.8777688,139.740642,4.937,7.6,true,55
2026-09-23 02:26:03.407,35.8777689,139.7406423,4.923,7.5,true,55
2026-09-23 02:26:10.821,35.8777691,139.7406428,4.635,7.4,true,55
2026-09-23 02:26:18.316,35.8777691,139.7406428,4.867,7.5,true,55
2026-09-23 02:26:25.777,35.8777695,139.7406426,4.851,7.5,true,55
2026-09-23 02:26:33.259,35.8777703,139.7406432,4.906,7.5,true,55
2026-09-23 02:26:40.720,35.8777709,139.7406409,4.905,7.5,true,55
2026-09-23 02:26:48.202,35.8777703,139.7406413,4.876,7.5,true,55
2026-09-23 02:26:55.674,35.8777717,139.7406399,4.865,7.5,true,55
2026-09-23 02:27:03.194,35.877771,139.740641,4.857,7.5,true,55
2026-09-23 02:27:10.750,35.8777705,139.7406423,4.834,7.6,true,55
2026-09-23 02:27:18.233,35.8777723,139.7406391,4.865,7.5,true,55
2026-09-23 02:27:25.724,35.8777721,139.7406398,4.847,7.5,true,55
2026-09-23 02:27:33.182,35.8777712,139.7406405,4.765,7.5,true,55
2026-09-23 02:27:40.753,35.8777715,139.7406417,4.838,7.6,true,55
2026-09-23 02:27:48.264,35.8777715,139.7406428,4.86,7.5,true,55
2026-09-23 02:27:55.731,35.8777718,139.7406439,4.884,7.5,true,55
2026-09-23 02:28:03.263,35.8777713,139.7406446,4.631,7.5,true,55
2026-09-23 02:28:10.711,35.8777714,139.7406445,4.87,7.4,true,55
2026-09-23 02:28:18.358,35.8777712,139.7406442,4.902,7.6,true,55
2026-09-23 02:28:25.801,35.8777709,139.7406442,4.909,7.4,true,55
2026-09-23 02:28:33.381,35.8777702,139.7406438,4.784,7.6,true,55
2026-09-23 02:28:40.871,35.8777703,139.7406438,4.996,7.5,true,55
2026-09-23 02:28:48.453,35.8777703,139.7406436,4.747,7.6,true,55
2026-09-23 02:28:55.940,35.8777704,139.7406433,4.984,7.5,true,55
2026-09-23 02:29:03.441,35.8777701,139.7406428,4.96,7.5,true,55
2026-09-23 02:29:09.100,35.8777708,139.7406439,4.669,5.7,false,55
2026-09-23 02:29:16.655,35.8777708,139.740644,4.902,7.6,true,55
2026-09-23 02:29:24.197,35.8777725,139.7406396,4.912,7.5,true,55
2026-09-23 02:29:31.715,35.8777717,139.7406405,4.855,7.5,true,55
2026-09-23 02:29:39.231,35.8777722,139.740641,4.655,7.5,true,55
2026-09-23 02:29:46.735,35.8777721,139.7406412,4.864,7.5,true,55
2026-09-23 02:29:54.255,35.8777717,139.7406405,4.701,7.5,true,55
2026-09-23 02:30:01.741,35.8777716,139.7406404,4.913,7.5,true,55
2026-09-23 02:30:09.370,35.8777708,139.7406423,4.849,7.6,true,55
2026-09-23 02:30:16.874,35.8777706,139.7406425,4.872,7.5,true,55
2026-09-23 02:30:24.312,35.8777703,139.7406421,4.863,7.4,true,55
2026-09-23 02:30:31.786,35.8777697,139.7406428,4.861,7.5,true,55
2026-09-23 02:30:39.347,35.8777695,139.740643,4.886,7.6,true,55
2026-09-23 02:30:46.810,35.87777,139.7406429,4.857,7.5,true,55
2026-09-23 02:30:54.302,35.8777694,139.7406433,4.872,7.5,true,55
2026-09-23 02:31:01.798,35.8777695,139.7406428,4.886,7.5,true,55
2026-09-23 02:31:09.274,35.8777694,139.740643,4.922,7.5,true,55
2026-09-23 02:31:16.760,35.8777697,139.7406431,4.946,7.5,true,55
2026-09-23 02:31:24.297,35.8777696,139.740643,4.95,7.5,true,55
2026-09-23 02:31:31.760,35.8777695,139.7406432,4.958,7.5,true,55
2026-09-23 02:31:39.270,35.8777709,139.7406405,5.007,7.5,true,55
2026-09-23 02:31:46.808,35.8777704,139.7406416,5.054,7.5,true,55
2026-09-23 02:31:54.278,35.8777696,139.7406431,4.852,7.5,true,55
2026-09-23 02:32:01.777,35.87777,139.7406439,4.919,7.5,true,55
2026-09-23 02:32:09.301,35.87777,139.740644,5.174,7.5,true,55
2026-09-23 02:32:16.863,35.8777717,139.7406403,5.198,7.6,true,55
2026-09-23 02:32:24.367,35.8777715,139.7406397,5.188,7.5,true,55
2026-09-23 02:32:31.781,35.8777702,139.7406412,4.924,7.4,true,55
2026-09-23 02:32:39.254,35.8777701,139.7406416,5.196,7.5,true,55
2026-09-23 02:32:46.800,35.8777696,139.7406433,5.233,7.5,true,55
2026-09-23 02:32:54.308,35.8777688,139.740644,5.359,7.5,true,55
2026-09-23 02:33:01.784,35.87777,139.740642,5.054,7.5,true,55
2026-09-23 02:33:09.310,35.8777701,139.7406417,5.341,7.5,true,55
2026-09-23 02:33:16.814,35.8777725,139.7406394,5.268,7.5,true,55
2026-09-23 02:33:24.311,35.8777722,139.7406395,5.238,7.5,true,55
2026-09-23 02:33:31.836,35.877772,139.7406401,5.219,7.5,true,54
2026-09-23 02:33:39.409,35.8777732,139.7406359,4.978,7.6,true,54
2026-09-23 02:33:46.883,35.8777729,139.7406366,4.963,7.5,true,54
2026-09-23 02:33:54.469,35.8777725,139.7406365,4.955,7.6,true,54
2026-09-23 02:34:01.912,35.8777714,139.7406373,4.714,7.4,true,54
2026-09-23 02:34:09.408,35.8777713,139.7406374,4.965,7.5,true,54
2026-09-23 02:34:16.899,35.8777704,139.7406381,4.967,7.5,true,54
2026-09-23 02:34:24.435,35.8777696,139.7406394,4.979,7.5,true,54
2026-09-23 02:34:31.923,35.8777693,139.7406395,5.036,7.5,true,54
2026-09-23 02:34:39.429,35.8777702,139.7406412,5.159,7.5,true,54
2026-09-23 02:34:46.883,35.87777,139.7406416,5.172,7.5,true,54
2026-09-23 02:34:54.435,35.8777704,139.7406411,5.13,7.6,true,54
2026-09-23 02:35:01.922,35.8777706,139.7406386,4.781,7.5,true,54
2026-09-23 02:35:09.415,35.8777709,139.7406385,4.999,7.5,true,54
2026-09-23 02:35:16.852,35.877771,139.7406385,4.948,7.4,true,54
2026-09-23 02:35:24.342,35.8777712,139.7406387,4.879,7.5,true,54
2026-09-23 02:35:31.837,35.8777716,139.7406392,4.85,7.5,true,54
2026-09-23 02:35:39.389,35.8777712,139.7406398,4.794,7.6,true,54
2026-09-23 02:35:46.889,35.8777706,139.7406407,4.807,7.5,true,54
2026-09-23 02:35:54.382,35.8777717,139.7406386,4.855,7.5,true,54
2026-09-23 02:36:01.801,35.8777715,139.7406397,4.902,7.4,true,54
2026-09-23 02:36:09.396,35.8777712,139.7406404,5.0,7.6,true,54
2026-09-23 02:36:16.889,35.8777709,139.7406419,5.068,7.5,true,54
2026-09-23 02:36:24.434,35.8777704,139.740643,5.138,7.5,true,54
2026-09-23 02:36:31.882,35.877769,139.7406442,4.876,7.4,true,54
2026-09-23 02:36:39.398,35.8777688,139.7406442,5.107,7.5,true,54
2026-09-23 02:36:46.911,35.8777686,139.7406456,5.062,7.5,true,54
2026-09-23 02:36:54.466,35.8777688,139.7406454,5.051,7.6,true,54
2026-09-23 02:37:01.919,35.877769,139.7406454,5.067,7.5,true,54
2026-09-23 02:37:09.405,35.8777688,139.7406455,5.025,7.5,true,54
2026-09-23 02:37:16.879,35.8777686,139.7406458,4.992,7.5,true,54
2026-09-23 02:37:24.437,35.877768,139.7406469,4.971,7.6,true,54
2026-09-23 02:37:31.937,35.8777684,139.740645,4.954,7.5,true,54
2026-09-23 02:37:39.458,35.8777684,139.7406458,4.936,7.5,true,54
2026-09-23 02:37:46.916,35.8777681,139.7406468,4.898,7.5,true,54
2026-09-23 02:37:54.394,35.8777689,139.7406464,4.647,7.5,true,54
2026-09-23 02:38:01.832,35.877769,139.7406467,4.907,7.4,true,54
2026-09-23 02:38:09.350,35.8777686,139.7406467,4.889,7.5,true,54
2026-09-23 02:38:16.817,35.8777686,139.7406457,4.869,7.5,true,54
2026-09-23 02:38:24.236,35.8777686,139.7406461,4.613,7.4,true,54
2026-09-23 02:38:31.823,35.8777685,139.7406461,4.854,7.6,true,54
2026-09-23 02:38:39.337,35.8777685,139.7406457,4.877,7.5,true,54
2026-09-23 02:38:46.909,35.8777679,139.7406457,4.896,7.6,true,54
2026-09-23 02:38:54.351,35.8777683,139.7406434,4.624,7.4,true,54
2026-09-23 02:39:01.844,35.8777683,139.7406432,4.827,7.5,true,54
2026-09-23 02:39:09.326,35.8777692,139.7406436,4.833,7.5,true,54
2026-09-23 02:39:16.814,35.877769,139.7406438,4.833,7.5,true,54
2026-09-23 02:39:24.307,35.8777689,139.7406448,4.836,7.5,true,54
2026-09-23 02:39:31.810,35.8777692,139.7406449,4.859,7.5,true,54
2026-09-23 02:39:39.326,35.8777698,139.7406449,4.874,7.5,true,54
2026-09-23 02:39:46.782,35.8777694,139.7406446,4.853,7.5,true,54
2026-09-23 02:39:54.309,35.8777696,139.7406466,4.909,7.5,true,54
2026-09-23 02:40:01.791,35.8777692,139.7406463,4.699,7.5,true,54
2026-09-23 02:40:09.324,35.8777695,139.7406465,4.928,7.5,true,54
2026-09-23 02:40:16.796,35.8777698,139.7406471,4.908,7.5,true,54
2026-09-23 02:40:24.283,35.8777695,139.7406471,4.897,7.5,true,54
2026-09-23 02:40:31.750,35.877769,139.7406476,4.851,7.5,true,54
2026-09-23 02:40:39.233,35.8777691,139.7406473,4.803,7.5,true,54
2026-09-23 02:40:46.703,35.8777696,139.7406467,4.604,7.5,true,54
2026-09-23 02:40:54.169,35.8777697,139.7406469,4.657,7.5,true,54
2026-09-23 02:41:01.636,35.8777695,139.7406474,4.497,7.5,true,54
2026-09-23 02:41:09.145,35.8777695,139.7406475,4.738,7.5,true,54
2026-09-23 02:41:16.570,35.8777698,139.7406452,4.584,7.4,true,54
2026-09-23 02:41:24.100,35.8777698,139.7406452,4.817,7.5,true,54
2026-09-23 02:41:31.576,35.8777704,139.740644,4.598,7.5,true,54
2026-09-23 02:41:39.030,35.8777703,139.740644,4.832,7.5,true,54
2026-09-23 02:41:46.548,35.87777,139.7406439,4.828,7.5,true,54
2026-09-23 02:41:53.926,35.8777691,139.7406439,4.871,7.4,true,54
2026-09-23 02:42:01.471,35.8777685,139.7406441,4.855,7.5,true,54
2026-09-23 02:42:08.898,35.8777686,139.7406442,4.873,7.4,true,54
2026-09-23 02:42:16.416,35.8777682,139.7406448,4.916,7.5,true,54
2026-09-23 02:42:23.883,35.8777677,139.740645,4.946,7.5,true,54
2026-09-23 02:42:31.438,35.8777675,139.7406447,4.789,7.6,true,54
2026-09-23 02:42:38.897,35.8777675,139.7406446,5.042,7.5,true,54
2026-09-23 02:42:46.460,35.8777674,139.7406446,5.089,7.6,true,54
2026-09-23 02:42:53.927,35.8777679,139.7406452,5.124,7.5,true,54
2026-09-23 02:43:01.471,35.8777675,139.7406453,5.232,7.5,true,54
2026-09-23 02:43:08.930,35.8777681,139.7406462,4.934,7.5,true,54
2026-09-23 02:43:16.441,35.877768,139.7406463,5.166,7.5,true,54
2026-09-23 02:43:23.989,35.8777689,139.7406462,5.125,7.5,true,54
2026-09-23 02:43:31.550,35.8777703,139.7406436,4.792,7.6,true,54
2026-09-23 02:43:39.071,35.8777705,139.7406436,5.001,7.5,true,54
2026-09-23 02:43:46.648,35.8777714,139.7406443,4.952,7.6,true,54
2026-09-23 02:43:54.115,35.8777716,139.7406436,4.887,7.5,true,54
2026-09-23 02:44:01.554,35.8777717,139.7406445,4.563,7.4,true,54
2026-09-23 02:44:09.094,35.8777718,139.7406445,4.762,7.5,true,54
2026-09-23 02:44:16.640,35.8777722,139.7406443,4.728,7.5,true,54
2026-09-23 02:44:24.135,35.8777726,139.7406441,4.504,7.5,true,54
2026-09-23 02:44:31.739,35.8777727,139.7406439,4.734,7.6,true,54
2026-09-23 02:44:39.200,35.8777728,139.7406442,4.775,7.5,true,54
2026-09-23 02:44:46.737,35.877773,139.7406439,4.821,7.5,true,54
2026-09-23 02:44:54.261,35.8777727,139.740644,4.921,7.5,true,54
2026-09-23 02:45:01.764,35.8777749,139.740644,4.658,7.5,true,54
2026-09-23 02:45:09.258,35.8777747,139.7406438,4.928,7.5,true,54
2026-09-23 02:45:16.745,35.877775,139.7406438,4.989,7.5,true,54
2026-09-23 02:45:24.318,35.877775,139.7406441,5.025,7.6,true,54
2026-09-23 02:45:31.729,35.8777749,139.7406443,4.842,7.4,true,54
2026-09-23 02:45:39.327,35.8777748,139.7406445,5.119,7.6,true,54
2026-09-23 02:45:46.896,35.8777746,139.7406433,5.108,7.6,true,54
2026-09-23 02:45:54.347,35.877774,139.7406439,5.109,7.5,true,54
2026-09-23 02:46:01.819,35.8777743,139.7406448,5.107,7.5,true,54
2026-09-23 02:46:09.234,35.8777767,139.740645,5.093,7.4,true,54
2026-09-23 02:46:16.826,35.8777776,139.7406481,4.867,7.6,true,54
2026-09-23 02:46:24.396,35.8777777,139.7406485,5.141,7.6,true,54
2026-09-23 02:46:31.913,35.8777791,139.7406467,5.106,7.5,true,54
2026-09-23 02:46:39.403,35.8777789,139.7406473,5.085,7.5,true,54
2026-09-23 02:46:46.881,35.8777779,139.7406467,5.082,7.5,true,54
2026-09-23 02:46:54.515,35.8777785,139.7406442,5.133,7.6,true,54
2026-09-23 02:47:02.121,35.8777779,139.7406448,5.095,7.6,true,54
2026-09-23 02:47:09.587,35.8777789,139.740645,5.077,7.5,true,54
2026-09-23 02:47:17.097,35.8777786,139.7406465,5.127,7.5,true,54
2026-09-23 02:47:24.558,35.877779,139.7406473,5.159,7.5,true,54
2026-09-23 02:47:32.007,35.8777794,139.7406465,4.866,7.5,true,54
2026-09-23 02:47:39.416,35.8777795,139.7406466,5.112,7.4,true,54
2026-09-23 02:47:47.038,35.8777788,139.7406471,4.864,7.6,true,54
2026-09-23 02:47:54.558,35.8777788,139.7406472,5.108,7.5,true,54
2026-09-23 02:48:01.993,35.8777784,139.7406479,5.093,7.4,true,54
2026-09-23 02:48:09.499,35.8777787,139.7406482,5.062,7.5,true,54
2026-09-23 02:48:16.942,35.8777776,139.740649,5.014,7.4,true,54
2026-09-23 02:48:24.417,35.8777788,139.7406473,5.082,7.5,true,54
2026-09-23 02:48:31.922,35.8777782,139.7406476,5.059,7.5,true,54
2026-09-23 02:48:39.420,35.8777769,139.740647,5.03,7.5,true,54
2026-09-23 02:48:46.943,35.8777766,139.7406475,5.044,7.5,true,54
2026-09-23 02:48:54.540,35.8777764,139.7406464,5.045,7.6,true,54
2026-09-23 02:49:02.009,35.8777769,139.7406465,5.04,7.5,true,54
2026-09-23 02:49:09.550,35.8777766,139.740646,5.038,7.5,true,54
2026-09-23 02:49:17.021,35.8777764,139.7406462,5.018,7.5,true,54
2026-09-23 02:49:24.538,35.8777768,139.7406458,4.969,7.5,true,54
2026-09-23 02:49:32.033,35.8777769,139.7406457,5.013,7.5,true,54
2026-09-23 02:49:39.579,35.8777772,139.7406458,5.023,7.5,true,54
2026-09-23 02:49:47.128,35.8777769,139.7406447,5.045,7.5,true,54
2026-09-23 02:49:54.707,35.877777,139.7406456,5.032,7.6,true,54
2026-09-23 02:50:02.091,35.8777759,139.7406469,4.761,7.4,true,54
2026-09-23 02:50:09.736,35.8777759,139.740647,5.008,7.6,true,54
2026-09-23 02:50:17.319,35.877775,139.7406463,4.986,7.6,true,54
2026-09-23 02:50:24.877,35.8777772,139.740647,4.892,7.6,true,54
2026-09-23 02:50:32.380,35.8777767,139.7406469,4.86,7.5,true,54
2026-09-23 02:50:39.938,35.877778,139.7406472,4.863,7.6,true,54
2026-09-23 02:50:47.405,35.877778,139.7406475,4.832,7.5,true,54
2026-09-23 02:50:54.980,35.8777788,139.7406481,4.815,7.6,true,54
2026-09-23 02:51:02.380,35.8777784,139.740649,4.567,7.4,true,53
2026-09-23 02:51:09.957,35.8777784,139.7406493,4.811,7.6,true,53
2026-09-23 02:51:17.393,35.8777781,139.740649,4.788,7.4,true,53
2026-09-23 02:51:24.898,35.8777777,139.7406498,4.788,7.5,true,53
2026-09-23 02:51:32.440,35.8777775,139.7406493,4.563,7.5,true,53
2026-09-23 02:51:40.040,35.8777774,139.7406496,4.777,7.6,true,53
2026-09-23 02:51:47.527,35.8777773,139.7406511,4.778,7.5,true,53
2026-09-23 02:51:55.059,35.8777775,139.7406512,4.762,7.5,true,53
2026-09-23 02:52:02.607,35.8777769,139.740652,4.772,7.5,true,53
2026-09-23 02:52:10.126,35.877777,139.7406514,4.766,7.5,true,53
2026-09-23 02:52:17.661,35.8777769,139.7406506,4.731,7.5,true,53
2026-09-23 02:52:25.191,35.8777767,139.7406508,4.729,7.5,true,53
2026-09-23 02:52:32.745,35.8777768,139.7406507,4.72,7.6,true,53
2026-09-23 02:52:40.285,35.8777771,139.7406496,4.581,7.5,true,53
2026-09-23 02:52:47.829,35.8777771,139.7406506,4.625,7.5,true,53
2026-09-23 02:52:55.320,35.8777767,139.7406512,4.659,7.5,true,53
2026-09-23 02:53:02.808,35.8777775,139.7406523,4.721,7.5,true,53
2026-09-23 02:53:10.467,35.8777771,139.7406526,4.785,7.7,true,53
2026-09-23 02:53:18.038,35.8777774,139.7406524,4.813,7.6,true,53
2026-09-23 02:53:25.600,35.8777777,139.7406524,4.849,7.6,true,53
2026-09-23 02:53:33.226,35.8777781,139.7406524,4.86,7.6,true,53
2026-09-23 02:53:40.726,35.8777787,139.7406494,4.918,7.5,true,53
2026-09-23 02:53:48.277,35.8777791,139.7406497,4.775,7.6,true,53
2026-09-23 02:53:55.809,35.8777786,139.7406493,4.748,7.5,true,53
2026-09-23 02:54:03.323,35.8777779,139.7406504,4.706,7.5,true,53
2026-09-23 02:54:10.898,35.877778,139.7406506,4.922,7.6,true,53
2026-09-23 02:54:18.432,35.8777784,139.7406514,4.918,7.5,true,53
2026-09-23 02:54:25.983,35.8777784,139.7406514,4.913,7.6,true,53
2026-09-23 02:54:33.585,35.8777786,139.7406521,4.912,7.6,true,53
2026-09-23 02:54:41.109,35.8777789,139.7406511,4.894,7.5,true,53
2026-09-23 02:54:48.766,35.8777786,139.7406512,4.883,7.7,true,53
2026-09-23 02:54:56.156,35.8777787,139.7406511,4.883,7.4,true,53
2026-09-23 02:55:03.682,35.8777781,139.740651,4.771,7.5,true,53
2026-09-23 02:55:11.181,35.8777777,139.7406509,4.757,7.5,true,53
2026-09-23 02:55:18.636,35.8777775,139.7406508,4.994,7.5,true,53
2026-09-23 02:55:25.947,35.8777772,139.7406495,4.806,7.3,true,53
2026-09-23 02:55:33.531,35.877777,139.7406496,4.825,7.6,true,53
2026-09-23 02:55:41.062,35.8777768,139.7406496,5.07,7.5,true,53
2026-09-23 02:55:48.539,35.8777766,139.7406502,5.072,7.5,true,53
2026-09-23 02:55:55.961,35.8777778,139.7406496,4.86,7.4,true,53
2026-09-23 02:56:03.508,35.8777778,139.7406496,5.076,7.5,true,53
2026-09-23 02:56:10.998,35.8777795,139.7406487,4.975,7.5,true,53
2026-09-23 02:56:18.463,35.8777799,139.7406495,4.976,7.5,true,53
2026-09-23 02:56:25.959,35.8777798,139.7406491,4.993,7.5,true,53
2026-09-23 02:56:33.423,35.8777794,139.7406464,5.04,7.5,true,53
2026-09-23 02:56:40.870,35.8777803,139.7406459,5.018,7.4,true,53
2026-09-23 02:56:48.382,35.8777815,139.7406461,5.004,7.5,true,53
2026-09-23 02:56:55.854,35.8777822,139.740646,5.031,7.5,true,53
2026-09-23 02:57:03.363,35.8777819,139.740646,5.042,7.5,true,53
2026-09-23 02:57:10.790,35.8777805,139.7406467,5.034,7.4,true,53
2026-09-23 02:57:18.235,35.8777804,139.7406463,4.97,7.4,true,53
2026-09-23 02:57:25.751,35.8777798,139.7406469,5.026,7.5,true,53
2026-09-23 02:57:33.122,35.8777804,139.7406466,5.022,7.4,true,53
2026-09-23 02:57:40.731,35.8777808,139.7406449,5.081,7.6,true,53
2026-09-23 02:57:48.190,35.8777804,139.7406457,5.136,7.5,true,53
2026-09-23 02:57:55.749,35.8777805,139.7406468,5.139,7.6,true,53
2026-09-23 02:58:03.226,35.8777801,139.7406463,5.154,7.5,true,53
2026-09-23 02:58:10.724,35.87778,139.7406464,5.109,7.5,true,53
2026-09-23 02:58:18.167,35.8777806,139.7406473,4.702,7.4,true,53
2026-09-23 02:58:25.699,35.8777806,139.7406472,4.937,7.5,true,53
2026-09-23 02:58:33.104,35.8777805,139.7406477,4.94,7.4,true,53
2026-09-23 02:58:40.627,35.8777802,139.7406472,4.932,7.5,true,53
2026-09-23 02:58:48.067,35.8777799,139.7406474,4.903,7.4,true,53
2026-09-23 02:58:55.646,35.87778,139.7406472,4.911,7.6,true,53
2026-09-23 02:59:03.172,35.8777801,139.7406468,4.876,7.5,true,53
2026-09-23 02:59:10.677,35.8777801,139.7406468,4.861,7.5,true,53
2026-09-23 02:59:18.157,35.8777805,139.7406466,4.646,7.5,true,53
2026-09-23 02:59:25.692,35.8777806,139.7406465,4.861,7.5,true,53
2026-09-23 02:59:33.022,35.8777818,139.7406455,4.783,7.3,true,53
2026-09-23 02:59:40.432,35.8777826,139.7406443,4.8,7.4,true,53
2026-09-23 02:59:47.909,35.8777834,139.7406454,4.615,7.5,true,53
2026-09-23 02:59:55.438,35.8777832,139.7406456,4.833,7.5,true,53
2026-09-23 03:00:02.816,35.8777829,139.7406468,4.626,7.4,true,53
2026-09-23 03:00:10.388,35.8777826,139.7406469,4.884,7.6,true,53
2026-09-23 03:00:17.839,35.8777819,139.740647,4.908,7.5,true,53
2026-09-23 03:00:25.348,35.8777813,139.7406469,4.912,7.5,true,53
2026-09-23 03:00:32.777,35.8777797,139.7406471,4.617,7.4,true,53
2026-09-23 03:00:40.232,35.8777795,139.7406469,4.826,7.5,true,53
2026-09-23 03:00:47.746,35.8777794,139.7406479,4.65,7.5,true,53
2026-09-23 03:00:55.240,35.8777793,139.7406479,4.906,7.5,true,53
2026-09-23 03:01:02.784,35.8777796,139.7406481,4.711,7.5,true,53
2026-09-23 03:01:10.344,35.8777793,139.7406479,4.956,7.6,true,53
2026-09-23 03:01:17.774,35.8777798,139.7406483,4.963,7.4,true,53
2026-09-23 03:01:25.275,35.8777794,139.7406484,5.019,7.5,true,53
2026-09-23 03:01:32.742,35.8777803,139.7406482,4.996,7.5,true,53
2026-09-23 03:01:40.275,35.8777811,139.7406473,4.981,7.5,true,53
2026-09-23 03:01:47.754,35.8777811,139.7406468,4.895,7.5,true,53
2026-09-23 03:01:55.278,35.8777808,139.7406468,4.898,7.5,true,53
2026-09-23 03:02:02.738,35.8777808,139.7406473,4.844,7.5,true,53
2026-09-23 03:02:10.188,35.8777832,139.7406459,4.741,7.4,true,53
2026-09-23 03:02:17.675,35.8777831,139.7406463,4.688,7.5,true,53
2026-09-23 03:02:25.148,35.8777826,139.7406471,4.653,7.5,true,53
2026-09-23 03:02:32.666,35.8777818,139.740648,4.637,7.5,true,53
2026-09-23 03:02:40.130,35.8777812,139.7406487,4.619,7.5,true,53
2026-09-23 03:02:47.679,35.8777812,139.7406492,4.601,7.5,true,53
2026-09-23 03:02:55.156,35.8777811,139.7406479,4.838,7.5,true,53
2026-09-23 03:03:02.661,35.8777818,139.7406466,4.789,7.5,true,53
2026-09-23 03:03:10.096,35.8777811,139.7406467,4.768,7.4,true,53
2026-09-23 03:03:17.570,35.877781,139.7406467,4.793,7.5,true,53
2026-09-23 03:03:25.024,35.8777803,139.7406472,4.574,7.5,true,53
2026-09-23 03:03:32.564,35.8777803,139.7406469,4.802,7.5,true,53
2026-09-23 03:03:39.971,35.87778,139.7406456,4.571,7.4,true,53
2026-09-23 03:03:47.461,35.8777798,139.7406457,4.813,7.5,true,53
2026-09-23 03:03:55.038,35.8777796,139.7406456,4.846,7.6,true,53
2026-09-23 03:04:02.534,35.8777793,139.7406453,4.978,7.5,true,53
2026-09-23 03:04:09.972,35.877779,139.7406436,4.777,7.4,true,53
2026-09-23 03:04:17.506,35.8777787,139.7406433,5.022,7.5,true,53
2026-09-23 03:04:24.969,35.8777794,139.740643,5.054,7.5,true,53
2026-09-23 03:04:32.477,35.8777786,139.7406431,5.065,7.5,true,53
2026-09-23 03:04:40.019,35.8777807,139.7406431,5.111,7.5,true,53
2026-09-23 03:04:47.500,35.877781,139.7406432,5.136,7.5,true,53
2026-09-23 03:04:54.973,35.8777801,139.7406446,5.136,7.5,true,53
2026-09-23 03:05:02.445,35.8777799,139.7406449,5.036,7.5,true,53
2026-09-23 03:05:09.970,35.8777805,139.7406431,5.049,7.5,true,53
2026-09-23 03:05:17.318,35.8777823,139.7406422,5.063,7.3,true,53
2026-09-23 03:05:24.959,35.8777818,139.740644,5.051,7.6,true,53
2026-09-23 03:05:32.470,35.8777808,139.7406452,5.036,7.5,true,53
2026-09-23 03:05:40.057,35.8777802,139.7406459,5.036,7.6,true,53
2026-09-23 03:05:47.609,35.8777807,139.7406459,5.025,7.6,true,53
2026-09-23 03:05:55.135,35.8777807,139.7406468,5.007,7.5,true,53
2026-09-23 03:06:02.519,35.8777798,139.7406468,5.079,7.4,true,53
2026-09-23 03:06:10.048,35.8777797,139.7406467,5.036,7.5,true,53
2026-09-23 03:06:17.491,35.8777817,139.7406475,4.959,7.4,true,53
2026-09-23 03:06:24.978,35.8777821,139.7406471,4.923,7.5,true,53
2026-09-23 03:06:32.461,35.8777822,139.7406473,4.894,7.5,true,52
2026-09-23 03:06:39.920,35.8777845,139.7406463,4.874,7.5,true,52
2026-09-23 03:06:47.445,35.8777842,139.7406463,4.881,7.5,true,52
2026-09-23 03:06:54.921,35.8777842,139.7406455,4.902,7.5,true,52
2026-09-23 03:07:02.410,35.8777843,139.7406473,4.875,7.5,true,52
2026-09-23 03:07:09.868,35.877784,139.7406477,4.885,7.5,true,52
2026-09-23 03:07:17.358,35.8777842,139.7406473,4.916,7.5,true,52
2026-09-23 03:07:24.831,35.8777832,139.7406458,4.695,7.5,true,52
2026-09-23 03:07:32.338,35.8777838,139.7406425,4.717,7.5,true,52
2026-09-23 03:07:39.836,35.8777837,139.7406421,4.952,7.5,true,52
2026-09-23 03:07:47.309,35.8777829,139.7406417,4.931,7.5,true,52
2026-09-23 03:07:54.876,35.8777839,139.7406405,4.91,7.6,true,52
2026-09-23 03:08:02.369,35.8777836,139.7406425,4.842,7.5,true,52
2026-09-23 03:08:09.864,35.877783,139.7406438,4.817,7.5,true,52
2026-09-23 03:08:17.340,35.8777827,139.7406447,4.804,7.5,true,52
2026-09-23 03:08:24.841,35.8777822,139.7406451,4.809,7.5,true,52
2026-09-23 03:08:32.277,35.8777812,139.7406456,4.811,7.4,true,52
2026-09-23 03:08:39.886,35.8777817,139.740644,4.853,7.6,true,52
2026-09-23 03:08:47.388,35.8777805,139.7406444,4.696,7.5,true,52
2026-09-23 03:08:54.953,35.8777806,139.7406442,4.965,7.6,true,52
2026-09-23 03:09:02.466,35.8777798,139.7406453,4.816,7.5,true,52
2026-09-23 03:09:10.010,35.87778,139.7406447,4.867,7.5,true,52
2026-09-23 03:09:17.413,35.8777794,139.7406448,4.903,7.4,true,52
2026-09-23 03:09:24.962,35.8777791,139.7406446,4.92,7.5,true,52
2026-09-23 03:09:32.421,35.8777798,139.7406456,4.934,7.5,true,52
2026-09-23 03:09:39.953,35.8777804,139.740646,4.938,7.5,true,52
2026-09-23 03:09:47.440,35.8777798,139.7406462,4.973,7.5,true,52
2026-09-23 03:09:54.985,35.8777794,139.7406466,4.939,7.5,true,52
2026-09-23 03:10:02.518,35.8777805,139.7406439,4.963,7.5,true,52
2026-09-23 03:10:09.949,35.8777792,139.7406441,4.708,7.4,true,52
2026-09-23 03:10:17.459,35.8777792,139.7406441,4.897,7.5,true,52
2026-09-23 03:10:24.934,35.8777787,139.7406458,4.669,7.5,true,52
2026-09-23 03:10:32.452,35.8777787,139.740646,4.915,7.5,true,52
2026-09-23 03:10:39.971,35.8777795,139.7406434,4.709,7.5,true,52
2026-09-23 03:10:47.467,35.8777797,139.7406433,4.943,7.5,true,52
2026-09-23 03:10:54.969,35.8777805,139.7406444,4.911,7.5,true,52
2026-09-23 03:11:02.416,35.8777794,139.7406453,4.68,7.4,true,52
2026-09-23 03:11:09.914,35.8777788,139.7406458,4.773,7.5,true,52
2026-09-23 03:11:17.608,35.8777788,139.7406457,5.018,7.7,true,52
2026-09-23 03:11:25.079,35.8777796,139.7406436,5.058,7.5,true,52
2026-09-23 03:11:32.628,35.8777793,139.7406443,5.094,7.5,true,52
2026-09-23 03:11:40.176,35.8777791,139.740645,5.118,7.5,true,52
2026-09-23 03:11:47.689,35.8777791,139.7406444,5.124,7.5,true,52
2026-09-23 03:11:55.152,35.8777798,139.740646,4.895,7.5,true,52
2026-09-23 03:12:02.566,35.8777794,139.7406464,4.88,7.4,true,52
2026-09-23 03:12:10.040,35.8777811,139.7406469,4.888,7.5,true,52
2026-09-23 03:12:17.557,35.8777813,139.7406472,5.084,7.5,true,52
2026-09-23 03:12:25.053,35.8777811,139.7406476,5.04,7.5,true,52
2026-09-23 03:12:32.529,35.8777822,139.7406472,5.01,7.5,true,52
2026-09-23 03:12:40.011,35.8777821,139.7406462,4.956,7.5,true,52
2026-09-23 03:12:47.496,35.8777815,139.740647,4.942,7.5,true,52
2026-09-23 03:12:54.952,35.8777812,139.740647,4.915,7.5,true,52
2026-09-23 03:13:02.466,35.8777813,139.7406478,4.92,7.5,true,52
2026-09-23 03:13:09.979,35.8777809,139.7406476,4.678,7.5,true,52
2026-09-23 03:13:17.467,35.8777808,139.7406477,4.924,7.5,true,52
2026-09-23 03:13:24.962,35.8777812,139.7406477,4.895,7.5,true,52
2026-09-23 03:13:32.425,35.8777803,139.7406476,4.844,7.5,true,52
2026-09-23 03:13:39.887,35.8777818,139.7406476,4.794,7.5,true,52
2026-09-23 03:13:47.328,35.8777813,139.7406481,4.772,7.4,true,52
2026-09-23 03:13:54.850,35.8777813,139.7406486,4.797,7.5,true,52
2026-09-23 03:14:02.360,35.8777828,139.7406475,4.802,7.5,true,52
2026-09-23 03:14:09.805,35.8777825,139.7406486,4.84,7.4,true,52
2026-09-23 03:14:17.300,35.8777821,139.7406479,4.626,7.5,true,52
2026-09-23 03:14:24.727,35.877782,139.7406479,4.855,7.4,true,52
2026-09-23 03:14:32.251,35.8777836,139.7406455,4.901,7.5,true,52
2026-09-23 03:14:39.778,35.877783,139.7406467,4.894,7.5,true,52
2026-09-23 03:14:47.300,35.8777835,139.7406451,4.941,7.5,true,52
2026-09-23 03:14:54.738,35.8777845,139.7406449,4.915,7.4,true,52
2026-09-23 03:15:02.261,35.8777845,139.7406448,4.94,7.5,true,52
2026-09-23 03:15:09.789,35.8777842,139.7406454,4.914,7.5,true,52
2026-09-23 03:15:17.289,35.8777835,139.7406462,4.918,7.5,true,52
2026-09-23 03:15:24.755,35.8777844,139.7406461,5.001,7.5,true,52
2026-09-23 03:15:32.229,35.877784,139.7406464,4.933,7.5,true,52
2026-09-23 03:15:39.730,35.8777843,139.7406461,4.937,7.5,true,52
2026-09-23 03:15:47.181,35.8777836,139.7406465,4.932,7.5,true,52
2026-09-23 03:15:54.733,35.8777827,139.7406471,4.923,7.6,true,52
2026-09-23 03:16:02.157,35.8777815,139.7406477,4.9,7.4,true,52
2026-09-23 03:16:09.656,35.8777809,139.7406477,4.936,7.5,true,52
2026-09-23 03:16:17.140,35.8777798,139.7406481,4.893,7.5,true,52
2026-09-23 03:16:24.646,35.8777789,139.7406474,4.687,7.5,true,52
2026-09-23 03:16:32.191,35.8777789,139.7406473,4.683,7.5,true,52
2026-09-23 03:16:39.733,35.87778,139.7406476,4.706,7.5,true,52
2026-09-23 03:16:47.221,35.8777798,139.7406483,4.722,7.5,true,52
2026-09-23 03:16:54.770,35.8777792,139.7406483,4.727,7.6,true,52
2026-09-23 03:17:02.321,35.8777793,139.7406479,4.72,7.6,true,52
2026-09-23 03:17:09.897,35.877779,139.7406484,4.758,7.6,true,52
2026-09-23 03:17:17.453,35.8777787,139.7406482,4.773,7.6,true,52
2026-09-23 03:17:24.929,35.8777791,139.7406486,4.771,7.5,true,52
2026-09-23 03:17:32.444,35.8777791,139.7406495,4.566,7.5,true,52
2026-09-23 03:17:40.010,35.8777792,139.7406496,4.825,7.6,true,52
2026-09-23 03:17:47.593,35.8777791,139.7406491,4.877,7.6,true,52
2026-09-23 03:17:55.136,35.8777794,139.7406499,4.707,7.5,true,52
2026-09-23 03:18:02.659,35.8777795,139.7406493,4.742,7.5,true,52
2026-09-23 03:18:10.183,35.8777795,139.7406497,4.741,7.5,true,52
2026-09-23 03:18:17.735,35.8777794,139.7406499,4.986,7.6,true,52
2026-09-23 03:18:25.293,35.8777813,139.7406492,5.027,7.6,true,52
2026-09-23 03:18:32.913,35.8777806,139.7406496,5.049,7.6,true,52
2026-09-23 03:18:40.571,35.8777796,139.7406499,5.07,7.7,true,52
2026-09-23 03:18:48.109,35.8777796,139.7406499,4.999,7.5,true,52
2026-09-23 03:18:55.722,35.8777787,139.7406498,5.077,7.6,true,52
2026-09-23 03:19:03.177,35.8777776,139.7406498,5.129,7.5,true,52
2026-09-23 03:19:10.688,35.877778,139.7406487,5.186,7.5,true,52
2026-09-23 03:19:18.170,35.8777777,139.7406486,4.967,7.5,true,52
2026-09-23 03:19:25.709,35.8777776,139.7406484,5.217,7.5,true,52
2026-09-23 03:19:33.176,35.8777779,139.7406476,4.979,7.5,true,52
2026-09-23 03:19:40.733,35.8777781,139.7406465,4.972,7.6,true,52
2026-09-23 03:19:48.281,35.8777795,139.7406422,5.044,7.5,true,52
2026-09-23 03:19:55.883,35.8777796,139.7406416,5.309,7.6,true,52
2026-09-23 03:20:03.393,35.87778,139.7406425,5.302,7.5,true,52
2026-09-23 03:20:10.917,35.8777806,139.7406423,5.294,7.5,true,52
2026-09-23 03:20:18.557,35.8777804,139.7406428,5.293,7.6,true,52
2026-09-23 03:20:26.096,35.8777796,139.7406448,5.189,7.5,true,52
2026-09-23 03:20:33.616,35.8777803,139.7406449,5.116,7.5,true,52
2026-09-23 03:20:41.134,35.8777801,139.7406457,5.023,7.5,true,52
2026-09-23 03:20:48.652,35.8777785,139.7406463,4.962,7.5,true,52
2026-09-23 03:20:56.276,35.877778,139.7406478,4.625,7.6,true,52
2026-09-23 03:21:03.770,35.8777784,139.7406482,4.624,7.5,true,52
2026-09-23 03:21:11.400,35.8777787,139.7406481,4.831,7.6,true,52
2026-09-23 03:21:18.892,35.8777792,139.7406489,4.832,7.5,true,52
2026-09-23 03:21:26.396,35.8777788,139.7406492,4.829,7.5,true,52
2026-09-23 03:21:33.912,35.8777789,139.7406492,4.835,7.5,true,52
2026-09-23 03:21:41.574,35.8777778,139.7406502,4.848,7.7,true,52
2026-09-23 03:21:49.137,35.8777773,139.7406496,4.814,7.6,true,52
2026-09-23 03:21:56.713,35.8777764,139.7406504,4.842,7.6,true,52
2026-09-23 03:22:04.328,35.8777777,139.7406492,4.83,7.6,true,52
2026-09-23 03:22:11.866,35.8777789,139.7406485,4.596,7.5,true,52
2026-09-23 03:22:19.375,35.8777792,139.7406483,4.822,7.5,true,52
2026-09-23 03:22:26.941,35.8777788,139.740648,4.87,7.6,true,52
2026-09-23 03:22:34.463,35.8777789,139.7406486,4.842,7.5,true,52
2026-09-23 03:22:42.006,35.8777796,139.740647,4.841,7.5,true,52
2026-09-23 03:22:49.532,35.8777798,139.7406465,4.835,7.5,true,52
2026-09-23 03:22:57.110,35.8777802,139.7406463,4.852,7.6,true,52
2026-09-23 03:23:04.602,35.8777802,139.740644,4.909,7.5,true,52
2026-09-23 03:23:12.177,35.8777797,139.7406426,4.856,7.6,true,52
2026-09-23 03:23:19.635,35.8777799,139.7406416,4.888,7.5,true,52
2026-09-23 03:23:27.266,35.8777805,139.7406378,4.991,7.6,true,52
2026-09-23 03:23:34.759,35.8777806,139.740638,4.937,7.5,true,52
2026-09-23 03:23:42.277,35.8777809,139.7406371,4.937,7.5,true,52
2026-09-23 03:23:49.776,35.8777809,139.7406378,4.924,7.5,true,51
2026-09-23 03:23:57.334,35.8777808,139.7406381,4.906,7.6,true,51
2026-09-23 03:24:04.876,35.8777809,139.7406393,4.914,7.5,true,51
2026-09-23 03:24:12.389,35.877781,139.740638,4.989,7.5,true,51
2026-09-23 03:24:19.997,35.8777839,139.7406369,4.979,7.6,true,51
2026-09-23 03:24:27.550,35.8777836,139.7406368,4.88,7.6,true,51
2026-09-23 03:24:35.053,35.8777845,139.7406374,4.529,7.5,true,51
2026-09-23 03:24:42.689,35.8777846,139.7406374,4.744,7.6,true,51
2026-09-23 03:24:50.281,35.8777845,139.740639,4.726,7.6,true,51
2026-09-23 03:24:57.845,35.8777848,139.7406387,4.742,7.6,true,51
2026-09-23 03:25:05.300,35.877785,139.7406384,4.735,7.5,true,51
2026-09-23 03:25:12.829,35.8777856,139.7406354,4.977,7.5,true,51
2026-09-23 03:25:20.411,35.8777853,139.7406362,4.607,7.6,true,51
2026-09-23 03:25:27.963,35.8777852,139.7406362,4.857,7.6,true,51
2026-09-23 03:25:35.553,35.8777851,139.7406362,4.864,7.6,true,51
2026-09-23 03:25:42.992,35.8777848,139.7406365,4.834,7.4,true,51
2026-09-23 03:25:50.580,35.8777844,139.7406368,4.811,7.6,true,51
2026-09-23 03:25:58.086,35.8777838,139.7406355,4.799,7.5,true,51
2026-09-23 03:26:05.633,35.8777842,139.7406353,4.838,7.5,true,51
2026-09-23 03:26:13.216,35.877785,139.7406359,4.824,7.6,true,51
2026-09-23 03:26:20.792,35.8777848,139.7406357,4.846,7.6,true,51
2026-09-23 03:26:28.288,35.8777844,139.740636,4.889,7.5,true,51
2026-09-23 03:26:35.828,35.877784,139.7406366,4.937,7.5,true,51
2026-09-23 03:26:43.442,35.8777836,139.7406374,4.964,7.6,true,51
2026-09-23 03:26:50.979,35.8777839,139.7406377,4.998,7.5,true,51
2026-09-23 03:26:58.485,35.8777849,139.7406354,4.742,7.5,true,51
2026-09-23 03:27:05.961,35.8777849,139.7406355,4.979,7.5,true,51
2026-09-23 03:27:13.570,35.8777845,139.7406357,4.905,7.6,true,51
2026-09-23 03:27:21.046,35.8777843,139.7406366,4.618,7.5,true,51
2026-09-23 03:27:28.630,35.8777842,139.7406368,4.881,7.6,true,51
2026-09-23 03:27:36.210,35.8777843,139.740638,4.876,7.6,true,51
2026-09-23 03:27:43.723,35.8777843,139.7406379,4.856,7.5,true,51
2026-09-23 03:27:51.249,35.8777838,139.7406383,4.891,7.5,true,51
2026-09-23 03:27:58.801,35.8777831,139.7406395,4.974,7.6,true,51
2026-09-23 03:28:06.313,35.8777832,139.7406394,5.012,7.5,true,51
2026-09-23 03:28:13.817,35.8777854,139.7406353,4.895,7.5,true,51
2026-09-23 03:28:21.303,35.8777856,139.7406352,4.909,7.5,true,51
2026-09-23 03:28:28.770,35.8777872,139.7406347,4.866,7.5,true,51
2026-09-23 03:28:36.356,35.8777873,139.7406331,4.839,7.6,true,51
2026-09-23 03:28:43.861,35.8777869,139.740633,4.779,7.5,true,51
2026-09-23 03:28:51.440,35.8777869,139.740632,4.784,7.6,true,51
2026-09-23 03:28:58.946,35.8777886,139.7406302,4.852,7.5,true,51
2026-09-23 03:29:06.569,35.8777885,139.7406296,4.896,7.6,true,51
2026-09-23 03:29:14.248,35.8777893,139.7406298,4.912,7.7,true,51
2026-09-23 03:29:21.752,35.8777887,139.7406302,4.918,7.5,true,51
2026-09-23 03:29:29.200,35.8777881,139.74063,4.883,7.4,true,51
2026-09-23 03:29:36.694,35.8777877,139.7406299,4.867,7.5,true,51
2026-09-23 03:29:44.273,35.8777883,139.7406295,4.887,7.6,true,51
2026-09-23 03:29:51.740,35.8777901,139.7406298,4.954,7.5,true,51
2026-09-23 03:29:59.298,35.8777896,139.7406292,4.949,7.6,true,51
2026-09-23 03:30:06.881,35.8777894,139.7406312,4.699,7.6,true,51
2026-09-23 03:30:14.389,35.8777894,139.7406316,4.971,7.5,true,51
2026-09-23 03:30:21.964,35.8777892,139.7406299,4.667,7.6,true,51
2026-09-23 03:30:29.587,35.8777891,139.7406301,4.918,7.6,true,51
2026-09-23 03:30:37.151,35.8777886,139.7406311,4.897,7.6,true,51
2026-09-23 03:30:44.702,35.8777885,139.7406321,4.885,7.6,true,51
2026-09-23 03:30:52.281,35.8777886,139.740633,4.882,7.6,true,51
2026-09-23 03:30:59.824,35.877788,139.7406338,4.908,7.5,true,51
2026-09-23 03:31:07.426,35.8777891,139.7406328,4.931,7.6,true,51
2026-09-23 03:31:15.051,35.8777887,139.7406312,4.865,7.6,true,51
2026-09-23 03:31:22.600,35.8777896,139.7406325,4.877,7.5,true,51
2026-09-23 03:31:30.127,35.8777891,139.7406314,4.887,7.5,true,51
2026-09-23 03:31:37.728,35.8777886,139.7406315,4.876,7.6,true,51
2026-09-23 03:31:45.237,35.877789,139.7406314,4.907,7.5,true,51
2026-09-23 03:31:52.787,35.8777891,139.7406317,4.88,7.6,true,51
2026-09-23 03:32:00.249,35.8777908,139.7406281,4.696,7.5,true,51
2026-09-23 03:32:07.856,35.8777909,139.740628,4.916,7.6,true,51
2026-09-23 03:32:15.328,35.8777899,139.7406276,4.615,7.5,true,51
2026-09-23 03:32:22.804,35.8777897,139.7406277,4.834,7.5,true,51
2026-09-23 03:32:30.319,35.8777901,139.7406261,4.918,7.5,true,51
2026-09-23 03:32:37.824,35.8777896,139.7406259,4.903,7.5,true,51
2026-09-23 03:32:45.312,35.8777889,139.7406253,4.676,7.5,true,51
2026-09-23 03:32:52.776,35.8777888,139.7406252,4.918,7.5,true,51
2026-09-23 03:33:00.360,35.8777886,139.7406249,4.669,7.6,true,51
2026-09-23 03:33:07.983,35.8777884,139.7406247,4.915,7.6,true,51
2026-09-23 03:33:15.423,35.8777881,139.740626,4.761,7.4,true,51
2026-09-23 03:33:22.910,35.8777881,139.7406262,5.032,7.5,true,51
2026-09-23 03:33:30.500,35.877788,139.7406256,4.966,7.6,true,51
2026-09-23 03:33:38.045,35.8777882,139.7406256,4.932,7.5,true,51
2026-09-23 03:33:45.663,35.8777876,139.7406246,4.894,7.6,true,51
2026-09-23 03:33:53.113,35.8777869,139.7406267,4.903,7.5,true,51
2026-09-23 03:34:00.594,35.8777869,139.7406253,4.68,7.5,true,51
2026-09-23 03:34:08.187,35.8777868,139.7406252,4.916,7.6,true,51
2026-09-23 03:34:15.742,35.8777869,139.7406259,5.03,7.6,true,51
2026-09-23 03:34:23.258,35.8777864,139.7406262,5.038,7.5,true,51
2026-09-23 03:34:30.764,35.8777872,139.7406237,5.077,7.5,true,51
2026-09-23 03:34:38.279,35.8777879,139.740625,5.05,7.5,true,51
2026-09-23 03:34:45.744,35.8777875,139.7406247,5.04,7.5,true,51
2026-09-23 03:34:53.236,35.8777875,139.7406252,5.055,7.5,true,51
2026-09-23 03:35:00.756,35.8777871,139.7406237,5.067,7.5,true,51
2026-09-23 03:35:08.276,35.877788,139.7406233,5.059,7.5,true,51
2026-09-23 03:35:15.833,35.8777874,139.7406232,5.058,7.6,true,51
2026-09-23 03:35:23.340,35.877787,139.7406233,5.042,7.5,true,51
2026-09-23 03:35:30.790,35.8777868,139.7406246,4.996,7.5,true,51
2026-09-23 03:35:38.274,35.8777868,139.7406253,4.975,7.5,true,51
2026-09-23 03:35:45.900,35.8777872,139.740624,5.007,7.6,true,51
2026-09-23 03:35:53.321,35.877789,139.7406242,4.964,7.4,true,51
2026-09-23 03:36:00.871,35.8777878,139.7406255,4.866,7.6,true,51
2026-09-23 03:36:08.541,35.8777876,139.7406252,5.109,7.7,true,51
2026-09-23 03:36:16.062,35.8777865,139.740626,5.057,7.5,true,51
2026-09-23 03:36:23.586,35.8777857,139.7406261,5.148,7.5,true,51
2026-09-23 03:36:31.185,35.8777848,139.7406266,5.257,7.6,true,51
2026-09-23 03:36:38.692,35.877785,139.7406282,5.303,7.5,true,51
2026-09-23 03:36:46.144,35.8777844,139.7406291,5.326,7.5,true,51
2026-09-23 03:36:53.717,35.8777839,139.7406293,5.383,7.6,true,51
2026-09-23 03:37:01.229,35.8777837,139.74063,5.443,7.5,true,51
2026-09-23 03:37:08.813,35.8777832,139.7406319,5.516,7.6,true,51
2026-09-23 03:37:16.364,35.8777829,139.7406326,5.579,7.6,true,51
2026-09-23 03:37:24.001,35.8777823,139.7406331,5.61,7.6,true,51
2026-09-23 03:37:31.565,35.8777825,139.7406335,5.571,7.6,true,51
2026-09-23 03:37:39.131,35.8777817,139.7406353,5.391,7.6,true,51
2026-09-23 03:37:46.732,35.8777815,139.7406354,5.65,7.6,true,51
2026-09-23 03:37:54.265,35.8777821,139.7406366,5.604,7.5,true,51
2026-09-23 03:38:01.765,35.8777817,139.740637,5.614,7.5,true,51
2026-09-23 03:38:09.333,35.8777826,139.740636,5.58,7.6,true,51
2026-09-23 03:38:16.933,35.8777829,139.7406365,5.707,7.6,true,51
2026-09-23 03:38:24.388,35.8777822,139.7406374,5.721,7.5,true,51
2026-09-23 03:38:31.877,35.8777817,139.7406378,5.736,7.5,true,51
2026-09-23 03:38:39.303,35.8777816,139.7406385,5.751,7.4,true,51
2026-09-23 03:38:46.792,35.877783,139.7406369,5.597,7.5,true,51
2026-09-23 03:38:54.408,35.8777831,139.7406347,5.521,7.6,true,51
2026-09-23 03:39:01.850,35.8777826,139.7406348,5.517,7.4,true,51
2026-09-23 03:39:09.315,35.8777821,139.7406347,5.061,7.5,true,51
2026-09-23 03:39:16.941,35.8777822,139.7406347,5.285,7.6,true,51
2026-09-23 03:39:24.530,35.8777817,139.7406351,5.294,7.6,true,51
2026-09-23 03:39:32.085,35.877782,139.7406366,5.256,7.6,true,51
2026-09-23 03:39:39.634,35.8777816,139.7406374,5.274,7.5,true,51
2026-09-23 03:39:47.179,35.8777815,139.7406375,5.34,7.5,true,51
2026-09-23 03:39:54.541,35.877783,139.740638,5.36,7.4,true,51
2026-09-23 03:40:02.062,35.8777841,139.7406359,5.334,7.5,true,51
2026-09-23 03:40:09.567,35.8777836,139.7406359,5.393,7.5,true,51
2026-09-23 03:40:17.021,35.8777832,139.7406363,5.433,7.5,true,51
2026-09-23 03:40:24.602,35.8777829,139.7406373,5.394,7.6,true,51
2026-09-23 03:40:32.078,35.8777831,139.7406377,5.323,7.5,true,51
2026-09-23 03:40:39.601,35.8777823,139.7406382,5.02,7.5,true,51
2026-09-23 03:40:47.074,35.8777824,139.7406381,5.232,7.5,true,51
2026-09-23 03:40:54.634,35.8777817,139.7406388,5.248,7.6,true,51
2026-09-23 03:41:02.154,35.8777813,139.7406399,4.949,7.5,true,51
2026-09-23 03:41:09.684,35.8777812,139.7406399,5.166,7.5,true,51
2026-09-23 03:41:17.150,35.8777804,139.7406405,5.106,7.5,true,51
2026-09-23 03:41:24.616,35.8777805,139.7406414,5.063,7.5,true,50
2026-09-23 03:41:32.143,35.87778,139.7406411,5.014,7.5,true,50
2026-09-23 03:41:39.601,35.877781,139.7406395,4.943,7.5,true,50
2026-09-23 03:41:47.120,35.8777804,139.7406393,4.915,7.5,true,50
2026-09-23 03:41:54.620,35.8777797,139.7406404,4.93,7.5,true,50
2026-09-23 03:42:02.147,35.8777816,139.7406409,4.956,7.5,true,50
2026-09-23 03:42:09.726,35.8777809,139.7406418,4.969,7.6,true,50
2026-09-23 03:42:17.214,35.8777801,139.7406424,4.96,7.5,true,50
2026-09-23 03:42:24.700,35.8777795,139.7406434,5.019,7.5,true,50
2026-09-23 03:42:32.277,35.8777793,139.7406414,4.802,7.6,true,50
2026-09-23 03:42:39.802,35.8777794,139.7406415,5.041,7.5,true,50
2026-09-23 03:42:47.257,35.8777806,139.7406391,5.087,7.5,true,50
2026-09-23 03:42:54.727,35.8777802,139.7406402,5.055,7.5,true,50
2026-09-23 03:43:02.369,35.8777798,139.7406412,5.083,7.6,true,50
2026-09-23 03:43:09.877,35.8777791,139.7406413,4.86,7.5,true,50
2026-09-23 03:43:17.487,35.877779,139.7406415,5.087,7.6,true,50
2026-09-23 03:43:24.949,35.8777786,139.7406386,5.049,7.5,true,50
2026-09-23 03:43:32.516,35.8777783,139.7406398,5.086,7.6,true,50
2026-09-23 03:43:40.015,35.8777777,139.7406398,4.922,7.5,true,50
2026-09-23 03:43:47.571,35.8777776,139.7406399,5.155,7.6,true,50
2026-09-23 03:43:55.195,35.8777778,139.7406398,5.124,7.6,true,50
2026-09-23 03:44:02.761,35.8777779,139.7406411,5.164,7.6,true,50
2026-09-23 03:44:10.262,35.877778,139.7406424,5.133,7.5,true,50
2026-09-23 03:44:17.743,35.8777817,139.7406427,5.069,7.5,true,50
2026-09-23 03:44:25.191,35.8777815,139.7406427,5.034,7.4,true,50
2026-09-23 03:44:32.731,35.8777814,139.7406428,5.045,7.5,true,50
2026-09-23 03:44:40.261,35.8777826,139.7406407,5.059,7.5,true,50
2026-09-23 03:44:47.733,35.8777824,139.7406405,5.047,7.5,true,50
2026-09-23 03:44:55.213,35.877782,139.7406408,5.067,7.5,true,50
2026-09-23 03:45:02.743,35.8777872,139.7406404,5.158,7.5,true,50
2026-09-23 03:45:10.220,35.8777866,139.7406409,5.182,7.5,true,50
2026-09-23 03:45:17.686,35.8777855,139.7406401,5.189,7.5,true,50
2026-09-23 03:45:25.197,35.8777851,139.7406396,5.13,7.5,true,50
2026-09-23 03:45:32.674,35.8777843,139.7406406,5.143,7.5,true,50
2026-09-23 03:45:40.109,35.8777835,139.7406411,4.958,7.4,true,50
2026-09-23 03:45:47.638,35.8777834,139.7406409,5.185,7.5,true,50
2026-09-23 03:45:55.156,35.8777829,139.7406407,5.199,7.5,true,50
2026-09-23 03:46:02.670,35.8777823,139.7406404,5.241,7.5,true,50
2026-09-23 03:46:10.135,35.8777822,139.7406411,5.165,7.5,true,50
2026-09-23 03:46:17.730,35.8777848,139.7406428,5.146,7.6,true,50
2026-09-23 03:46:25.191,35.8777847,139.7406437,5.177,7.5,true,50
2026-09-23 03:46:32.688,35.8777843,139.740643,5.216,7.5,true,50
2026-09-23 03:46:40.163,35.8777836,139.7406431,5.27,7.5,true,50
2026-09-23 03:46:47.618,35.877783,139.7406429,5.277,7.5,true,50
2026-09-23 03:46:55.077,35.8777827,139.7406406,5.007,7.5,true,50
2026-09-23 03:47:02.573,35.8777826,139.7406403,5.21,7.5,true,50
2026-09-23 03:47:10.054,35.8777821,139.740642,5.093,7.5,true,50
2026-09-23 03:47:17.502,35.8777822,139.7406432,4.973,7.4,true,50
2026-09-23 03:47:24.987,35.8777827,139.7406401,5.026,7.5,true,50
2026-09-23 03:47:32.461,35.877784,139.7406411,4.969,7.5,true,50
2026-09-23 03:47:39.919,35.8777838,139.7406413,5.014,7.5,true,50
2026-09-23 03:47:47.426,35.8777838,139.7406418,5.023,7.5,true,50
2026-09-23 03:47:54.906,35.8777834,139.7406413,5.084,7.5,true,50
2026-09-23 03:48:02.350,35.8777828,139.7406413,4.86,7.4,true,50
2026-09-23 03:48:09.841,35.8777827,139.7406411,5.094,7.5,true,50
2026-09-23 03:48:17.312,35.8777822,139.740641,4.76,7.5,true,50
2026-09-23 03:48:24.781,35.8777822,139.7406408,4.98,7.5,true,50
2026-09-23 03:48:32.299,35.8777823,139.7406415,5.007,7.5,true,50
2026-09-23 03:48:39.823,35.8777829,139.7406415,5.056,7.5,true,50
2026-09-23 03:48:47.305,35.877782,139.7406419,4.857,7.5,true,50
2026-09-23 03:48:54.801,35.8777821,139.7406418,5.123,7.5,true,50
2026-09-23 03:49:02.362,35.8777827,139.7406429,4.854,7.6,true,50
2026-09-23 03:49:09.864,35.8777826,139.7406432,5.102,7.5,true,50
2026-09-23 03:49:17.345,35.8777824,139.740643,5.059,7.5,true,50
2026-09-23 03:49:24.871,35.8777817,139.7406438,5.008,7.5,true,50
2026-09-23 03:49:32.378,35.8777811,139.7406435,4.742,7.5,true,50
2026-09-23 03:49:39.847,35.8777809,139.7406435,4.982,7.5,true,50
2026-09-23 03:49:47.314,35.8777811,139.7406443,5.021,7.5,true,50
2026-09-23 03:49:54.802,35.8777812,139.7406448,4.971,7.5,true,50
2026-09-23 03:50:02.250,35.877783,139.7406445,4.675,7.4,true,50
2026-09-23 03:50:09.690,35.8777831,139.7406448,4.854,7.4,true,50
2026-09-23 03:50:17.198,35.8777832,139.7406432,4.625,7.5,true,50
2026-09-23 03:50:24.685,35.8777833,139.7406433,4.822,7.5,true,50
2026-09-23 03:50:32.181,35.8777833,139.7406433,4.772,7.5,true,50
2026-09-23 03:50:39.675,35.8777839,139.7406413,4.793,7.5,true,50
2026-09-23 03:50:47.118,35.8777839,139.7406414,4.848,7.4,true,50
2026-09-23 03:50:54.623,35.8777826,139.7406421,4.709,7.5,true,50
2026-09-23 03:51:02.067,35.8777827,139.7406421,4.967,7.4,true,50
2026-09-23 03:51:09.623,35.8777823,139.7406421,4.962,7.6,true,50
2026-09-23 03:51:17.059,35.877782,139.7406428,4.958,7.4,true,50
2026-09-23 03:51:24.436,35.8777826,139.740645,4.74,7.4,true,50
2026-09-23 03:51:31.996,35.8777826,139.7406451,4.99,7.6,true,50
2026-09-23 03:51:39.491,35.8777828,139.7406452,5.099,7.5,true,50
2026-09-23 03:51:47.025,35.8777817,139.7406465,5.075,7.5,true,50
2026-09-23 03:51:54.616,35.8777813,139.7406459,5.032,7.6,true,50
2026-09-23 03:52:02.095,35.8777814,139.7406464,4.982,7.5,true,50
2026-09-23 03:52:09.565,35.8777842,139.7406467,4.767,7.5,true,50
2026-09-23 03:52:17.043,35.8777844,139.7406466,4.992,7.5,true,50
2026-09-23 03:52:24.530,35.8777837,139.7406464,4.991,7.5,true,50
2026-09-23 03:52:31.984,35.8777829,139.7406465,5.02,7.5,true,50
2026-09-23 03:52:39.498,35.8777826,139.7406463,5.046,7.5,true,50
2026-09-23 03:52:46.967,35.877784,139.7406454,5.093,7.5,true,50
2026-09-23 03:52:54.418,35.8777835,139.7406452,5.121,7.5,true,50
2026-09-23 03:53:01.980,35.8777843,139.7406447,5.169,7.6,true,50
2026-09-23 03:53:09.510,35.8777839,139.7406442,5.223,7.5,true,50
2026-09-23 03:53:17.024,35.8777853,139.7406446,5.197,7.5,true,50
2026-09-23 03:53:24.526,35.877784,139.740645,5.189,7.5,true,50
2026-09-23 03:53:32.006,35.877783,139.7406456,5.217,7.5,true,50
2026-09-23 03:53:39.482,35.8777837,139.7406449,5.196,7.5,true,50
2026-09-23 03:53:47.029,35.8777835,139.7406427,5.221,7.5,true,50
2026-09-23 03:53:54.537,35.877784,139.7406402,5.354,7.5,true,50
2026-09-23 03:54:02.129,35.8777843,139.7406398,5.474,7.6,true,50
2026-09-23 03:54:09.621,35.8777847,139.7406392,5.522,7.5,true,50
2026-09-23 03:54:17.136,35.8777846,139.7406392,5.46,7.5,true,50
2026-09-23 03:54:24.651,35.877784,139.7406393,5.516,7.5,true,50
2026-09-23 03:54:32.119,35.8777844,139.7406369,5.529,7.5,true,50
2026-09-23 03:54:39.681,35.8777841,139.740637,5.528,7.6,true,50
2026-09-23 03:54:47.200,35.8777833,139.7406378,5.516,7.5,true,50
2026-09-23 03:54:54.658,35.8777837,139.7406391,5.449,7.5,true,50
2026-09-23 03:55:02.120,35.8777833,139.7406411,5.147,7.5,true,50
2026-09-23 03:55:09.631,35.8777834,139.7406413,5.399,7.5,true,50
2026-09-23 03:55:17.150,35.877784,139.7406398,5.342,7.5,true,50
2026-09-23 03:55:24.646,35.8777837,139.7406401,5.338,7.5,true,50
2026-09-23 03:55:32.134,35.8777857,139.7406398,5.077,7.5,true,50
2026-09-23 03:55:39.641,35.8777858,139.74064,5.298,7.5,true,50
2026-09-23 03:55:47.013,35.8777846,139.740641,5.094,7.4,true,50
2026-09-23 03:55:54.551,35.8777846,139.7406411,5.34,7.5,true,50
2026-09-23 03:56:01.989,35.8777844,139.740641,5.073,7.4,true,50
2026-09-23 03:56:09.536,35.8777838,139.7406414,5.115,7.5,true,50
2026-09-23 03:56:17.076,35.8777837,139.7406416,5.363,7.5,true,50
2026-09-23 03:56:24.590,35.8777838,139.7406415,5.396,7.5,true,50
2026-09-23 03:56:32.017,35.8777835,139.740643,5.13,7.4,true,50
2026-09-23 03:56:39.515,35.8777836,139.7406433,5.305,7.5,true,50
2026-09-23 03:56:47.019,35.8777831,139.7406438,5.265,7.5,true,50
2026-09-23 03:56:54.557,35.8777835,139.7406451,5.225,7.5,true,50
2026-09-23 03:57:02.067,35.8777829,139.7406449,5.22,7.5,true,50
2026-09-23 03:57:09.632,35.8777838,139.740643,5.26,7.6,true,50
2026-09-23 03:57:17.204,35.8777845,139.7406398,5.215,7.6,true,50
2026-09-23 03:57:24.742,35.8777846,139.7406395,5.23,7.5,true,50
2026-09-23 03:57:32.330,35.8777838,139.7406393,5.229,7.6,true,50
2026-09-23 03:57:39.906,35.877784,139.7406397,5.229,7.6,true,50
2026-09-23 03:57:47.390,35.877783,139.7406398,5.024,7.5,true,50
2026-09-23 03:57:54.936,35.8777828,139.7406397,5.241,7.5,true,50
2026-09-23 03:58:02.474,35.8777824,139.7406405,5.209,7.5,true,50
2026-09-23 03:58:10.003,35.8777836,139.7406388,5.139,7.5,true,50
2026-09-23 03:58:17.563,35.8777835,139.7406396,5.178,7.6,true,50
2026-09-23 03:58:25.169,35.8777849,139.7406395,5.131,7.6,true,50
2026-09-23 03:58:32.716,35.8777848,139.7406384,5.077,7.5,true,50
2026-09-23 03:58:40.351,35.8777861,139.7406393,5.084,7.6,true,50
2026-09-23 03:58:47.869,35.8777859,139.74064,5.105,7.5,true,50
2026-09-23 03:58:55.476,35.877786,139.740639,5.143,7.6,true,50
2026-09-23 03:59:02.970,35.8777861,139.7406372,5.174,7.5,true,50
2026-09-23 03:59:10.496,35.8777872,139.7406364,5.211,7.5,true,49
2026-09-23 03:59:18.121,35.8777871,139.7406371,5.22,7.6,true,49
2026-09-23 03:59:25.679,35.8777867,139.7406377,5.271,7.6,true,49
2026-09-23 03:59:33.172,35.8777861,139.7406381,5.248,7.5,true,49
2026-09-23 03:59:40.748,35.8777857,139.7406382,5.232,7.6,true,49
2026-09-23 03:59:48.227,35.8777842,139.7406396,5.165,7.5,true,49
2026-09-23 03:59:55.763,35.8777843,139.7406398,5.166,7.5,true,49
2026-09-23 04:00:03.261,35.8777854,139.74064,5.142,7.5,true,49
2026-09-23 04:00:10.841,35.877786,139.7406417,5.113,7.6,true,49
2026-09-23 04:00:18.413,35.8777857,139.7406435,5.102,7.6,true,49
2026-09-23 04:00:26.020,35.8777867,139.7406441,5.031,7.6,true,49
2026-09-23 04:00:33.560,35.877785,139.7406452,4.762,7.5,true,49
2026-09-23 04:00:41.061,35.8777849,139.7406453,5.041,7.5,true,49
2026-09-23 04:00:48.635,35.877787,139.7406432,4.735,7.6,true,49
2026-09-23 04:00:56.234,35.8777871,139.740643,4.98,7.6,true,49
2026-09-23 04:01:03.675,35.8777863,139.740642,4.962,7.4,true,49
2026-09-23 04:01:11.270,35.8777852,139.7406431,4.947,7.6,true,49
2026-09-23 04:01:18.837,35.8777841,139.7406434,4.959,7.6,true,49
2026-09-23 04:01:26.364,35.8777841,139.7406438,4.955,7.5,true,49
2026-09-23 04:01:33.871,35.8777833,139.7406443,4.944,7.5,true,49
2026-09-23 04:01:41.485,35.8777832,139.740644,4.937,7.6,true,49
2026-09-23 04:01:49.029,35.8777819,139.7406444,4.976,7.5,true,49
2026-09-23 04:01:56.539,35.8777811,139.7406448,5.0,7.5,true,49
2026-09-23 04:02:03.999,35.8777828,139.7406421,4.94,7.5,true,49
2026-09-23 04:02:11.644,35.8777829,139.7406417,4.963,7.6,true,49
2026-09-23 04:02:19.164,35.8777821,139.7406419,4.968,7.5,true,49
2026-09-23 04:02:26.749,35.8777817,139.7406419,5.229,7.6,true,49
2026-09-23 04:02:34.321,35.8777815,139.7406421,5.131,7.6,true,49
2026-09-23 04:02:41.774,35.877782,139.7406419,5.05,7.5,true,49
2026-09-23 04:02:49.401,35.8777819,139.7406402,5.024,7.6,true,49
2026-09-23 04:02:56.940,35.8777828,139.7406414,4.713,7.5,true,49
2026-09-23 04:03:04.438,35.8777829,139.7406413,4.998,7.5,true,49
2026-09-23 04:03:12.008,35.8777828,139.7406417,4.994,7.6,true,49
2026-09-23 04:03:19.556,35.8777835,139.7406424,4.959,7.5,true,49
2026-09-23 04:03:27.115,35.8777846,139.7406419,4.952,7.6,true,49
2026-09-23 04:03:34.644,35.8777836,139.7406423,4.962,7.5,true,49
2026-09-23 04:03:42.236,35.8777854,139.7406421,4.932,7.6,true,49
2026-09-23 04:03:49.773,35.8777852,139.7406431,4.906,7.5,true,49
2026-09-23 04:03:57.336,35.8777851,139.7406445,4.879,7.6,true,49
2026-09-23 04:04:04.824,35.8777846,139.740645,4.925,7.5,true,49
2026-09-23 04:04:12.403,35.877784,139.7406452,4.974,7.6,true,49
2026-09-23 04:04:19.999,35.8777843,139.7406447,5.003,7.6,true,49
2026-09-23 04:04:27.596,35.8777846,139.7406457,4.866,7.6,true,49
2026-09-23 04:04:35.153,35.8777847,139.7406467,4.808,7.6,true,49
2026-09-23 04:04:42.716,35.877784,139.7406467,4.759,7.6,true,49
2026-09-23 04:04:50.348,35.8777844,139.740647,4.761,7.6,true,49
2026-09-23 04:04:57.884,35.8777842,139.7406477,4.804,7.5,true,49
2026-09-23 04:05:05.363,35.877784,139.7406471,4.597,7.5,true,49
2026-09-23 04:05:12.922,35.877784,139.7406473,4.844,7.6,true,49
2026-09-23 04:05:20.402,35.8777859,139.7406474,4.665,7.5,true,49
2026-09-23 04:05:28.029,35.8777861,139.7406473,4.89,7.6,true,49
2026-09-23 04:05:35.594,35.8777858,139.7406471,4.845,7.6,true,49
2026-09-23 04:05:43.154,35.8777851,139.7406473,4.885,7.6,true,49
2026-09-23 04:05:50.731,35.877786,139.7406473,4.914,7.6,true,49
2026-09-23 04:05:58.307,35.8777864,139.7406481,4.918,7.6,true,49
2026-09-23 04:06:05.744,35.8777866,139.7406477,4.94,7.4,true,49
2026-09-23 04:06:13.331,35.8777857,139.7406474,4.768,7.6,true,49
2026-09-23 04:06:20.947,35.8777861,139.7406473,5.012,7.6,true,49
2026-09-23 04:06:28.532,35.8777867,139.7406452,5.067,7.6,true,49
2026-09-23 04:06:36.120,35.8777888,139.740643,4.996,7.6,true,49
2026-09-23 04:06:43.681,35.8777884,139.7406418,5.164,7.6,true,49
2026-09-23 04:06:51.274,35.8777876,139.7406418,5.297,7.6,true,49
2026-09-23 04:06:58.820,35.8777868,139.7406425,5.409,7.5,true,49
2026-09-23 04:07:06.288,35.8777874,139.7406389,5.512,7.5,true,49
2026-09-23 04:07:13.883,35.8777868,139.7406382,5.579,7.6,true,49
2026-09-23 04:07:21.499,35.8777859,139.740639,5.575,7.6,true,49
2026-09-23 04:07:28.974,35.8777879,139.740637,5.617,7.5,true,49
2026-09-23 04:07:36.627,35.8777919,139.7406368,5.674,7.7,true,49
2026-09-23 04:07:44.232,35.8777903,139.7406361,5.588,7.6,true,49
2026-09-23 04:07:51.644,35.8777933,139.7406327,5.47,7.4,true,49
2026-09-23 04:07:59.249,35.8777936,139.7406324,5.72,7.6,true,49
2026-09-23 04:08:06.760,35.8777941,139.7406326,5.73,7.5,true,49
2026-09-23 04:08:14.388,35.8777925,139.7406338,5.728,7.6,true,49
2026-09-23 04:08:21.991,35.8777953,139.7406364,5.698,7.6,true,49
2026-09-23 04:08:29.532,35.8777941,139.7406359,5.711,7.5,true,49
2026-09-23 04:08:37.147,35.8777934,139.7406365,5.746,7.6,true,49
2026-09-23 04:08:44.663,35.8777928,139.7406357,5.776,7.5,true,49
2026-09-23 04:08:52.295,35.8777943,139.7406335,5.893,7.6,true,49
2026-09-23 04:08:59.843,35.8777959,139.7406335,5.658,7.5,true,49
2026-09-23 04:09:07.360,35.8777958,139.7406333,5.905,7.5,true,49
2026-09-23 04:09:14.901,35.8777944,139.7406352,5.637,7.5,true,49
2026-09-23 04:09:22.532,35.8777942,139.7406353,5.903,7.6,true,49
2026-09-23 04:09:30.078,35.8777926,139.7406361,5.645,7.5,true,49
2026-09-23 04:09:37.648,35.8777923,139.7406362,5.905,7.6,true,49
2026-09-23 04:09:45.128,35.8777913,139.7406381,5.67,7.5,true,49
2026-09-23 04:09:52.718,35.8777911,139.740638,5.963,7.6,true,49
2026-09-23 04:10:00.242,35.8777908,139.7406391,5.97,7.5,true,49
2026-09-23 04:10:07.781,35.8777899,139.7406381,5.96,7.5,true,49
2026-09-23 04:10:15.359,35.8777885,139.7406387,5.869,7.6,true,49
2026-09-23 04:10:22.896,35.8777921,139.7406373,5.645,7.5,true,49
2026-09-23 04:10:30.527,35.8777924,139.7406368,5.65,7.6,true,49
2026-09-23 04:10:38.058,35.8777909,139.7406354,5.364,7.5,true,49
2026-09-23 04:10:45.568,35.8777907,139.7406352,5.593,7.5,true,49
2026-09-23 04:10:53.225,35.8777899,139.7406371,5.555,7.7,true,49
2026-09-23 04:11:00.737,35.8777953,139.7406327,5.098,7.5,true,49
2026-09-23 04:11:08.273,35.8777953,139.7406313,5.133,7.5,true,49
2026-09-23 04:11:15.831,35.8777954,139.740631,5.373,7.6,true,49
2026-09-23 04:11:23.418,35.8777982,139.740629,5.318,7.6,true,49
2026-09-23 04:11:30.995,35.8777983,139.7406286,5.558,7.6,true,49
2026-09-23 04:11:38.622,35.8777984,139.7406283,5.602,7.6,true,49
2026-09-23 04:11:46.174,35.8777994,139.740626,5.63,7.6,true,49
2026-09-23 04:11:53.745,35.8777985,139.7406251,5.698,7.6,true,49
2026-09-23 04:12:01.243,35.8777981,139.7406247,5.409,7.5,true,49
2026-09-23 04:12:08.799,35.8777981,139.7406248,5.671,7.6,true,49
2026-09-23 04:12:16.365,35.8778015,139.7406243,5.388,7.6,true,49
2026-09-23 04:12:23.953,35.8778015,139.7406245,5.659,7.6,true,49
2026-09-23 04:12:31.531,35.8778041,139.7406202,5.437,7.6,true,49
2026-09-23 04:12:39.097,35.8778045,139.7406198,5.722,7.6,true,49
2026-09-23 04:12:46.682,35.8778087,139.7406202,5.844,7.6,true,49
2026-09-23 04:12:54.277,35.8778125,139.7406212,5.968,7.6,true,49
2026-09-23 04:13:01.818,35.8778119,139.7406206,5.835,7.5,true,49
2026-09-23 04:13:09.307,35.87781,139.7406206,5.734,7.5,true,49
2026-09-23 04:13:16.877,35.8778083,139.7406202,5.705,7.6,true,49
2026-09-23 04:13:24.470,35.8778066,139.7406206,5.684,7.6,true,49
2026-09-23 04:13:32.008,35.8778091,139.7406219,5.603,7.5,true,49
2026-09-23 04:13:39.652,35.8778077,139.7406222,5.539,7.6,true,49
2026-09-23 04:13:47.222,35.8778076,139.7406227,5.464,7.6,true,49
2026-09-23 04:13:54.718,35.8778072,139.7406229,5.159,7.5,true,49
2026-09-23 04:14:02.315,35.8778074,139.7406228,5.398,7.6,true,49
2026-09-23 04:14:09.826,35.8778041,139.7406227,5.104,7.5,true,49
2026-09-23 04:14:17.416,35.877804,139.7406224,5.319,7.6,true,49
2026-09-23 04:14:25.014,35.8778029,139.7406233,5.322,7.6,true,49
2026-09-23 04:14:32.573,35.8778018,139.7406242,5.304,7.6,true,49
2026-09-23 04:14:40.147,35.8778006,139.7406229,5.291,7.6,true,49
2026-09-23 04:14:47.731,35.8778003,139.7406224,5.284,7.6,true,49
2026-09-23 04:14:55.327,35.8778006,139.7406235,5.348,7.6,true,49
2026-09-23 04:15:02.871,35.8778023,139.7406209,5.045,7.5,true,49
2026-09-23 04:15:10.367,35.8778023,139.740621,5.305,7.5,true,49
2026-09-23 04:15:17.946,35.8778021,139.7406194,5.355,7.6,true,49
2026-09-23 04:15:25.521,35.8778013,139.7406197,5.398,7.6,true,49
2026-09-23 04:15:33.088,35.8778027,139.7406212,5.058,7.6,true,49
2026-09-23 04:15:40.661,35.8778029,139.7406215,5.276,7.6,true,49
2026-09-23 04:15:48.274,35.8778017,139.7406231,5.34,7.6,true,49
2026-09-23 04:15:55.805,35.8778029,139.7406231,5.369,7.5,true,49
2026-09-23 04:16:03.308,35.8778049,139.7406242,5.393,7.5,true,49
2026-09-23 04:16:10.909,35.8778036,139.7406255,5.428,7.6,true,49
2026-09-23 04:16:18.423,35.8778022,139.7406249,5.479,7.5,true,49
2026-09-23 04:16:26.069,35.8778019,139.7406256,5.522,7.6,true,49
2026-09-23 04:16:33.616,35.8778012,139.7406261,5.582,7.5,true,48
2026-09-23 04:16:41.176,35.877799,139.7406266,5.331,7.6,true,48
2026-09-23 04:16:48.753,35.8777989,139.7406268,5.595,7.6,true,48
2026-09-23 04:16:56.346,35.8777996,139.7406233,5.298,7.6,true,48
2026-09-23 04:17:03.790,35.8777998,139.7406231,5.549,7.4,true,48
2026-09-23 04:17:11.412,35.8777981,139.7406198,5.161,7.6,true,48
2026-09-23 04:17:18.852,35.8777981,139.7406195,5.392,7.4,true,48
2026-09-23 04:17:26.458,35.8777983,139.7406232,5.114,7.6,true,48
2026-09-23 04:17:33.936,35.8777984,139.7406235,5.33,7.5,true,48
2026-09-23 04:17:41.498,35.8777985,139.7406239,5.211,7.6,true,48
2026-09-23 04:17:49.035,35.8777978,139.7406232,4.985,7.5,true,48
2026-09-23 04:17:56.689,35.8777978,139.7406231,5.228,7.7,true,48
2026-09-23 04:18:04.119,35.877797,139.7406237,5.291,7.4,true,48
2026-09-23 04:18:11.742,35.877796,139.7406233,5.332,7.6,true,48
2026-09-23 04:18:19.278,35.8777962,139.7406245,5.292,7.5,true,48
2026-09-23 04:18:26.854,35.8777967,139.7406248,5.343,7.6,true,48
2026-09-23 04:18:34.405,35.8777959,139.7406215,5.13,7.6,true,48
2026-09-23 04:18:42.046,35.8777958,139.7406213,5.378,7.6,true,48
2026-09-23 04:18:49.593,35.8777971,139.7406226,5.123,7.5,true,48
2026-09-23 04:18:57.167,35.8777971,139.7406225,5.376,7.6,true,48
2026-09-23 04:19:04.726,35.8777988,139.7406225,5.35,7.6,true,48
2026-09-23 04:19:12.223,35.8777976,139.7406237,5.232,7.5,true,48
2026-09-23 04:19:19.817,35.8777964,139.7406249,5.225,7.6,true,48
2026-09-23 04:19:27.397,35.8777955,139.7406269,5.225,7.6,true,48
2026-09-23 04:19:34.993,35.8777943,139.7406296,5.267,7.6,true,48
2026-09-23 04:19:42.533,35.877792,139.740632,5.047,7.5,true,48
2026-09-23 04:19:50.101,35.8777916,139.7406321,5.309,7.6,true,48
2026-09-23 04:19:57.700,35.8777953,139.740631,5.187,7.6,true,48
2026-09-23 04:20:05.159,35.877794,139.740633,5.212,7.5,true,48
2026-09-23 04:20:12.772,35.877794,139.7406305,5.198,7.6,true,48
2026-09-23 04:20:20.316,35.8777938,139.7406291,5.185,7.5,true,48
2026-09-23 04:20:27.897,35.877792,139.7406312,5.058,7.6,true,48
2026-09-23 04:20:35.421,35.8777909,139.7406329,5.149,7.5,true,48
2026-09-23 04:20:42.951,35.8777896,139.7406339,5.263,7.5,true,48
2026-09-23 04:20:50.449,35.8777894,139.7406341,5.544,7.5,true,48
2026-09-23 04:20:58.007,35.8777885,139.7406336,5.569,7.6,true,48
2026-09-23 04:21:05.500,35.8777878,139.7406355,5.577,7.5,true,48
2026-09-23 04:21:13.065,35.8777863,139.7406369,5.422,7.6,true,48
2026-09-23 04:21:20.647,35.8777861,139.7406372,5.706,7.6,true,48
2026-09-23 04:21:28.197,35.8777875,139.7406367,5.677,7.5,true,48
2026-09-23 04:21:35.798,35.8777872,139.7406375,5.711,7.6,true,48
2026-09-23 04:21:43.350,35.8777867,139.7406388,5.74,7.6,true,48
2026-09-23 04:21:50.976,35.8777872,139.7406352,5.66,7.6,true,48
2026-09-23 04:21:58.513,35.8777894,139.7406342,5.584,7.5,true,48
2026-09-23 04:22:06.020,35.8777886,139.7406353,5.691,7.5,true,48
2026-09-23 04:22:13.645,35.8777881,139.7406351,5.717,7.6,true,48
2026-09-23 04:22:21.174,35.877787,139.7406368,5.514,7.5,true,48
2026-09-23 04:22:28.742,35.8777872,139.7406371,5.794,7.6,true,48
2026-09-23 04:22:36.210,35.8777911,139.7406359,5.3,7.5,true,48
2026-09-23 04:22:43.586,35.877791,139.7406363,5.252,7.4,true,48
2026-09-23 04:22:51.161,35.8777902,139.7406367,5.282,7.6,true,48
2026-09-23 04:22:58.656,35.8777901,139.7406368,5.542,7.5,true,48
2026-09-23 04:23:06.092,35.8777887,139.7406357,5.327,7.4,true,48
2026-09-23 04:23:13.723,35.8777889,139.7406355,5.598,7.6,true,48
2026-09-23 04:23:21.332,35.8777885,139.7406351,5.622,7.6,true,48
2026-09-23 04:23:28.763,35.8777871,139.740636,5.633,7.4,true,48
2026-09-23 04:23:36.311,35.8777889,139.7406361,5.226,7.5,true,48
2026-09-23 04:23:43.784,35.8777891,139.7406361,5.478,7.5,true,48
2026-09-23 04:23:51.289,35.8777888,139.7406375,5.499,7.5,true,48
2026-09-23 04:23:58.864,35.8777889,139.7406388,5.511,7.6,true,48
2026-09-23 04:24:06.332,35.8777875,139.7406389,5.265,7.5,true,48
2026-09-23 04:24:13.898,35.8777876,139.740639,5.533,7.6,true,48
2026-09-23 04:24:21.477,35.8777882,139.7406379,5.511,7.6,true,48
2026-09-23 04:24:28.964,35.8777885,139.7406376,5.481,7.5,true,48
2026-09-23 04:24:36.509,35.8777876,139.7406387,5.51,7.5,true,48
2026-09-23 04:24:44.011,35.8777875,139.7406401,5.548,7.5,true,48
2026-09-23 04:24:51.615,35.8777868,139.7406399,5.59,7.6,true,48
2026-09-23 04:24:59.162,35.8777861,139.7406416,5.581,7.5,true,48
2026-09-23 04:25:06.639,35.8777853,139.7406419,5.552,7.5,true,48
2026-09-23 04:25:14.212,35.8777868,139.7406409,5.55,7.6,true,48
2026-09-23 04:25:21.790,35.8777866,139.7406408,5.558,7.6,true,48
2026-09-23 04:25:29.442,35.8777892,139.7406397,5.587,7.7,true,48
2026-09-23 04:25:36.846,35.8777882,139.7406408,5.546,7.4,true,48
2026-09-23 04:25:44.476,35.8777875,139.7406411,5.532,7.6,true,48
2026-09-23 04:25:52.014,35.8777874,139.7406406,5.552,7.5,true,48
2026-09-23 04:25:59.598,35.8777867,139.7406413,5.596,7.6,true,48
2026-09-23 04:26:07.045,35.8777854,139.7406409,5.595,7.4,true,48
2026-09-23 04:26:14.677,35.8777844,139.7406419,5.342,7.6,true,48
2026-09-23 04:26:22.107,35.8777841,139.7406415,5.576,7.4,true,48
2026-09-23 04:26:29.739,35.8777843,139.7406421,5.638,7.6,true,48
2026-09-23 04:26:37.253,35.8777834,139.7406423,5.618,7.5,true,48
2026-09-23 04:26:44.760,35.8777832,139.7406412,5.604,7.5,true,48
2026-09-23 04:26:52.343,35.8777835,139.7406419,5.492,7.6,true,48
2026-09-23 04:26:59.784,35.877786,139.7406411,5.164,7.4,true,48
2026-09-23 04:27:07.247,35.8777861,139.7406409,5.415,7.5,true,48
2026-09-23 04:27:14.756,35.8777854,139.7406414,5.44,7.5,true,48
2026-09-23 04:27:22.229,35.877785,139.7406422,5.436,7.5,true,48
2026-09-23 04:27:29.702,35.8777844,139.7406434,5.458,7.5,true,48
2026-09-23 04:27:37.166,35.8777838,139.7406435,5.514,7.5,true,48
2026-09-23 04:27:44.693,35.8777855,139.7406429,5.488,7.5,true,48
2026-09-23 04:27:52.147,35.8777853,139.7406439,5.523,7.5,true,48
2026-09-23 04:27:59.632,35.8777858,139.7406446,5.561,7.5,true,48
2026-09-23 04:28:07.190,35.8777856,139.7406453,5.569,7.6,true,48
2026-09-23 04:28:14.726,35.8777844,139.7406471,5.232,7.5,true,48
2026-09-23 04:28:22.256,35.8777846,139.7406472,5.466,7.5,true,48
2026-09-23 04:28:29.791,35.8777831,139.740648,5.254,7.5,true,48
2026-09-23 04:28:37.306,35.8777832,139.740648,5.546,7.5,true,48
2026-09-23 04:28:44.744,35.8777855,139.7406464,5.48,7.4,true,48
2026-09-23 04:28:52.214,35.8777865,139.7406468,5.597,7.5,true,48
2026-09-23 04:28:59.781,35.8777852,139.7406426,5.314,7.6,true,48
2026-09-23 04:29:07.251,35.8777851,139.7406417,5.582,7.5,true,48
2026-09-23 04:29:14.735,35.8777852,139.7406406,5.296,7.5,true,48
2026-09-23 04:29:22.215,35.8777851,139.7406401,5.535,7.5,true,48
2026-09-23 04:29:29.806,35.8777846,139.7406414,5.543,7.6,true,48
2026-09-23 04:29:37.299,35.8777841,139.7406417,5.531,7.5,true,48
2026-09-23 04:29:44.898,35.8777849,139.7406427,5.506,7.6,true,48
2026-09-23 04:29:52.383,35.8777855,139.7406439,5.702,7.5,true,48
2026-09-23 04:29:59.797,35.8777849,139.7406448,5.721,7.4,true,48
2026-09-23 04:30:07.309,35.8777856,139.7406431,5.713,7.5,true,48
2026-09-23 04:30:14.779,35.8777849,139.7406433,5.699,7.5,true,48
2026-09-23 04:30:22.256,35.8777854,139.7406434,5.646,7.5,true,48
2026-09-23 04:30:29.734,35.8777864,139.7406429,5.556,7.5,true,48
2026-09-23 04:30:37.193,35.8777854,139.74064,5.22,7.5,true,48
2026-09-23 04:30:44.744,35.8777852,139.7406396,5.474,7.6,true,48
2026-09-23 04:30:52.200,35.8777866,139.7406388,5.468,7.5,true,48
2026-09-23 04:30:59.756,35.8777875,139.7406399,5.416,7.6,true,48
2026-09-23 04:31:07.209,35.8777881,139.7406403,5.134,7.5,true,48
2026-09-23 04:31:14.719,35.8777912,139.7406388,5.087,7.5,true,48
2026-09-23 04:31:22.263,35.8777919,139.7406374,5.042,7.5,true,48
2026-09-23 04:31:29.808,35.8777919,139.7406373,5.26,7.5,true,48
2026-09-23 04:31:37.331,35.8777918,139.7406383,4.974,7.5,true,48
2026-09-23 04:31:44.769,35.8777915,139.7406383,5.222,7.4,true,48
2026-09-23 04:31:52.301,35.8777908,139.7406378,5.418,7.5,true,48
2026-09-23 04:31:59.705,35.877791,139.7406379,5.387,7.4,true,48
2026-09-23 04:32:07.191,35.8777933,139.7406364,5.176,7.5,true,48
2026-09-23 04:32:14.798,35.8777932,139.7406359,5.413,7.6,true,48
2026-09-23 04:32:22.276,35.8777917,139.7406365,5.4,7.5,true,48
2026-09-23 04:32:29.722,35.8777917,139.7406347,5.371,7.4,true,48
2026-09-23 04:32:37.241,35.8777909,139.7406357,5.376,7.5,true,48
2026-09-23 04:32:44.732,35.8777917,139.7406365,5.413,7.5,true,48
2026-09-23 04:32:52.315,35.8777905,139.7406378,5.418,7.6,true,48
2026-09-23 04:32:59.837,35.8777918,139.7406368,5.454,7.5,true,48
2026-09-23 04:33:07.319,35.877791,139.7406376,5.168,7.5,true,48
2026-09-23 04:33:14.812,35.8777909,139.7406376,5.429,7.5,true,48
2026-09-23 04:33:22.263,35.8777914,139.7406376,5.446,7.5,true,48
2026-09-23 04:33:29.772,35.8777916,139.7406385,5.479,7.5,true,48
2026-09-23 04:33:37.347,35.8777926,139.7406387,5.536,7.6,true,48
2026-09-23 04:33:44.774,35.877793,139.7406385,5.573,7.4,true,48
2026-09-23 04:33:52.268,35.8777921,139.7406385,5.573,7.5,true,48
2026-09-23 04:33:59.779,35.8777934,139.7406398,5.375,7.5,true,48
2026-09-23 04:34:07.222,35.8777938,139.7406398,5.646,7.4,true,48
2026-09-23 04:34:14.708,35.8777935,139.7406397,5.755,7.5,true,48
2026-09-23 04:34:22.177,35.8777934,139.7406393,5.733,7.5,true,48
2026-09-23 04:34:29.596,35.8777955,139.740639,5.628,7.4,true,48
2026-09-23 04:34:37.178,35.8777961,139.7406351,5.563,7.6,true,47
2026-09-23 04:34:44.631,35.877795,139.7406369,5.518,7.5,true,47
2026-09-23 04:34:52.127,35.877794,139.7406387,5.474,7.5,true,47
2026-09-23 04:34:59.609,35.877793,139.7406399,5.453,7.5,true,47
2026-09-23 04:35:07.050,35.8777924,139.7406409,5.456,7.4,true,47
2026-09-23 04:35:14.576,35.877792,139.7406415,5.458,7.5,true,47
2026-09-23 04:35:21.970,35.8777918,139.7406425,5.345,7.4,true,47
2026-09-23 04:35:29.472,35.8777918,139.7406424,5.374,7.5,true,47
2026-09-23 04:35:36.932,35.8777914,139.7406429,5.404,7.5,true,47
2026-09-23 04:35:44.402,35.8777922,139.7406411,5.364,7.5,true,47
2026-09-23 04:35:51.883,35.8777918,139.7406428,5.071,7.5,true,47
2026-09-23 04:35:59.383,35.8777919,139.740643,5.33,7.5,true,47
2026-09-23 04:36:06.875,35.8777921,139.7406435,5.331,7.5,true,47
2026-09-23 04:36:14.336,35.8777918,139.7406435,5.387,7.5,true,47
2026-09-23 04:36:21.782,35.8777903,139.7406443,5.274,7.4,true,47
2026-09-23 04:36:29.270,35.8777902,139.7406442,5.551,7.5,true,47
2026-09-23 04:36:36.767,35.8777897,139.7406454,5.557,7.5,true,47
2026-09-23 04:36:44.280,35.8777894,139.7406457,5.605,7.5,true,47
2026-09-23 04:36:51.814,35.8777886,139.7406462,5.656,7.5,true,47
2026-09-23 04:36:59.286,35.8777883,139.7406467,5.703,7.5,true,47
2026-09-23 04:37:06.743,35.8777869,139.7406476,5.516,7.5,true,47
2026-09-23 04:37:14.239,35.8777867,139.7406477,5.778,7.5,true,47
2026-09-23 04:37:21.770,35.8777895,139.7406396,5.429,7.5,true,47
2026-09-23 04:37:29.288,35.8777896,139.7406392,5.687,7.5,true,47
2026-09-23 04:37:36.704,35.8777876,139.7406415,5.505,7.4,true,47
2026-09-23 04:37:44.238,35.8777875,139.7406418,5.758,7.5,true,47
2026-09-23 04:37:51.738,35.8777876,139.7406382,5.789,7.5,true,47
2026-09-23 04:37:59.210,35.8777873,139.7406363,5.843,7.5,true,47
2026-09-23 04:38:06.687,35.8777867,139.7406376,5.852,7.5,true,47
2026-09-23 04:38:14.203,35.8777884,139.7406335,5.754,7.5,true,47
2026-09-23 04:38:21.731,35.8777881,139.7406278,5.728,7.5,true,47
2026-09-23 04:38:29.206,35.8777883,139.7406272,5.465,7.5,true,47
2026-09-23 04:38:36.778,35.8777883,139.7406272,5.71,7.6,true,47
2026-09-23 04:38:44.220,35.877789,139.7406244,5.715,7.4,true,47
2026-09-23 04:38:51.743,35.8777885,139.7406253,5.642,7.5,true,47
2026-09-23 04:38:59.280,35.8777886,139.7406268,5.558,7.5,true,47
2026-09-23 04:39:06.786,35.877788,139.7406272,5.505,7.5,true,47
2026-09-23 04:39:14.227,35.8777884,139.7406276,5.217,7.4,true,47
2026-09-23 04:39:21.724,35.8777883,139.7406277,5.469,7.5,true,47
2026-09-23 04:39:29.281,35.8777883,139.7406275,5.557,7.6,true,47
2026-09-23 04:39:36.753,35.8777874,139.7406277,5.542,7.5,true,47
2026-09-23 04:39:44.257,35.8777904,139.7406285,5.24,7.5,true,47
2026-09-23 04:39:51.702,35.8777905,139.7406286,5.465,7.4,true,47
2026-09-23 04:39:59.204,35.8777891,139.7406304,5.244,7.5,true,47
2026-09-23 04:40:06.730,35.8777891,139.7406305,5.475,7.5,true,47
2026-09-23 04:40:14.230,35.8777881,139.7406317,5.492,7.5,true,47
2026-09-23 04:40:21.750,35.8777875,139.7406325,5.473,7.5,true,47
2026-09-23 04:40:29.222,35.8777873,139.7406349,5.277,7.5,true,47
2026-09-23 04:40:36.705,35.8777874,139.7406351,5.478,7.5,true,47
2026-09-23 04:40:44.204,35.8777867,139.7406355,5.463,7.5,true,47
2026-09-23 04:40:51.738,35.8777881,139.7406318,5.412,7.5,true,47
2026-09-23 04:40:59.288,35.8777878,139.7406327,5.421,7.6,true,47
2026-09-23 04:41:06.742,35.8777869,139.7406333,5.429,7.5,true,47
2026-09-23 04:41:14.285,35.8777862,139.7406343,5.443,7.5,true,47
2026-09-23 04:41:21.735,35.8777861,139.7406345,5.465,7.5,true,47
2026-09-23 04:41:29.316,35.8777853,139.7406342,5.482,7.6,true,47
2026-09-23 04:41:36.783,35.8777853,139.7406336,5.467,7.5,true,47
2026-09-23 04:41:44.233,35.8777844,139.7406337,5.023,7.4,true,47
2026-09-23 04:41:51.769,35.8777843,139.7406336,5.263,7.5,true,47
2026-09-23 04:41:59.285,35.8777841,139.7406337,5.33,7.5,true,47
2026-09-23 04:42:06.826,35.8777835,139.7406331,5.376,7.5,true,47
2026-09-23 04:42:14.320,35.877785,139.7406289,5.277,7.5,true,47
2026-09-23 04:42:21.812,35.8777863,139.7406293,5.285,7.5,true,47
2026-09-23 04:42:29.287,35.8777864,139.7406285,5.1,7.5,true,47
2026-09-23 04:42:36.812,35.8777864,139.7406282,5.314,7.5,true,47
2026-09-23 04:42:44.340,35.8777885,139.7406264,5.163,7.5,true,47
2026-09-23 04:42:51.865,35.8777887,139.7406263,5.423,7.5,true,47
2026-09-23 04:42:59.349,35.8777872,139.7406261,5.51,7.5,true,47
2026-09-23 04:43:06.821,35.8777865,139.7406277,5.487,7.5,true,47
2026-09-23 04:43:14.272,35.8777861,139.7406286,5.479,7.5,true,47
2026-09-23 04:43:21.731,35.8777855,139.7406291,5.47,7.5,true,47
2026-09-23 04:43:29.227,35.8777844,139.7406306,5.485,7.5,true,47
2026-09-23 04:43:36.719,35.8777838,139.7406316,5.5,7.5,true,47
2026-09-23 04:43:44.166,35.8777835,139.7406321,5.526,7.4,true,47
2026-09-23 04:43:51.684,35.8777836,139.740633,5.51,7.5,true,47
2026-09-23 04:43:59.149,35.8777816,139.7406344,5.484,7.5,true,47
2026-09-23 04:44:06.645,35.8777814,139.7406335,5.392,7.5,true,47
2026-09-23 04:44:14.049,35.8777808,139.7406341,5.447,7.4,true,47
2026-09-23 04:44:21.579,35.8777803,139.7406344,5.506,7.5,true,47
2026-09-23 04:44:29.038,35.8777793,139.7406351,5.514,7.5,true,47
2026-09-23 04:44:36.525,35.8777807,139.7406337,5.432,7.5,true,47
2026-09-23 04:44:44.019,35.8777815,139.7406305,5.34,7.5,true,47
2026-09-23 04:44:51.504,35.8777812,139.7406317,5.364,7.5,true,47
2026-09-23 04:44:58.954,35.8777821,139.7406319,5.293,7.5,true,47
2026-09-23 04:45:06.449,35.8777828,139.7406329,5.305,7.5,true,47
2026-09-23 04:45:14.021,35.8777823,139.7406326,5.245,7.6,true,47
2026-09-23 04:45:21.524,35.8777817,139.7406314,5.243,7.5,true,47
2026-09-23 04:45:28.956,35.8777811,139.7406316,5.278,7.4,true,47
2026-09-23 04:45:36.520,35.877781,139.7406316,5.316,7.6,true,47
2026-09-23 04:45:44.024,35.8777804,139.7406317,5.302,7.5,true,47
2026-09-23 04:45:51.506,35.877782,139.7406303,5.287,7.5,true,47
2026-09-23 04:45:58.965,35.8777818,139.7406312,5.305,7.5,true,47
2026-09-23 04:46:06.427,35.8777833,139.7406332,5.265,7.5,true,47
2026-09-23 04:46:13.911,35.8777861,139.7406295,5.114,7.5,true,47
2026-09-23 04:46:21.418,35.8777864,139.7406294,5.362,7.5,true,47
2026-09-23 04:46:28.860,35.8777867,139.7406306,5.304,7.4,true,47
2026-09-23 04:46:36.349,35.8777866,139.7406324,5.259,7.5,true,47
2026-09-23 04:46:43.856,35.8777893,139.7406326,5.25,7.5,true,47
2026-09-23 04:46:51.355,35.8777909,139.7406343,5.237,7.5,true,47
2026-09-23 04:46:58.930,35.8777905,139.740637,5.199,7.6,true,47
2026-09-23 04:47:06.525,35.8777907,139.7406362,5.235,7.6,true,47
2026-09-23 04:47:14.042,35.8777904,139.7406343,5.217,7.5,true,47
2026-09-23 04:47:21.531,35.8777888,139.7406343,5.027,7.5,true,47
2026-09-23 04:47:29.080,35.8777885,139.7406353,5.073,7.6,true,47
2026-09-23 04:47:36.655,35.8777885,139.7406354,5.328,7.6,true,47
2026-09-23 04:47:44.171,35.8777879,139.7406341,5.329,7.5,true,47
2026-09-23 04:47:51.684,35.8777866,139.7406352,5.416,7.5,true,47
2026-09-23 04:47:59.165,35.8777881,139.7406372,5.34,7.5,true,47
2026-09-23 04:48:06.757,35.8777882,139.7406374,5.625,7.6,true,47
2026-09-23 04:48:14.302,35.8777875,139.7406395,5.574,7.5,true,47
2026-09-23 04:48:21.870,35.8777862,139.7406398,5.162,7.6,true,47
2026-09-23 04:48:29.470,35.8777861,139.7406402,5.369,7.6,true,47
2026-09-23 04:48:37.045,35.8777848,139.7406417,5.361,7.6,true,47
2026-09-23 04:48:44.516,35.8777839,139.7406433,5.407,7.5,true,47
2026-09-23 04:48:52.073,35.8777831,139.7406442,5.462,7.6,true,47
2026-09-23 04:48:59.570,35.8777829,139.7406428,5.43,7.5,true,47
2026-09-23 04:49:07.109,35.8777843,139.7406431,5.423,7.5,true,47
2026-09-23 04:49:14.716,35.8777836,139.7406446,5.479,7.6,true,47
2026-09-23 04:49:22.301,35.8777861,139.7406449,5.494,7.6,true,47
2026-09-23 04:49:29.840,35.8777853,139.7406468,5.315,7.5,true,47
2026-09-23 04:49:37.500,35.8777852,139.7406474,5.588,7.7,true,47
2026-09-23 04:49:45.074,35.8777856,139.7406478,5.602,7.6,true,47
2026-09-23 04:49:52.604,35.8777849,139.740649,5.602,7.5,true,47
2026-09-23 04:50:00.142,35.877789,139.7406478,5.363,7.5,true,47
2026-09-23 04:50:07.714,35.877789,139.740648,5.592,7.6,true,47
2026-09-23 04:50:15.249,35.8777885,139.740648,5.494,7.5,true,47
2026-09-23 04:50:22.775,35.8777875,139.7406484,5.406,7.5,true,47
2026-09-23 04:50:30.337,35.8777864,139.7406496,5.35,7.6,true,47
2026-09-23 04:50:37.868,35.8777857,139.740648,5.265,7.5,true,47
2026-09-23 04:50:45.456,35.8777898,139.7406474,5.265,7.6,true,47
2026-09-23 04:50:53.038,35.8777891,139.7406473,5.304,7.6,true,47
2026-09-23 04:51:00.611,35.8777888,139.7406483,5.362,7.6,true,47
2026-09-23 04:51:08.200,35.8777889,139.7406486,5.428,7.6,true,47
2026-09-23 04:51:15.784,35.8777879,139.7406458,5.433,7.6,true,47
2026-09-23 04:51:23.237,35.8777871,139.740647,5.458,7.5,true,47
2026-09-23 04:51:30.842,35.8777874,139.7406472,5.455,7.6,true,47
2026-09-23 04:51:38.271,35.8777866,139.7406459,5.19,7.4,true,47
2026-09-23 04:51:45.738,35.8777863,139.7406464,5.419,7.5,true,47
2026-09-23 04:51:53.266,35.8777852,139.740647,5.438,7.5,true,47
2026-09-23 04:52:00.701,35.8777841,139.7406478,5.459,7.4,true,47
2026-09-23 04:52:08.189,35.8777836,139.7406491,5.513,7.5,true,47
2026-09-23 04:52:15.705,35.8777851,139.7406494,5.435,7.5,true,46
2026-09-23 04:52:23.221,35.8777841,139.7406499,5.386,7.5,true,46
2026-09-23 04:52:30.739,35.8777835,139.7406505,5.3,7.5,true,46
2026-09-23 04:52:38.310,35.8777837,139.7406508,5.539,7.6,true,46
2026-09-23 04:52:45.903,35.8777832,139.7406511,5.523,7.6,true,46
2026-09-23 04:52:53.354,35.8777832,139.7406503,5.446,7.5,true,46
2026-09-23 04:53:00.974,35.8777826,139.7406508,5.429,7.6,true,46
2026-09-23 04:53:08.521,35.8777825,139.7406515,5.388,7.5,true,46
2026-09-23 04:53:16.006,35.8777815,139.7406515,5.294,7.5,true,46
2026-09-23 04:53:23.585,35.8777847,139.7406504,5.049,7.6,true,46
2026-09-23 04:53:31.052,35.8777864,139.7406505,5.067,7.5,true,46
2026-09-23 04:53:38.604,35.8777858,139.7406514,4.915,7.6,true,46
2026-09-23 04:53:46.195,35.8777857,139.7406515,5.13,7.6,true,46
2026-09-23 04:53:53.709,35.8777847,139.740652,5.153,7.5,true,46
2026-09-23 04:54:01.222,35.877784,139.7406523,5.138,7.5,true,46
2026-09-23 04:54:08.696,35.8777832,139.7406516,5.086,7.5,true,46
2026-09-23 04:54:16.330,35.877784,139.740652,5.086,7.6,true,46
2026-09-23 04:54:23.770,35.8777838,139.7406522,4.907,7.4,true,46
2026-09-23 04:54:31.237,35.8777837,139.7406523,5.133,7.5,true,46
2026-09-23 04:54:38.713,35.8777834,139.7406518,5.158,7.5,true,46
2026-09-23 04:54:46.332,35.8777833,139.7406514,5.162,7.6,true,46
2026-09-23 04:54:53.788,35.8777827,139.7406511,5.143,7.5,true,46
2026-09-23 04:55:01.249,35.8777815,139.740651,5.089,7.5,true,46
2026-09-23 04:55:08.724,35.8777807,139.7406512,5.137,7.5,true,46
2026-09-23 04:55:16.309,35.8777799,139.740652,5.221,7.6,true,46
2026-09-23 04:55:23.806,35.8777793,139.7406521,5.291,7.5,true,46
2026-09-23 04:55:31.344,35.8777788,139.7406521,5.351,7.5,true,46
2026-09-23 04:55:38.801,35.8777801,139.7406504,5.11,7.5,true,46
2026-09-23 04:55:46.322,35.87778,139.7406508,5.387,7.5,true,46
2026-09-23 04:55:53.876,35.8777799,139.7406522,5.166,7.6,true,46
2026-09-23 04:56:01.336,35.8777799,139.7406523,5.406,7.5,true,46
2026-09-23 04:56:08.794,35.8777806,139.740654,5.143,7.5,true,46
2026-09-23 04:56:16.346,35.8777802,139.740654,5.117,7.6,true,46
2026-09-23 04:56:23.897,35.8777801,139.7406542,5.322,7.6,true,46
2026-09-23 04:56:31.437,35.8777801,139.7406533,5.269,7.5,true,46
2026-09-23 04:56:38.942,35.8777788,139.7406542,5.098,7.5,true,46
2026-09-23 04:56:46.485,35.8777785,139.740654,5.348,7.5,true,46
2026-09-23 04:56:54.008,35.8777775,139.7406539,5.115,7.5,true,46
2026-09-23 04:57:01.476,35.8777772,139.7406539,5.362,7.5,true,46
2026-09-23 04:57:09.018,35.8777783,139.7406537,5.336,7.5,true,46
2026-09-23 04:57:16.495,35.8777807,139.7406542,5.379,7.5,true,46
2026-09-23 04:57:24.018,35.8777812,139.7406519,5.38,7.5,true,46
2026-09-23 04:57:31.515,35.8777816,139.7406508,5.217,7.5,true,46
2026-09-23 04:57:38.978,35.8777815,139.7406506,5.465,7.5,true,46
2026-09-23 04:57:46.522,35.8777808,139.7406511,5.518,7.5,true,46
2026-09-23 04:57:54.054,35.8777827,139.7406508,5.309,7.5,true,46
2026-09-23 04:58:01.570,35.8777831,139.7406507,5.604,7.5,true,46
2026-09-23 04:58:09.037,35.8777872,139.7406483,5.438,7.5,true,46
2026-09-23 04:58:16.605,35.8777878,139.7406483,5.713,7.6,true,46
2026-09-23 04:58:24.182,35.877791,139.7406443,5.394,7.6,true,46
2026-09-23 04:58:31.795,35.8777915,139.7406443,5.607,7.6,true,46
2026-09-23 04:58:39.400,35.8777929,139.7406466,5.561,7.6,true,46
2026-09-23 04:58:46.898,35.8777921,139.7406473,5.598,7.5,true,46
2026-09-23 04:58:54.393,35.8777923,139.7406482,5.714,7.5,true,46
2026-09-23 04:59:01.966,35.8777924,139.7406475,5.681,7.6,true,46
2026-09-23 04:59:09.482,35.8777918,139.7406472,5.618,7.5,true,46
2026-09-23 04:59:17.039,35.8777907,139.7406468,5.531,7.6,true,46
2026-09-23 04:59:24.632,35.8777896,139.7406471,5.554,7.6,true,46
2026-09-23 04:59:32.154,35.8777895,139.7406459,5.554,7.5,true,46
2026-09-23 04:59:39.689,35.8777933,139.7406456,5.613,7.5,true,46
2026-09-23 04:59:47.278,35.8777963,139.7406439,5.703,7.6,true,46
2026-09-23 04:59:54.754,35.877795,139.7406444,5.73,7.5,true,46
2026-09-23 05:00:02.223,35.8777934,139.7406449,5.688,7.5,true,46
2026-09-23 05:00:09.756,35.8777937,139.7406448,5.76,7.5,true,46
2026-09-23 05:00:17.380,35.8777916,139.7406463,5.719,7.6,true,46
2026-09-23 05:00:24.966,35.8777899,139.740647,5.687,7.6,true,46
2026-09-23 05:00:32.464,35.8777909,139.7406485,5.635,7.5,true,46
2026-09-23 05:00:40.037,35.8777895,139.7406486,5.674,7.6,true,46
2026-09-23 05:00:47.570,35.8777908,139.7406476,5.287,7.5,true,46
2026-09-23 05:00:55.078,35.8777907,139.7406478,5.525,7.5,true,46
2026-09-23 05:01:02.593,35.8777896,139.7406457,5.238,7.5,true,46
2026-09-23 05:01:10.099,35.8777897,139.7406456,5.498,7.5,true,46
2026-09-23 05:01:17.691,35.8777889,139.7406441,5.429,7.6,true,46
2026-09-23 05:01:25.228,35.8777904,139.7406405,5.465,7.5,true,46
2026-09-23 05:01:32.748,35.8777906,139.7406407,5.502,7.5,true,46
2026-09-23 05:01:40.218,35.8777886,139.7406414,5.45,7.5,true,46
2026-09-23 05:01:47.769,35.8777889,139.7406397,5.422,7.6,true,46
2026-09-23 05:01:55.279,35.8777904,139.7406408,5.43,7.5,true,46
2026-09-23 05:02:02.702,35.8777915,139.7406405,5.145,7.4,true,46
2026-09-23 05:02:10.286,35.8777915,139.7406406,5.355,7.6,true,46
2026-09-23 05:02:17.785,35.8777903,139.7406408,5.366,7.5,true,46
2026-09-23 05:02:25.265,35.8777908,139.740641,5.387,7.5,true,46
2026-09-23 05:02:32.843,35.8777905,139.7406424,5.42,7.6,true,46
2026-09-23 05:02:40.308,35.8777896,139.7406426,5.467,7.5,true,46
2026-09-23 05:02:47.797,35.877788,139.740642,5.225,7.5,true,46
2026-09-23 05:02:55.257,35.8777878,139.7406419,5.491,7.5,true,46
2026-09-23 05:03:02.749,35.8777871,139.7406429,5.522,7.5,true,46
2026-09-23 05:03:10.198,35.8777896,139.7406425,5.576,7.4,true,46
2026-09-23 05:03:17.776,35.8777886,139.7406414,5.313,7.6,true,46
2026-09-23 05:03:25.274,35.8777884,139.7406415,5.57,7.5,true,46
2026-09-23 05:03:32.777,35.8777868,139.7406431,5.518,7.5,true,46
2026-09-23 05:03:40.320,35.8777863,139.7406437,5.541,7.5,true,46
2026-09-23 05:03:47.778,35.8777855,139.7406419,5.362,7.5,true,46
2026-09-23 05:03:55.290,35.8777853,139.7406418,5.619,7.5,true,46
2026-09-23 05:04:02.723,35.8777865,139.7406429,5.609,7.4,true,46
2026-09-23 05:04:10.265,35.8777863,139.7406426,5.657,7.5,true,46
2026-09-23 05:04:17.683,35.8777852,139.7406419,5.616,7.4,true,46
2026-09-23 05:04:25.217,35.8777857,139.7406423,5.595,7.5,true,46
2026-09-23 05:04:32.630,35.8777858,139.7406419,5.525,7.4,true,46
2026-09-23 05:04:40.161,35.8777873,139.7406421,5.423,7.5,true,46
2026-09-23 05:04:47.655,35.8777875,139.740643,5.356,7.5,true,46
2026-09-23 05:04:55.210,35.8777877,139.7406444,5.338,7.6,true,46
2026-09-23 05:05:02.642,35.877787,139.740644,5.337,7.4,true,46
2026-09-23 05:05:10.142,35.8777861,139.7406435,5.305,7.5,true,46
2026-09-23 05:05:17.597,35.8777857,139.7406427,5.291,7.5,true,46
2026-09-23 05:05:25.099,35.8777861,139.7406435,5.263,7.5,true,46
2026-09-23 05:05:32.601,35.8777861,139.7406423,5.089,7.5,true,46
2026-09-23 05:05:40.153,35.8777862,139.740642,5.338,7.6,true,46
2026-09-23 05:05:47.613,35.877789,139.7406396,5.309,7.5,true,46
2026-09-23 05:05:55.214,35.8777901,139.7406406,5.334,7.6,true,46
2026-09-23 05:06:02.735,35.8777899,139.7406405,5.331,7.5,true,46
2026-09-23 05:06:10.237,35.8777898,139.7406403,5.345,7.5,true,46
2026-09-23 05:06:17.719,35.8777891,139.7406404,5.397,7.5,true,46
2026-09-23 05:06:25.178,35.8777879,139.7406414,5.457,7.5,true,46
2026-09-23 05:06:32.733,35.8777872,139.7406413,5.512,7.6,true,46
2026-09-23 05:06:40.152,35.8777869,139.7406396,5.172,7.4,true,46
2026-09-23 05:06:47.546,35.8777865,139.7406401,5.077,7.4,true,46
2026-09-23 05:06:55.110,35.8777864,139.74064,5.294,7.6,true,46
2026-09-23 05:07:02.580,35.8777858,139.7406409,5.332,7.5,true,46
2026-09-23 05:07:10.066,35.877786,139.7406404,5.403,7.5,true,46
2026-09-23 05:07:17.611,35.8777859,139.7406409,5.457,7.5,true,46
2026-09-23 05:07:25.075,35.8777842,139.740641,5.284,7.5,true,46
2026-09-23 05:07:32.594,35.8777839,139.7406413,5.572,7.5,true,46
2026-09-23 05:07:40.076,35.8777841,139.7406388,5.616,7.5,true,46
2026-09-23 05:07:47.601,35.8777838,139.7406396,5.641,7.5,true,46
2026-09-23 05:07:55.184,35.8777823,139.7406405,5.539,7.6,true,46
2026-09-23 05:08:02.726,35.8777821,139.7406403,5.793,7.5,true,46
2026-09-23 05:08:10.154,35.8777807,139.7406412,5.529,7.4,true,46
2026-09-23 05:08:17.700,35.8777806,139.7406413,5.757,7.5,true,46
2026-09-23 05:08:25.222,35.8777813,139.7406434,5.68,7.5,true,46
2026-09-23 05:08:32.712,35.877781,139.740644,5.648,7.5,true,46
2026-09-23 05:08:40.269,35.8777824,139.7406435,5.592,7.6,true,46
2026-09-23 05:08:47.710,35.8777814,139.7406435,5.514,7.4,true,46
2026-09-23 05:08:55.206,35.8777808,139.7406437,5.518,7.5,true,46
2026-09-23 05:09:02.766,35.8777807,139.7406433,5.619,7.6,true,46
2026-09-23 05:09:10.246,35.8777811,139.7406428,5.323,7.5,true,46
2026-09-23 05:09:17.747,35.8777812,139.7406427,5.539,7.5,true,46
2026-09-23 05:09:25.267,35.877781,139.7406422,5.276,7.5,true,46
2026-09-23 05:09:32.785,35.877781,139.740642,5.513,7.5,true,46
2026-09-23 05:09:40.366,35.8777817,139.740643,5.519,7.6,true,46
2026-09-23 05:09:47.972,35.8777813,139.7406437,5.547,7.6,true,46
2026-09-23 05:09:55.518,35.8777801,139.7406455,5.347,7.5,true,46
2026-09-23 05:10:03.014,35.87778,139.7406457,5.604,7.5,true,45
2026-09-23 05:10:10.493,35.8777795,139.7406463,5.575,7.5,true,45
2026-09-23 05:10:18.069,35.8777793,139.7406467,5.627,7.6,true,45
2026-09-23 05:10:25.638,35.8777784,139.740647,5.598,7.6,true,45
2026-09-23 05:10:33.126,35.8777782,139.7406477,5.584,7.5,true,45
2026-09-23 05:10:40.582,35.8777776,139.740646,5.256,7.5,true,45
2026-09-23 05:10:48.086,35.8777776,139.7406458,5.485,7.5,true,45
2026-09-23 05:10:55.569,35.8777772,139.740646,5.485,7.5,true,45
2026-09-23 05:11:03.005,35.877777,139.7406468,5.522,7.4,true,45
2026-09-23 05:11:10.429,35.8777756,139.7406469,5.173,7.4,true,45
2026-09-23 05:11:17.964,35.8777756,139.7406469,5.457,7.5,true,45
2026-09-23 05:11:25.461,35.8777759,139.7406469,5.517,7.5,true,45
2026-09-23 05:11:32.918,35.8777757,139.7406477,5.577,7.5,true,45
2026-09-23 05:11:40.417,35.8777756,139.740648,5.607,7.5,true,45
2026-09-23 05:11:47.859,35.8777755,139.7406476,5.613,7.4,true,45
2026-09-23 05:11:55.290,35.877776,139.7406462,5.36,7.4,true,45
2026-09-23 05:12:02.783,35.877776,139.740646,5.621,7.5,true,45
2026-09-23 05:12:10.291,35.8777757,139.7406462,5.619,7.5,true,45
2026-09-23 05:12:17.770,35.8777761,139.7406462,5.264,7.5,true,45
2026-09-23 05:12:25.216,35.8777761,139.740646,5.499,7.4,true,45
2026-09-23 05:12:32.792,35.8777759,139.7406464,5.457,7.6,true,45
2026-09-23 05:12:40.294,35.8777755,139.7406469,5.458,7.5,true,45
2026-09-23 05:12:47.756,35.8777759,139.7406475,5.224,7.5,true,45
2026-09-23 05:12:55.238,35.8777759,139.7406476,5.469,7.5,true,45
2026-09-23 05:13:02.768,35.8777765,139.7406479,5.493,7.5,true,45
2026-09-23 05:13:10.232,35.877777,139.7406478,5.482,7.5,true,45
2026-09-23 05:13:17.727,35.877777,139.7406482,5.456,7.5,true,45
2026-09-23 05:13:25.188,35.8777769,139.7406488,5.227,7.5,true,45
2026-09-23 05:13:32.698,35.877777,139.7406488,5.444,7.5,true,45
2026-09-23 05:13:40.233,35.8777768,139.7406483,5.466,7.5,true,45
2026-09-23 05:13:47.670,35.8777767,139.7406483,5.495,7.4,true,45
2026-09-23 05:13:55.162,35.8777763,139.7406482,5.531,7.5,true,45
2026-09-23 05:14:02.685,35.8777765,139.7406483,5.556,7.5,true,45
2026-09-23 05:14:10.210,35.8777766,139.7406479,5.58,7.5,true,45
2026-09-23 05:14:17.751,35.8777755,139.7406469,5.302,7.5,true,45
2026-09-23 05:14:25.323,35.8777754,139.7406467,5.549,7.6,true,45
2026-09-23 05:14:32.755,35.8777754,139.7406469,5.556,7.4,true,45
2026-09-23 05:14:40.300,35.8777751,139.7406477,5.585,7.5,true,45
2026-09-23 05:14:47.836,35.8777752,139.7406476,5.602,7.5,true,45
2026-09-23 05:14:55.448,35.8777748,139.7406485,5.622,7.6,true,45
2026-09-23 05:15:02.987,35.8777768,139.7406449,5.64,7.5,true,45
2026-09-23 05:15:10.601,35.8777792,139.7406441,5.628,7.6,true,45
2026-09-23 05:15:18.106,35.8777792,139.7406451,5.603,7.5,true,45
2026-09-23 05:15:25.756,35.8777782,139.7406466,5.58,7.7,true,45
2026-09-23 05:15:33.314,35.877778,139.740647,5.616,7.6,true,45
2026-09-23 05:15:40.935,35.8777781,139.7406466,5.666,7.6,true,45
2026-09-23 05:15:48.509,35.8777788,139.7406441,5.673,7.6,true,45
2026-09-23 05:15:56.064,35.8777785,139.7406454,5.752,7.6,true,45
2026-09-23 05:16:03.534,35.8777783,139.7406467,5.73,7.5,true,45
2026-09-23 05:16:11.046,35.8777778,139.7406477,5.698,7.5,true,45
2026-09-23 05:16:18.592,35.8777779,139.7406479,5.648,7.5,true,45
2026-09-23 05:16:26.081,35.8777788,139.740647,5.626,7.5,true,45
2026-09-23 05:16:33.676,35.8777822,139.7406468,5.603,7.6,true,45
2026-09-23 05:16:41.176,35.8777818,139.740647,5.59,7.5,true,45
2026-09-23 05:16:48.769,35.8777815,139.7406469,5.543,7.6,true,45
2026-09-23 05:16:56.305,35.8777812,139.7406461,5.456,7.5,true,45
2026-09-23 05:17:03.740,35.8777799,139.7406465,5.376,7.4,true,45
2026-09-23 05:17:11.339,35.8777804,139.7406465,5.375,7.6,true,45
2026-09-23 05:17:18.787,35.8777812,139.7406463,5.373,7.4,true,45
2026-09-23 05:17:26.403,35.8777808,139.7406464,5.348,7.6,true,45
2026-09-23 05:17:33.978,35.877781,139.7406471,5.285,7.6,true,45
2026-09-23 05:17:41.427,35.8777808,139.7406463,5.233,7.5,true,45
2026-09-23 05:17:48.978,35.87778,139.7406479,4.993,7.6,true,45
2026-09-23 05:17:56.551,35.87778,139.7406479,5.224,7.6,true,45
2026-09-23 05:18:03.952,35.8777808,139.7406455,5.204,7.4,true,45
2026-09-23 05:18:11.520,35.8777823,139.7406446,5.261,7.6,true,45
2026-09-23 05:18:19.096,35.8777813,139.7406457,5.065,7.6,true,45
2026-09-23 05:18:26.696,35.8777813,139.7406458,5.312,7.6,true,45
2026-09-23 05:18:34.251,35.8777819,139.7406442,5.3,7.6,true,45
2026-09-23 05:18:41.821,35.8777833,139.7406414,5.239,7.6,true,45
2026-09-23 05:18:49.306,35.8777811,139.7406413,4.947,7.5,true,45
2026-09-23 05:18:56.868,35.8777809,139.7406409,5.182,7.6,true,45
2026-09-23 05:19:04.394,35.8777793,139.7406423,5.172,7.5,true,45
2026-09-23 05:19:11.894,35.877779,139.7406423,5.219,7.5,true,45
2026-09-23 05:19:19.425,35.8777783,139.7406424,5.143,7.5,true,45
2026-09-23 05:19:26.949,35.8777802,139.7406445,4.866,7.5,true,45
2026-09-23 05:19:34.551,35.8777803,139.7406446,5.119,7.6,true,45
2026-09-23 05:19:42.074,35.8777804,139.7406427,5.084,7.5,true,45
2026-09-23 05:19:49.572,35.8777804,139.7406435,5.067,7.5,true,45
2026-09-23 05:19:57.139,35.8777802,139.740644,5.044,7.6,true,45
2026-09-23 05:20:04.589,35.8777804,139.7406432,4.802,7.5,true,45
2026-09-23 05:20:12.144,35.8777806,139.7406431,5.021,7.6,true,45
2026-09-23 05:20:19.735,35.8777814,139.7406442,5.006,7.6,true,45
2026-09-23 05:20:27.343,35.8777808,139.740645,4.985,7.6,true,45
2026-09-23 05:20:34.877,35.8777803,139.7406462,4.961,7.5,true,45
2026-09-23 05:20:42.425,35.8777806,139.7406445,4.959,7.5,true,45
2026-09-23 05:20:49.933,35.8777802,139.7406452,4.947,7.5,true,45
2026-09-23 05:20:57.464,35.8777795,139.7406464,4.89,7.5,true,45
2026-09-23 05:21:04.924,35.8777793,139.7406469,4.811,7.5,true,45
2026-09-23 05:21:12.465,35.8777786,139.7406476,4.563,7.5,true,45
2026-09-23 05:21:20.095,35.8777786,139.7406477,4.77,7.6,true,45
2026-09-23 05:21:27.640,35.8777773,139.7406482,4.597,7.5,true,45
2026-09-23 05:21:35.098,35.8777774,139.7406486,4.804,7.5,true,45
2026-09-23 05:21:42.679,35.8777767,139.7406486,4.863,7.6,true,45
2026-09-23 05:21:50.277,35.8777773,139.7406488,4.921,7.6,true,45
2026-09-23 05:21:57.814,35.877778,139.7406477,4.953,7.5,true,45
2026-09-23 05:22:05.298,35.8777774,139.7406493,4.976,7.5,true,45
2026-09-23 05:22:12.848,35.8777775,139.7406492,5.034,7.6,true,45
2026-09-23 05:22:20.369,35.8777774,139.740649,5.052,7.5,true,45
2026-09-23 05:22:27.937,35.8777771,139.740649,5.169,7.6,true,45
2026-09-23 05:22:35.588,35.877777,139.7406491,5.138,7.7,true,45
2026-09-23 05:22:43.095,35.8777761,139.7406498,5.105,7.5,true,45
2026-09-23 05:22:50.740,35.8777762,139.7406502,5.11,7.6,true,45
2026-09-23 05:22:58.284,35.8777755,139.7406504,5.121,7.5,true,45
2026-09-23 05:23:05.738,35.8777751,139.740651,5.174,7.5,true,45
2026-09-23 05:23:13.249,35.877774,139.7406522,4.919,7.5,true,45
2026-09-23 05:23:20.762,35.8777735,139.7406525,5.025,7.5,true,45
2026-09-23 05:23:28.363,35.8777736,139.7406524,5.288,7.6,true,45
2026-09-23 05:23:35.949,35.8777738,139.7406509,4.8,7.6,true,45
2026-09-23 05:23:43.514,35.8777737,139.7406504,5.03,7.6,true,45
2026-09-23 05:23:51.100,35.8777738,139.7406504,5.002,7.6,true,45
2026-09-23 05:23:58.677,35.8777743,139.7406492,4.936,7.6,true,45
2026-09-23 05:24:06.183,35.8777741,139.7406499,4.939,7.5,true,45
2026-09-23 05:24:13.736,35.8777757,139.7406488,5.007,7.6,true,45
2026-09-23 05:24:21.374,35.8777758,139.7406473,5.051,7.6,true,45
2026-09-23 05:24:28.865,35.8777767,139.7406464,4.82,7.5,true,45
2026-09-23 05:24:36.476,35.8777765,139.7406463,5.059,7.6,true,45
2026-09-23 05:24:44.045,35.8777764,139.7406474,5.049,7.6,true,45
2026-09-23 05:24:51.626,35.8777779,139.7406473,5.088,7.6,true,45
2026-09-23 05:24:59.241,35.8777776,139.7406475,5.089,7.6,true,45
2026-09-23 05:25:06.715,35.8777773,139.7406459,5.086,7.5,true,45
2026-09-23 05:25:14.273,35.8777776,139.7406447,5.085,7.6,true,45
2026-09-23 05:25:21.806,35.8777784,139.7406441,5.112,7.5,true,45
2026-09-23 05:25:29.399,35.8777815,139.740641,4.956,7.6,true,45
2026-09-23 05:25:37.006,35.8777817,139.7406408,5.226,7.6,true,45
2026-09-23 05:25:44.531,35.8777808,139.7406415,5.251,7.5,true,45
2026-09-23 05:25:52.158,35.8777807,139.740642,5.305,7.6,true,45
2026-09-23 05:25:59.755,35.877782,139.7406425,5.4,7.6,true,45
2026-09-23 05:26:07.174,35.8777831,139.7406384,5.544,7.4,true,45
2026-09-23 05:26:14.749,35.8777836,139.7406377,5.535,7.6,true,45
2026-09-23 05:26:22.369,35.8777864,139.7406365,5.661,7.6,true,45
2026-09-23 05:26:29.951,35.8777876,139.7406337,5.773,7.6,true,45
2026-09-23 05:26:37.519,35.8777885,139.7406332,5.497,7.6,true,45
2026-09-23 05:26:45.069,35.8777886,139.7406328,5.767,7.6,true,45
2026-09-23 05:26:52.644,35.8777938,139.7406309,5.618,7.6,true,45
2026-09-23 05:27:00.264,35.8777943,139.7406308,5.838,7.6,true,45
2026-09-23 05:27:07.729,35.877795,139.7406323,5.864,7.5,true,45
2026-09-23 05:27:15.337,35.8777954,139.7406331,5.856,7.6,true,45
2026-09-23 05:27:22.891,35.8777945,139.7406329,5.806,7.6,true,45
2026-09-23 05:27:30.472,35.8777953,139.7406344,5.838,7.6,true,45
2026-09-23 05:27:37.964,35.8777936,139.7406353,5.789,7.5,true,44
2026-09-23 05:27:45.630,35.877792,139.7406345,5.689,7.7,true,44
2026-09-23 05:27:53.206,35.8777896,139.7406359,5.548,7.6,true,44
2026-09-23 05:28:00.755,35.8777901,139.7406367,5.532,7.5,true,44
2026-09-23 05:28:08.216,35.8777896,139.7406372,5.498,7.5,true,44
2026-09-23 05:28:15.806,35.8777898,139.7406382,5.273,7.6,true,44
2026-09-23 05:28:23.426,35.8777899,139.7406383,5.516,7.6,true,44
2026-09-23 05:28:30.997,35.8777889,139.7406383,5.436,7.6,true,44
2026-09-23 05:28:38.540,35.8777886,139.7406385,5.431,7.5,true,44
2026-09-23 05:28:46.124,35.8777916,139.7406374,5.407,7.6,true,44
2026-09-23 05:28:53.690,35.8777923,139.7406367,5.398,7.6,true,44
2026-09-23 05:29:01.230,35.8777911,139.7406366,5.37,7.5,true,44
2026-09-23 05:29:08.756,35.8777909,139.7406372,5.458,7.5,true,44
2026-09-23 05:29:16.309,35.8777897,139.7406362,5.434,7.6,true,44
2026-09-23 05:29:23.794,35.8777917,139.7406367,5.153,7.5,true,44
2026-09-23 05:29:31.430,35.8777918,139.7406368,5.436,7.6,true,44
2026-09-23 05:29:38.820,35.8777908,139.7406366,5.225,7.4,true,44
2026-09-23 05:29:46.354,35.8777909,139.7406367,5.473,7.5,true,44
2026-09-23 05:29:53.953,35.8777925,139.7406364,5.463,7.6,true,44
2026-09-23 05:30:01.510,35.8777928,139.7406376,5.467,7.6,true,44
2026-09-23 05:30:09.009,35.8777914,139.7406389,5.499,7.5,true,44
2026-09-23 05:30:16.554,35.8777905,139.7406392,5.608,7.5,true,44
2026-09-23 05:30:24.093,35.8777908,139.7406413,5.275,7.5,true,44
2026-09-23 05:30:31.669,35.8777909,139.7406415,5.523,7.6,true,44
2026-09-23 05:30:39.281,35.8777903,139.7406412,5.156,7.6,true,44
2026-09-23 05:30:46.856,35.8777903,139.7406413,5.387,7.6,true,44
2026-09-23 05:30:54.449,35.8777906,139.7406413,5.387,7.6,true,44
2026-09-23 05:31:02.010,35.8777926,139.7406419,5.395,7.6,true,44
2026-09-23 05:31:09.471,35.8777922,139.7406421,5.42,7.5,true,44
2026-09-23 05:31:17.056,35.8777909,139.7406432,5.464,7.6,true,44
2026-09-23 05:31:24.695,35.8777917,139.7406426,5.54,7.6,true,44
2026-09-23 05:31:32.265,35.8777952,139.7406414,5.597,7.6,true,44
2026-09-23 05:31:39.814,35.8777955,139.7406414,5.657,7.5,true,44
2026-09-23 05:31:47.425,35.8777945,139.7406416,5.676,7.6,true,44
2026-09-23 05:31:54.961,35.8777966,139.7406433,5.664,7.5,true,44
2026-09-23 05:32:02.508,35.8777954,139.7406427,5.566,7.5,true,44
2026-09-23 05:32:09.996,35.8777962,139.7406429,5.498,7.5,true,44
2026-09-23 05:32:17.580,35.8777951,139.7406413,5.409,7.6,true,44
2026-09-23 05:32:25.166,35.8777947,139.7406416,5.495,7.6,true,44
2026-09-23 05:32:32.750,35.8777965,139.7406419,5.504,7.6,true,44
2026-09-23 05:32:40.376,35.8777955,139.7406421,5.399,7.6,true,44
2026-09-23 05:32:47.942,35.8777965,139.7406406,5.38,7.6,true,44
2026-09-23 05:32:55.471,35.8777955,139.740638,5.034,7.5,true,44
2026-09-23 05:33:03.127,35.8777954,139.7406378,5.301,7.7,true,44
2026-09-23 05:33:10.575,35.8777969,139.7406395,5.348,7.4,true,44
2026-09-23 05:33:18.059,35.8777953,139.7406399,5.281,7.5,true,44
2026-09-23 05:33:25.721,35.8777931,139.740641,5.23,7.7,true,44
2026-09-23 05:33:33.126,35.8777924,139.7406416,5.199,7.4,true,44
2026-09-23 05:33:40.686,35.8777954,139.7406401,5.188,7.6,true,44
2026-09-23 05:33:48.222,35.8777973,139.7406403,5.236,7.5,true,44
2026-09-23 05:33:55.848,35.8778003,139.740639,5.359,7.6,true,44
2026-09-23 05:34:03.358,35.877801,139.7406389,5.378,7.5,true,44
2026-09-23 05:34:10.826,35.8777993,139.7406387,5.324,7.5,true,44
2026-09-23 05:34:18.420,35.8777989,139.7406387,5.339,7.6,true,44
2026-09-23 05:34:25.965,35.8778011,139.7406374,5.3,7.5,true,44
2026-09-23 05:34:33.596,35.8778022,139.7406378,5.309,7.6,true,44
2026-09-23 05:34:41.162,35.8778043,139.7406383,5.314,7.6,true,44
2026-09-23 05:34:48.753,35.8778056,139.7406362,5.306,7.6,true,44
2026-09-23 05:34:56.298,35.8778037,139.7406371,5.305,7.5,true,44
2026-09-23 05:35:03.857,35.8778013,139.7406402,5.017,7.6,true,44
2026-09-23 05:35:11.402,35.877801,139.7406403,5.264,7.5,true,44
2026-09-23 05:35:18.955,35.8778003,139.7406394,5.215,7.6,true,44
2026-09-23 05:35:26.564,35.8777991,139.7406387,5.267,7.6,true,44
2026-09-23 05:35:34.111,35.877799,139.7406394,5.313,7.5,true,44
2026-09-23 05:35:41.727,35.8777969,139.7406406,5.375,7.6,true,44
2026-09-23 05:35:49.185,35.8777956,139.7406409,5.4,7.5,true,44
2026-09-23 05:35:56.831,35.8777968,139.740642,5.367,7.6,true,44
2026-09-23 05:36:04.402,35.8777978,139.7406422,5.328,7.6,true,44
2026-09-23 05:36:11.876,35.8777968,139.7406418,5.276,7.5,true,44
2026-09-23 05:36:19.366,35.8777949,139.7406419,5.417,7.5,true,44
2026-09-23 05:36:26.932,35.8777949,139.7406423,5.316,7.6,true,44
2026-09-23 05:36:34.574,35.8777948,139.7406432,5.337,7.6,true,44
2026-09-23 05:36:42.147,35.8777962,139.7406443,5.345,7.6,true,44
2026-09-23 05:36:49.727,35.8777948,139.7406431,5.362,7.6,true,44
2026-09-23 05:36:57.240,35.8777957,139.7406417,5.11,7.5,true,44
2026-09-23 05:37:04.789,35.8777954,139.7406415,5.43,7.5,true,44
2026-09-23 05:37:12.338,35.8777949,139.7406427,5.452,7.5,true,44
2026-09-23 05:37:19.920,35.8777934,139.7406432,5.509,7.6,true,44
2026-09-23 05:37:27.496,35.8777933,139.7406438,5.36,7.6,true,44
2026-09-23 05:37:34.948,35.8777923,139.7406435,5.425,7.5,true,44
2026-09-23 05:37:42.518,35.8777915,139.740643,5.455,7.6,true,44
2026-09-23 05:37:49.986,35.8777915,139.7406424,5.389,7.5,true,44
2026-09-23 05:37:57.621,35.8777918,139.7406435,5.345,7.6,true,44
2026-09-23 05:38:05.117,35.877792,139.740642,5.31,7.5,true,44
2026-09-23 05:38:12.592,35.8777921,139.7406412,5.303,7.5,true,44
2026-09-23 05:38:20.125,35.8777918,139.7406403,5.278,7.5,true,44
2026-09-23 05:38:27.752,35.8777924,139.7406402,5.231,7.6,true,44
2026-09-23 05:38:35.269,35.8777906,139.7406406,5.072,7.5,true,44
2026-09-23 05:38:42.813,35.8777891,139.7406417,5.14,7.5,true,44
2026-09-23 05:38:50.438,35.8777889,139.7406396,5.196,7.6,true,44
2026-09-23 05:38:58.040,35.8777891,139.7406408,5.096,7.6,true,44
2026-09-23 05:39:05.590,35.8777917,139.7406409,5.018,7.6,true,44
2026-09-23 05:39:13.076,35.8777915,139.7406419,4.983,7.5,true,44
2026-09-23 05:39:20.642,35.8777903,139.740642,5.016,7.6,true,44
2026-09-23 05:39:28.150,35.8777895,139.7406427,5.054,7.5,true,44
2026-09-23 05:39:35.687,35.8777889,139.7406445,5.042,7.5,true,44
2026-09-23 05:39:43.284,35.8777874,139.7406458,5.139,7.6,true,44
2026-09-23 05:39:50.830,35.8777903,139.740645,4.787,7.5,true,44
2026-09-23 05:39:58.452,35.8777904,139.7406451,4.991,7.6,true,44
2026-09-23 05:40:05.872,35.8777914,139.7406459,4.974,7.4,true,44
2026-09-23 05:40:13.332,35.8777904,139.7406456,5.02,7.5,true,44
2026-09-23 05:40:20.820,35.8777884,139.740646,4.792,7.5,true,44
2026-09-23 05:40:28.306,35.8777881,139.7406463,5.011,7.5,true,44
2026-09-23 05:40:35.791,35.8777881,139.7406436,4.945,7.5,true,44
2026-09-23 05:40:43.353,35.8777883,139.7406441,4.905,7.6,true,44
2026-09-23 05:40:50.829,35.8777865,139.7406453,4.672,7.5,true,44
2026-09-23 05:40:58.480,35.8777864,139.7406456,4.931,7.7,true,44
2026-09-23 05:41:05.852,35.8777853,139.7406474,4.717,7.4,true,44
2026-09-23 05:41:13.402,35.8777853,139.7406474,4.968,7.6,true,44
2026-09-23 05:41:20.929,35.8777854,139.7406468,4.701,7.5,true,44
2026-09-23 05:41:28.433,35.8777854,139.7406469,4.948,7.5,true,44
2026-09-23 05:41:36.012,35.8777855,139.7406479,4.913,7.6,true,44
2026-09-23 05:41:43.561,35.8777857,139.7406491,4.91,7.5,true,44
2026-09-23 05:41:51.030,35.8777842,139.7406496,4.879,7.5,true,44
2026-09-23 05:41:58.656,35.8777866,139.7406493,4.851,7.6,true,44
2026-09-23 05:42:06.183,35.8777867,139.7406498,4.893,7.5,true,44
2026-09-23 05:42:13.771,35.877786,139.7406503,4.919,7.6,true,44
2026-09-23 05:42:21.357,35.8777872,139.7406493,4.827,7.6,true,44
2026-09-23 05:42:28.932,35.8777874,139.7406492,4.815,7.6,true,44
2026-09-23 05:42:36.449,35.8777869,139.7406487,4.832,7.5,true,44
2026-09-23 05:42:43.978,35.8777885,139.7406494,4.567,7.5,true,44
2026-09-23 05:42:51.473,35.8777888,139.7406495,4.816,7.5,true,44
2026-09-23 05:42:59.068,35.8777876,139.7406507,4.822,7.6,true,44
2026-09-23 05:43:06.445,35.8777885,139.7406499,4.809,7.4,true,44
2026-09-23 05:43:14.101,35.8777869,139.7406497,4.832,7.7,true,44
2026-09-23 05:43:21.707,35.8777861,139.7406512,4.827,7.6,true,44
2026-09-23 05:43:29.244,35.8777857,139.7406518,4.636,7.5,true,44
2026-09-23 05:43:36.746,35.8777855,139.7406517,4.868,7.5,true,44
2026-09-23 05:43:44.330,35.8777864,139.7406525,4.863,7.6,true,44
2026-09-23 05:43:51.907,35.8777863,139.7406534,4.831,7.6,true,44
2026-09-23 05:43:59.365,35.8777858,139.7406539,4.831,7.5,true,44
2026-09-23 05:44:06.829,35.8777851,139.7406536,4.919,7.5,true,44
2026-09-23 05:44:14.392,35.8777845,139.7406542,4.993,7.6,true,44
2026-09-23 05:44:21.997,35.877784,139.740656,5.067,7.6,true,44
2026-09-23 05:44:29.577,35.8777851,139.7406548,5.072,7.6,true,44
2026-09-23 05:44:37.143,35.8777845,139.7406546,5.138,7.6,true,44
2026-09-23 05:44:44.647,35.8777855,139.7406549,5.28,7.5,true,44
2026-09-23 05:44:52.094,35.877785,139.7406563,5.266,7.4,true,44
2026-09-23 05:44:59.647,35.8777858,139.7406571,5.262,7.6,true,44
2026-09-23 05:45:07.271,35.8777863,139.7406575,5.23,7.6,true,44
2026-09-23 05:45:14.815,35.877786,139.7406585,5.24,7.5,true,44
2026-09-23 05:45:22.257,35.8777855,139.7406601,4.894,7.4,true,43
2026-09-23 05:45:29.781,35.8777856,139.7406604,5.119,7.5,true,43
2026-09-23 05:45:37.183,35.8777872,139.7406584,4.823,7.4,true,43
2026-09-23 05:45:44.745,35.8777872,139.7406584,5.073,7.6,true,43
2026-09-23 05:45:52.207,35.8777893,139.7406566,5.056,7.5,true,43
2026-09-23 05:45:59.676,35.8777876,139.740657,5.034,7.5,true,43
2026-09-23 05:46:07.146,35.8777875,139.7406575,5.026,7.5,true,43
2026-09-23 05:46:14.610,35.877788,139.7406579,4.78,7.5,true,43
2026-09-23 05:46:22.060,35.877788,139.7406582,5.042,7.5,true,43
2026-09-23 05:46:29.726,35.8777879,139.7406577,5.066,7.7,true,43
2026-09-23 05:46:37.232,35.8777872,139.7406579,5.062,7.5,true,43
2026-09-23 05:46:44.718,35.8777869,139.7406586,4.902,7.5,true,43
2026-09-23 05:46:52.194,35.8777861,139.7406583,4.872,7.5,true,43
2026-09-23 05:46:59.656,35.8777855,139.7406597,4.679,7.5,true,43
2026-09-23 05:47:07.173,35.8777855,139.7406599,4.9,7.5,true,43
2026-09-23 05:47:14.652,35.8777872,139.7406568,4.839,7.5,true,43
2026-09-23 05:47:22.178,35.8777872,139.7406564,4.869,7.5,true,43
2026-09-23 05:47:29.717,35.8777863,139.7406566,4.9,7.5,true,43
2026-09-23 05:47:37.327,35.8777875,139.7406544,4.888,7.6,true,43
2026-09-23 05:47:44.743,35.8777898,139.7406536,4.929,7.4,true,43
2026-09-23 05:47:52.346,35.8777891,139.7406539,4.949,7.6,true,43
2026-09-23 05:47:59.848,35.8777882,139.7406541,4.929,7.5,true,43
2026-09-23 05:48:07.386,35.8777884,139.7406505,4.99,7.5,true,43
2026-09-23 05:48:14.990,35.8777888,139.7406516,5.021,7.6,true,43
2026-09-23 05:48:22.354,35.8777876,139.7406511,4.816,7.4,true,43
2026-09-23 05:48:29.869,35.8777866,139.7406509,4.828,7.5,true,43
2026-09-23 05:48:37.382,35.8777866,139.740651,5.08,7.5,true,43
2026-09-23 05:48:44.948,35.8777869,139.7406512,5.123,7.6,true,43
2026-09-23 05:48:52.409,35.877789,139.7406493,5.285,7.5,true,43
2026-09-23 05:48:59.934,35.8777891,139.7406506,5.136,7.5,true,43
2026-09-23 05:49:07.501,35.8777888,139.7406516,5.041,7.6,true,43
2026-09-23 05:49:15.091,35.8777874,139.7406512,4.992,7.6,true,43
2026-09-23 05:49:22.571,35.8777887,139.7406493,4.695,7.5,true,43
2026-09-23 05:49:30.144,35.8777888,139.7406489,4.957,7.6,true,43
2026-09-23 05:49:37.569,35.8777881,139.7406496,4.971,7.4,true,43
2026-09-23 05:49:45.181,35.8777898,139.7406477,5.02,7.6,true,43
2026-09-23 05:49:52.646,35.8777891,139.7406494,4.946,7.5,true,43
2026-09-23 05:50:00.213,35.8777891,139.7406493,4.842,7.6,true,43
2026-09-23 05:50:07.704,35.877789,139.7406493,4.829,7.5,true,43
2026-09-23 05:50:15.272,35.8777895,139.7406507,4.779,7.6,true,43
2026-09-23 05:50:22.760,35.8777888,139.7406517,4.764,7.5,true,43
2026-09-23 05:50:30.231,35.8777879,139.7406517,4.72,7.5,true,43
2026-09-23 05:50:37.714,35.8777875,139.7406524,4.713,7.5,true,43
2026-09-23 05:50:45.169,35.8777868,139.7406539,4.515,7.5,true,43
2026-09-23 05:50:52.674,35.8777866,139.7406541,4.729,7.5,true,43
2026-09-23 05:51:00.266,35.8777863,139.740654,4.738,7.6,true,43
2026-09-23 05:51:07.693,35.8777861,139.7406528,4.689,7.4,true,43
2026-09-23 05:51:15.190,35.8777855,139.7406534,4.532,7.5,true,43
2026-09-23 05:51:22.759,35.8777855,139.7406533,4.75,7.6,true,43
2026-09-23 05:51:30.339,35.8777858,139.7406535,4.78,7.6,true,43
2026-09-23 05:51:37.819,35.8777854,139.740653,4.843,7.5,true,43
2026-09-23 05:51:45.301,35.8777854,139.7406545,4.649,7.5,true,43
2026-09-23 05:51:52.744,35.8777854,139.7406545,4.865,7.4,true,43
2026-09-23 05:52:00.375,35.8777859,139.7406539,4.885,7.6,true,43
2026-09-23 05:52:07.749,35.8777856,139.7406541,4.684,7.4,true,43
2026-09-23 05:52:15.286,35.8777845,139.7406552,4.712,7.5,true,43
2026-09-23 05:52:22.748,35.8777845,139.7406554,4.981,7.5,true,43
2026-09-23 05:52:30.272,35.8777835,139.7406561,4.999,7.5,true,43
2026-09-23 05:52:37.727,35.8777829,139.7406568,5.017,7.5,true,43
2026-09-23 05:52:45.237,35.8777823,139.7406575,5.009,7.5,true,43
2026-09-23 05:52:52.753,35.877782,139.7406564,4.972,7.5,true,43
2026-09-23 05:53:00.328,35.8777825,139.7406543,4.772,7.6,true,43
2026-09-23 05:53:07.782,35.8777826,139.740654,5.048,7.5,true,43
2026-09-23 05:53:15.302,35.8777847,139.740654,5.082,7.5,true,43
2026-09-23 05:53:22.724,35.8777841,139.7406525,5.079,7.4,true,43
2026-09-23 05:53:30.234,35.8777835,139.7406516,4.846,7.5,true,43
2026-09-23 05:53:37.733,35.8777835,139.7406513,5.06,7.5,true,43
2026-09-23 05:53:45.196,35.8777839,139.7406508,5.004,7.5,true,43
2026-09-23 05:53:52.693,35.8777839,139.7406508,5.013,7.5,true,43
2026-09-23 05:54:00.228,35.8777845,139.7406467,4.848,7.5,true,43
2026-09-23 05:54:07.719,35.8777845,139.7406465,5.089,7.5,true,43
2026-09-23 05:54:15.229,35.8777839,139.7406477,5.104,7.5,true,43
2026-09-23 05:54:22.694,35.8777843,139.7406498,5.038,7.5,true,43
2026-09-23 05:54:30.285,35.8777849,139.7406511,4.889,7.6,true,43
2026-09-23 05:54:37.813,35.8777845,139.74065,4.878,7.5,true,43
2026-09-23 05:54:45.285,35.8777872,139.740651,4.731,7.5,true,43
2026-09-23 05:54:52.779,35.8777874,139.7406508,4.949,7.5,true,43
2026-09-23 05:55:00.260,35.877787,139.7406509,4.939,7.5,true,43
2026-09-23 05:55:07.760,35.8777864,139.7406508,4.946,7.5,true,43
2026-09-23 05:55:15.245,35.877787,139.7406518,4.964,7.5,true,43
2026-09-23 05:55:22.821,35.8777867,139.7406533,4.961,7.6,true,43
2026-09-23 05:55:30.320,35.8777857,139.7406529,4.959,7.5,true,43
2026-09-23 05:55:37.840,35.8777844,139.7406533,4.862,7.5,true,43
2026-09-23 05:55:45.349,35.8777837,139.7406533,4.905,7.5,true,43
2026-09-23 05:55:52.777,35.877785,139.7406515,4.934,7.4,true,43
2026-09-23 05:56:00.276,35.8777853,139.7406522,4.962,7.5,true,43
2026-09-23 05:56:07.727,35.877787,139.7406466,4.802,7.5,true,43
2026-09-23 05:56:15.216,35.8777874,139.7406464,5.022,7.5,true,43
2026-09-23 05:56:22.773,35.8777853,139.7406469,4.735,7.6,true,43
2026-09-23 05:56:30.327,35.8777853,139.7406469,4.978,7.6,true,43
2026-09-23 05:56:37.772,35.8777878,139.7406475,4.888,7.4,true,43
2026-09-23 05:56:45.233,35.8777876,139.7406486,4.837,7.5,true,43
2026-09-23 05:56:52.713,35.8777881,139.7406463,4.84,7.5,true,43
2026-09-23 05:57:00.106,35.8777882,139.7406483,4.682,7.4,true,43
2026-09-23 05:57:07.761,35.8777879,139.7406494,4.711,7.7,true,43
2026-09-23 05:57:15.324,35.8777879,139.7406494,4.918,7.6,true,43
2026-09-23 05:57:22.838,35.8777876,139.740649,4.924,7.5,true,43
2026-09-23 05:57:30.272,35.877787,139.74065,4.979,7.4,true,43
2026-09-23 05:57:37.737,35.8777856,139.7406515,4.893,7.5,true,43
2026-09-23 05:57:45.251,35.8777856,139.7406519,5.142,7.5,true,43
2026-09-23 05:57:52.690,35.8777847,139.7406524,5.123,7.4,true,43
2026-09-23 05:58:00.281,35.8777841,139.7406499,5.044,7.6,true,43
2026-09-23 05:58:07.772,35.8777836,139.7406495,5.02,7.5,true,43
2026-09-23 05:58:15.333,35.8777841,139.74065,4.993,7.6,true,43
2026-09-23 05:58:22.790,35.8777838,139.7406518,4.799,7.5,true,43
2026-09-23 05:58:30.297,35.8777837,139.7406519,5.043,7.5,true,43
2026-09-23 05:58:37.874,35.8777836,139.7406516,5.104,7.6,true,43
2026-09-23 05:58:45.365,35.8777833,139.7406516,5.122,7.5,true,43
2026-09-23 05:58:52.834,35.8777826,139.7406535,5.096,7.5,true,43
2026-09-23 05:59:00.320,35.877783,139.740655,5.11,7.5,true,43
2026-09-23 05:59:07.742,35.877784,139.7406551,4.832,7.4,true,43
2026-09-23 05:59:15.295,35.8777841,139.7406554,5.061,7.6,true,43
2026-09-23 05:59:22.741,35.8777834,139.7406556,4.981,7.4,true,43
2026-09-23 05:59:30.246,35.877783,139.7406561,4.98,7.5,true,43
2026-09-23 05:59:37.776,35.8777823,139.7406555,4.936,7.5,true,43
2026-09-23 05:59:45.235,35.8777821,139.7406551,4.899,7.5,true,43
2026-09-23 05:59:52.727,35.877782,139.7406561,4.91,7.5,true,43
2026-09-23 06:00:00.188,35.8777827,139.7406554,5.043,7.5,true,43
2026-09-23 06:00:07.691,35.8777874,139.7406531,5.036,7.5,true,43
2026-09-23 06:00:15.169,35.8777861,139.7406543,4.735,7.5,true,43
2026-09-23 06:00:22.662,35.8777861,139.7406544,4.928,7.5,true,43
2026-09-23 06:00:30.131,35.8777868,139.7406545,4.874,7.5,true,43
2026-09-23 06:00:37.642,35.8777862,139.7406553,4.849,7.5,true,43
2026-09-23 06:00:45.172,35.8777847,139.7406556,4.622,7.5,true,43
2026-09-23 06:00:52.712,35.8777845,139.7406559,4.865,7.5,true,43
2026-09-23 06:01:00.206,35.8777829,139.7406562,4.738,7.5,true,43
2026-09-23 06:01:07.716,35.8777827,139.7406561,4.983,7.5,true,43
2026-09-23 06:01:15.167,35.8777828,139.7406558,4.995,7.5,true,43
2026-09-23 06:01:22.722,35.877782,139.7406559,5.019,7.6,true,43
2026-09-23 06:01:30.128,35.8777819,139.7406555,4.982,7.4,true,43
2026-09-23 06:01:37.595,35.8777821,139.740654,5.017,7.5,true,43
2026-09-23 06:01:45.084,35.8777826,139.7406536,4.974,7.5,true,43
2026-09-23 06:01:52.559,35.8777829,139.7406546,4.936,7.5,true,43
2026-09-23 06:02:00.054,35.8777828,139.7406542,4.957,7.5,true,43
2026-09-23 06:02:07.481,35.8777822,139.7406535,4.894,7.4,true,43
2026-09-23 06:02:14.968,35.877782,139.740654,4.88,7.5,true,43
2026-09-23 06:02:22.462,35.8777813,139.7406544,4.892,7.5,true,43
2026-09-23 06:02:29.929,35.8777817,139.7406537,4.81,7.5,true,43
2026-09-23 06:02:37.435,35.8777815,139.740654,4.782,7.5,true,43
2026-09-23 06:02:44.900,35.877781,139.7406536,4.812,7.5,true,43
2026-09-23 06:02:52.488,35.8777811,139.7406534,4.831,7.6,true,43
2026-09-23 06:02:59.950,35.8777809,139.7406527,4.845,7.5,true,42
2026-09-23 06:03:07.424,35.8777808,139.7406532,4.827,7.5,true,42
2026-09-23 06:03:14.872,35.8777808,139.740653,4.827,7.4,true,42
2026-09-23 06:03:22.333,35.8777815,139.740654,4.6,7.5,true,42
2026-09-23 06:03:29.834,35.8777816,139.7406539,4.834,7.5,true,42
2026-09-23 06:03:37.316,35.8777817,139.7406534,4.883,7.5,true,42
2026-09-23 06:03:44.772,35.8777834,139.7406539,4.904,7.5,true,42
2026-09-23 06:03:52.296,35.8777836,139.740653,4.983,7.5,true,42
2026-09-23 06:03:59.747,35.8777832,139.7406533,4.982,7.5,true,42
2026-09-23 06:04:07.200,35.8777829,139.7406528,4.99,7.5,true,42
2026-09-23 06:04:14.758,35.8777835,139.7406532,4.973,7.6,true,42
2026-09-23 06:04:22.263,35.8777836,139.7406525,4.961,7.5,true,42
2026-09-23 06:04:29.770,35.8777836,139.7406529,4.939,7.5,true,42
2026-09-23 06:04:37.206,35.8777828,139.7406523,4.944,7.4,true,42
2026-09-23 06:04:44.751,35.8777832,139.7406523,4.922,7.5,true,42
2026-09-23 06:04:52.274,35.8777829,139.7406532,4.91,7.5,true,42
2026-09-23 06:04:59.753,35.8777846,139.7406547,4.908,7.5,true,42
2026-09-23 06:05:07.171,35.8777848,139.7406559,4.924,7.4,true,42
2026-09-23 06:05:14.733,35.8777838,139.7406563,4.938,7.6,true,42
2026-09-23 06:05:22.184,35.8777839,139.7406518,5.105,7.5,true,42
2026-09-23 06:05:29.660,35.8777843,139.7406499,4.978,7.5,true,42
2026-09-23 06:05:37.120,35.8777844,139.74065,5.274,7.5,true,42
2026-09-23 06:05:44.620,35.8777825,139.7406496,5.331,7.5,true,42
2026-09-23 06:05:52.184,35.8777825,139.7406493,5.296,7.6,true,42
2026-09-23 06:05:59.639,35.8777841,139.7406459,5.1,7.5,true,42
2026-09-23 06:06:07.103,35.877784,139.7406459,5.312,7.5,true,42
2026-09-23 06:06:14.606,35.8777853,139.7406445,5.313,7.5,true,42
2026-09-23 06:06:22.145,35.8777848,139.7406445,5.311,7.5,true,42
2026-09-23 06:06:29.659,35.8777864,139.7406443,5.233,7.5,true,42
2026-09-23 06:06:37.142,35.8777865,139.7406446,5.537,7.5,true,42
2026-09-23 06:06:44.652,35.8777858,139.7406454,5.526,7.5,true,42
2026-09-23 06:06:52.175,35.8777856,139.7406448,5.475,7.5,true,42
2026-09-23 06:06:59.737,35.8777851,139.7406453,5.443,7.6,true,42
2026-09-23 06:07:07.191,35.8777854,139.7406458,5.455,7.5,true,42
2026-09-23 06:07:14.711,35.8777874,139.740645,5.548,7.5,true,42
2026-09-23 06:07:22.264,35.8777868,139.7406462,5.505,7.6,true,42
2026-09-23 06:07:29.821,35.8777859,139.7406461,5.444,7.6,true,42
2026-09-23 06:07:37.345,35.8777865,139.7406457,5.622,7.5,true,42
2026-09-23 06:07:44.866,35.877789,139.7406418,5.665,7.5,true,42
2026-09-23 06:07:52.433,35.8777883,139.7406401,5.137,7.6,true,42
2026-09-23 06:08:00.084,35.8777884,139.7406399,5.418,7.7,true,42
2026-09-23 06:08:07.550,35.8777873,139.7406418,4.928,7.5,true,42
2026-09-23 06:08:15.175,35.8777874,139.740642,5.193,7.6,true,42
2026-09-23 06:08:22.758,35.8777856,139.7406443,4.893,7.6,true,42
2026-09-23 06:08:30.377,35.8777855,139.7406445,5.149,7.6,true,42
2026-09-23 06:08:37.971,35.877785,139.7406432,5.212,7.6,true,42
2026-09-23 06:08:45.536,35.8777839,139.740642,5.21,7.6,true,42
2026-09-23 06:08:53.127,35.8777837,139.7406431,5.233,7.6,true,42
2026-09-23 06:09:00.728,35.8777856,139.7406419,5.286,7.6,true,42
2026-09-23 06:09:08.257,35.8777849,139.7406414,5.306,7.5,true,42
2026-09-23 06:09:15.821,35.8777847,139.7406413,5.289,7.6,true,42
2026-09-23 06:09:23.334,35.8777839,139.7406421,4.961,7.5,true,42
2026-09-23 06:09:30.956,35.8777829,139.7406412,4.928,7.6,true,42
2026-09-23 06:09:38.554,35.8777828,139.740641,5.149,7.6,true,42
2026-09-23 06:09:46.135,35.8777827,139.7406413,4.859,7.6,true,42
2026-09-23 06:09:53.742,35.8777828,139.7406412,5.13,7.6,true,42
2026-09-23 06:10:01.308,35.8777832,139.7406425,5.134,7.6,true,42
2026-09-23 06:10:08.901,35.8777831,139.7406433,5.176,7.6,true,42
2026-09-23 06:10:16.386,35.8777829,139.7406433,5.232,7.5,true,42
2026-09-23 06:10:24.039,35.8777843,139.7406403,5.345,7.7,true,42
2026-09-23 06:10:31.636,35.8777843,139.7406397,5.335,7.6,true,42
2026-09-23 06:10:39.177,35.8777856,139.7406405,4.902,7.5,true,42
2026-09-23 06:10:46.764,35.8777853,139.7406403,5.121,7.6,true,42
2026-09-23 06:10:54.332,35.8777876,139.7406376,4.96,7.6,true,42
2026-09-23 06:11:01.921,35.8777875,139.7406375,5.228,7.6,true,42
2026-09-23 06:11:09.494,35.8777876,139.7406368,5.229,7.6,true,42
2026-09-23 06:11:17.071,35.8777891,139.7406369,5.317,7.6,true,42
2026-09-23 06:11:24.665,35.8777884,139.7406375,5.325,7.6,true,42
2026-09-23 06:11:32.275,35.8777915,139.7406373,5.402,7.6,true,42
2026-09-23 06:11:39.821,35.8777914,139.7406387,5.299,7.5,true,42
2026-09-23 06:11:47.435,35.8777918,139.7406398,5.329,7.6,true,42
2026-09-23 06:11:55.007,35.8777909,139.7406408,5.324,7.6,true,42
2026-09-23 06:12:02.469,35.8777927,139.7406406,5.376,7.5,true,42
2026-09-23 06:12:10.060,35.8777915,139.7406401,5.342,7.6,true,42
2026-09-23 06:12:17.649,35.8777907,139.7406407,5.324,7.6,true,42
2026-09-23 06:12:25.184,35.8777939,139.7406395,5.403,7.5,true,42
2026-09-23 06:12:32.748,35.877793,139.7406418,5.374,7.6,true,42
2026-09-23 06:12:40.319,35.8777921,139.7406424,5.355,7.6,true,42
2026-09-23 06:12:47.885,35.877791,139.7406434,5.368,7.6,true,42
2026-09-23 06:12:55.523,35.8777898,139.7406437,5.321,7.6,true,42
2026-09-23 06:13:03.040,35.8777894,139.7406451,5.302,7.5,true,42
2026-09-23 06:13:10.674,35.8777888,139.7406454,5.284,7.6,true,42
2026-09-23 06:13:18.226,35.8777881,139.7406468,5.329,7.6,true,42
2026-09-23 06:13:25.806,35.877791,139.7406477,5.099,7.6,true,42
2026-09-23 06:13:33.398,35.8777913,139.7406477,5.332,7.6,true,42
2026-09-23 06:13:40.918,35.8777895,139.7406483,5.331,7.5,true,42
2026-09-23 06:13:48.404,35.877789,139.7406485,5.306,7.5,true,42
2026-09-23 06:13:56.000,35.8777885,139.7406488,5.343,7.6,true,42
2026-09-23 06:14:03.575,35.8777891,139.7406473,5.316,7.6,true,42
2026-09-23 06:14:11.178,35.8777904,139.7406468,5.366,7.6,true,42
2026-09-23 06:14:18.747,35.8777903,139.7406481,5.363,7.6,true,42
2026-09-23 06:14:26.323,35.8777892,139.7406489,5.298,7.6,true,42
2026-09-23 06:14:33.950,35.8777883,139.7406501,5.26,7.6,true,42
2026-09-23 06:14:41.455,35.8777884,139.7406496,5.203,7.5,true,42
2026-09-23 06:14:49.104,35.8777876,139.7406495,5.279,7.6,true,42
2026-09-23 06:14:56.588,35.8777876,139.7406492,4.874,7.5,true,42
2026-09-23 06:15:04.208,35.8777884,139.7406487,4.834,7.6,true,42
2026-09-23 06:15:11.767,35.8777885,139.7406484,5.076,7.6,true,42
2026-09-23 06:15:19.393,35.8777884,139.7406469,5.002,7.6,true,42
2026-09-23 06:15:26.977,35.8777886,139.7406469,4.957,7.6,true,42
2026-09-23 06:15:34.538,35.8777885,139.740647,4.961,7.6,true,42
2026-09-23 06:15:42.156,35.8777891,139.7406465,4.971,7.6,true,42
2026-09-23 06:15:49.737,35.8777891,139.7406473,4.974,7.6,true,42
2026-09-23 06:15:57.296,35.877789,139.7406465,4.942,7.6,true,42
2026-09-23 06:16:04.850,35.8777893,139.740644,5.029,7.6,true,42
2026-09-23 06:16:12.394,35.8777897,139.7406444,4.827,7.5,true,42
2026-09-23 06:16:20.015,35.8777899,139.7406443,5.081,7.6,true,42
2026-09-23 06:16:27.577,35.8777896,139.7406432,5.084,7.6,true,42
2026-09-23 06:16:35.148,35.8777886,139.7406434,5.109,7.6,true,42
2026-09-23 06:16:42.727,35.8777893,139.7406446,5.15,7.6,true,42
2026-09-23 06:16:50.310,35.8777889,139.7406448,5.199,7.6,true,42
2026-09-23 06:16:57.843,35.8777884,139.7406436,5.231,7.5,true,42
2026-09-23 06:17:05.444,35.8777885,139.7406454,4.924,7.6,true,42
2026-09-23 06:17:13.089,35.8777884,139.7406456,5.156,7.6,true,42
2026-09-23 06:17:20.685,35.877788,139.7406448,5.157,7.6,true,42
2026-09-23 06:17:28.106,35.8777856,139.7406448,4.841,7.4,true,42
2026-09-23 06:17:35.797,35.8777855,139.740645,5.046,7.7,true,42
2026-09-23 06:17:43.334,35.8777857,139.7406442,5.027,7.5,true,42
2026-09-23 06:17:50.939,35.8777849,139.7406432,4.988,7.6,true,42
2026-09-23 06:17:58.444,35.8777853,139.7406418,4.664,7.5,true,42
2026-09-23 06:18:06.049,35.8777854,139.7406418,4.833,7.6,true,42
2026-09-23 06:18:13.640,35.877787,139.7406419,4.608,7.6,true,42
2026-09-23 06:18:21.226,35.8777872,139.7406422,4.857,7.6,true,42
2026-09-23 06:18:28.781,35.877788,139.740642,4.867,7.6,true,42
2026-09-23 06:18:36.362,35.8777878,139.7406417,4.848,7.6,true,42
2026-09-23 06:18:43.961,35.8777872,139.7406416,4.824,7.6,true,42
2026-09-23 06:18:51.551,35.8777865,139.7406421,4.776,7.6,true,42
2026-09-23 06:18:59.085,35.8777855,139.7406434,4.755,7.5,true,42
2026-09-23 06:19:06.718,35.8777853,139.7406439,4.777,7.6,true,42
2026-09-23 06:19:14.246,35.8777838,139.7406441,4.814,7.5,true,42
2026-09-23 06:19:21.822,35.8777838,139.7406439,4.662,7.6,true,42
2026-09-23 06:19:29.410,35.8777837,139.740644,4.92,7.6,true,42
2026-09-23 06:19:37.052,35.8777838,139.7406439,4.97,7.6,true,42
2026-09-23 06:19:44.614,35.8777863,139.7406428,5.057,7.6,true,42
2026-09-23 06:19:52.187,35.8777873,139.7406414,4.901,7.6,true,42
2026-09-23 06:19:59.731,35.8777871,139.7406414,5.131,7.5,true,42
2026-09-23 06:20:07.333,35.8777863,139.7406418,5.127,7.6,true,42
2026-09-23 06:20:14.897,35.8777853,139.7406422,5.115,7.6,true,42
2026-09-23 06:20:22.495,35.8777858,139.7406425,5.151,7.6,true,41
2026-09-23 06:20:30.100,35.8777851,139.7406431,5.129,7.6,true,41
2026-09-23 06:20:37.670,35.8777845,139.7406429,5.127,7.6,true,41
2026-09-23 06:20:45.206,35.8777848,139.7406421,4.906,7.5,true,41
2026-09-23 06:20:52.799,35.8777849,139.740642,5.139,7.6,true,41
2026-09-23 06:21:00.394,35.8777853,139.7406426,5.133,7.6,true,41
2026-09-23 06:21:07.936,35.8777851,139.7406424,5.115,7.5,true,41
2026-09-23 06:21:15.523,35.8777872,139.7406402,5.203,7.6,true,41
2026-09-23 06:21:23.086,35.8777869,139.7406402,4.947,7.6,true,41
2026-09-23 06:21:30.575,35.877787,139.7406403,5.202,7.5,true,41
2026-09-23 06:21:38.185,35.8777861,139.7406409,5.189,7.6,true,41
2026-09-23 06:21:45.734,35.8777861,139.7406427,5.158,7.5,true,41
2026-09-23 06:21:53.336,35.8777852,139.740642,5.175,7.6,true,41
2026-09-23 06:22:00.869,35.877785,139.7406441,5.095,7.5,true,41
2026-09-23 06:22:08.445,35.8777835,139.7406465,4.884,7.6,true,41
2026-09-23 06:22:16.113,35.8777835,139.7406473,5.158,7.7,true,41
2026-09-23 06:22:23.492,35.8777833,139.7406496,5.043,7.4,true,41
2026-09-23 06:22:31.039,35.8777828,139.7406493,4.844,7.5,true,41
2026-09-23 06:22:38.565,35.8777828,139.7406497,5.135,7.5,true,41
2026-09-23 06:22:46.154,35.8777825,139.740649,5.155,7.6,true,41
2026-09-23 06:22:53.656,35.8777823,139.7406499,5.238,7.5,true,41
2026-09-23 06:23:01.142,35.8777818,139.7406508,5.06,7.5,true,41
2026-09-23 06:23:08.758,35.8777817,139.7406511,5.321,7.6,true,41
2026-09-23 06:23:16.349,35.8777818,139.7406523,5.343,7.6,true,41
2026-09-23 06:23:23.782,35.8777813,139.7406536,5.286,7.4,true,41
2026-09-23 06:23:31.410,35.8777817,139.7406515,5.31,7.6,true,41
2026-09-23 06:23:38.863,35.8777808,139.7406519,5.343,7.5,true,41
2026-09-23 06:23:46.473,35.8777806,139.740653,5.363,7.6,true,41
2026-09-23 06:23:53.969,35.8777801,139.7406533,5.364,7.5,true,41
2026-09-23 06:24:01.399,35.8777807,139.7406547,5.037,7.4,true,41
2026-09-23 06:24:08.914,35.8777817,139.7406546,5.03,7.5,true,41
2026-09-23 06:24:16.560,35.8777816,139.7406549,5.284,7.6,true,41
2026-09-23 06:24:24.140,35.8777816,139.7406546,5.429,7.6,true,41
2026-09-23 06:24:31.727,35.8777811,139.7406543,5.42,7.6,true,41
2026-09-23 06:24:39.271,35.8777807,139.740654,5.429,7.5,true,41
2026-09-23 06:24:46.892,35.8777798,139.7406547,5.387,7.6,true,41
2026-09-23 06:24:54.489,35.8777802,139.7406554,5.332,7.6,true,41
2026-09-23 06:25:02.044,35.8777806,139.7406553,5.321,7.6,true,41
2026-09-23 06:25:09.480,35.8777807,139.7406543,5.064,7.4,true,41
2026-09-23 06:25:17.036,35.8777809,139.7406542,5.334,7.6,true,41
2026-09-23 06:25:24.658,35.8777819,139.7406524,5.308,7.6,true,41
2026-09-23 06:25:32.230,35.8777831,139.7406513,5.133,7.6,true,41
2026-09-23 06:25:39.782,35.8777827,139.7406514,4.94,7.6,true,41
2026-09-23 06:25:47.377,35.8777828,139.7406514,5.177,7.6,true,41
2026-09-23 06:25:54.941,35.8777822,139.7406492,4.873,7.6,true,41
2026-09-23 06:26:02.485,35.8777821,139.740649,5.092,7.5,true,41
2026-09-23 06:26:09.987,35.8777813,139.7406499,4.806,7.5,true,41
2026-09-23 06:26:17.611,35.877781,139.74065,5.039,7.6,true,41
2026-09-23 06:26:25.191,35.8777803,139.7406502,5.045,7.6,true,41
2026-09-23 06:26:32.775,35.8777796,139.7406494,5.075,7.6,true,41
2026-09-23 06:26:40.371,35.8777795,139.7406496,5.11,7.6,true,41
2026-09-23 06:26:47.902,35.8777787,139.7406515,4.928,7.5,true,41
2026-09-23 06:26:55.376,35.8777787,139.7406516,5.161,7.5,true,41
2026-09-23 06:27:02.961,35.8777796,139.7406495,5.163,7.6,true,41
2026-09-23 06:27:10.419,35.8777788,139.7406502,5.204,7.5,true,41
2026-09-23 06:27:18.006,35.8777799,139.7406502,5.236,7.6,true,41
2026-09-23 06:27:25.591,35.8777794,139.7406505,5.278,7.6,true,41
2026-09-23 06:27:33.065,35.8777785,139.7406512,5.081,7.5,true,41
2026-09-23 06:27:40.630,35.8777786,139.7406512,5.302,7.6,true,41
2026-09-23 06:27:48.087,35.8777777,139.7406509,5.047,7.5,true,41
2026-09-23 06:27:55.604,35.8777778,139.740651,5.282,7.5,true,41
2026-09-23 06:28:03.158,35.877778,139.7406517,5.089,7.6,true,41
2026-09-23 06:28:10.735,35.877778,139.7406518,5.335,7.6,true,41
2026-09-23 06:28:18.378,35.8777775,139.7406525,5.356,7.6,true,41
2026-09-23 06:28:25.953,35.8777771,139.7406523,5.357,7.6,true,41
2026-09-23 06:28:33.403,35.8777771,139.7406527,5.096,7.5,true,41
2026-09-23 06:28:40.962,35.8777772,139.7406527,5.279,7.6,true,41
2026-09-23 06:28:48.545,35.877778,139.7406543,5.227,7.6,true,41
2026-09-23 06:28:56.161,35.8777784,139.7406547,5.451,7.6,true,41
2026-09-23 06:29:03.660,35.8777787,139.740656,5.385,7.5,true,41
2026-09-23 06:29:11.199,35.8777787,139.7406567,5.316,7.5,true,41
2026-09-23 06:29:18.743,35.8777781,139.740656,5.28,7.5,true,41
2026-09-23 06:29:26.385,35.8777778,139.7406556,5.216,7.6,true,41
2026-09-23 06:29:33.930,35.8777769,139.740656,5.125,7.5,true,41
2026-09-23 06:29:41.527,35.877777,139.7406562,5.103,7.6,true,41
2026-09-23 06:29:48.943,35.877777,139.7406551,5.078,7.4,true,41
2026-09-23 06:29:56.549,35.8777766,139.7406547,4.983,7.6,true,41
2026-09-23 06:30:03.972,35.8777766,139.7406548,4.959,7.4,true,41
2026-09-23 06:30:11.643,35.8777776,139.7406521,4.908,7.7,true,41
2026-09-23 06:30:19.102,35.8777769,139.7406518,4.969,7.5,true,41
2026-09-23 06:30:26.665,35.8777766,139.7406524,5.03,7.6,true,41
2026-09-23 06:30:34.187,35.8777761,139.740652,5.039,7.5,true,41
2026-09-23 06:30:41.776,35.8777763,139.7406518,5.079,7.6,true,41
2026-09-23 06:30:49.216,35.8777762,139.7406508,4.883,7.4,true,41
2026-09-23 06:30:56.727,35.8777763,139.7406507,5.126,7.5,true,41
2026-09-23 06:31:04.275,35.8777761,139.740651,4.865,7.5,true,41
2026-09-23 06:31:11.798,35.8777759,139.7406515,4.861,7.5,true,41
2026-09-23 06:31:19.292,35.8777758,139.7406515,5.093,7.5,true,41
2026-09-23 06:31:26.761,35.8777782,139.7406475,4.846,7.5,true,41
2026-09-23 06:31:34.176,35.877778,139.7406476,4.802,7.4,true,41
2026-09-23 06:31:41.829,35.8777779,139.7406476,5.065,7.7,true,41
2026-09-23 06:31:49.265,35.8777776,139.7406479,5.034,7.4,true,41
2026-09-23 06:31:56.741,35.8777775,139.7406461,4.746,7.5,true,41
2026-09-23 06:32:04.279,35.8777771,139.740646,4.751,7.5,true,41
2026-09-23 06:32:11.775,35.8777763,139.7406457,4.746,7.5,true,41
2026-09-23 06:32:19.338,35.877776,139.7406455,4.974,7.6,true,41
2026-09-23 06:32:26.873,35.8777761,139.7406471,4.727,7.5,true,41
2026-09-23 06:32:34.326,35.8777759,139.7406472,4.983,7.5,true,41
2026-09-23 06:32:41.790,35.8777756,139.7406461,4.804,7.5,true,41
2026-09-23 06:32:49.247,35.8777755,139.7406457,5.064,7.5,true,41
2026-09-23 06:32:56.776,35.8777764,139.7406445,5.083,7.5,true,41
2026-09-23 06:33:04.352,35.8777762,139.7406441,4.997,7.6,true,41
2026-09-23 06:33:11.805,35.8777756,139.7406456,4.822,7.5,true,41
2026-09-23 06:33:19.292,35.8777755,139.7406456,5.074,7.5,true,41
2026-09-23 06:33:26.759,35.8777744,139.7406464,5.111,7.5,true,41
2026-09-23 06:33:34.221,35.8777746,139.7406467,5.139,7.5,true,41
2026-09-23 06:33:41.807,35.8777743,139.7406471,4.907,7.6,true,41
2026-09-23 06:33:49.330,35.8777743,139.7406483,4.898,7.5,true,41
2026-09-23 06:33:56.877,35.8777747,139.7406491,4.884,7.5,true,41
2026-09-23 06:34:04.367,35.8777748,139.7406494,5.135,7.5,true,41
2026-09-23 06:34:11.813,35.8777741,139.7406504,4.84,7.4,true,41
2026-09-23 06:34:19.313,35.8777742,139.7406505,5.092,7.5,true,41
2026-09-23 06:34:26.754,35.8777749,139.7406493,5.126,7.4,true,41
2026-09-23 06:34:34.360,35.8777748,139.7406501,5.186,7.6,true,41
2026-09-23 06:34:41.943,35.8777755,139.7406506,5.189,7.6,true,41
2026-09-23 06:34:49.511,35.8777748,139.7406499,5.204,7.6,true,41
2026-09-23 06:34:57.022,35.8777749,139.7406515,5.181,7.5,true,41
2026-09-23 06:35:04.551,35.8777746,139.7406521,5.258,7.5,true,41
2026-09-23 06:35:12.172,35.8777744,139.7406531,5.193,7.6,true,41
2026-09-23 06:35:19.746,35.8777736,139.740654,5.132,7.6,true,41
2026-09-23 06:35:27.213,35.8777729,139.7406547,5.06,7.5,true,41
2026-09-23 06:35:34.676,35.8777733,139.7406549,4.987,7.5,true,41
2026-09-23 06:35:42.272,35.8777736,139.740655,4.95,7.6,true,41
2026-09-23 06:35:49.829,35.8777736,139.7406562,4.915,7.6,true,41
2026-09-23 06:35:57.308,35.8777749,139.740655,4.735,7.5,true,41
2026-09-23 06:36:04.741,35.8777749,139.7406552,4.961,7.4,true,41
2026-09-23 06:36:12.278,35.8777752,139.740653,4.939,7.5,true,41
2026-09-23 06:36:19.705,35.8777748,139.7406538,4.91,7.4,true,41
2026-09-23 06:36:27.200,35.8777749,139.7406538,4.686,7.5,true,41
2026-09-23 06:36:34.695,35.8777747,139.7406538,4.896,7.5,true,41
2026-09-23 06:36:42.239,35.8777743,139.7406541,4.632,7.5,true,41
2026-09-23 06:36:49.753,35.8777742,139.7406541,4.876,7.5,true,41
2026-09-23 06:36:57.208,35.877775,139.7406553,4.581,7.5,true,41
2026-09-23 06:37:04.746,35.8777747,139.7406554,4.8,7.5,true,41
2026-09-23 06:37:12.226,35.8777748,139.7406552,4.62,7.5,true,41
2026-09-23 06:37:19.734,35.8777747,139.740655,4.836,7.5,true,41
2026-09-23 06:37:27.218,35.8777749,139.7406547,4.834,7.5,true,41
2026-09-23 06:37:34.681,35.8777746,139.7406544,4.835,7.5,true,41
2026-09-23 06:37:42.276,35.8777748,139.7406547,4.845,7.6,true,41
2026-09-23 06:37:49.741,35.8777746,139.7406564,4.838,7.5,true,41
2026-09-23 06:37:57.211,35.8777745,139.7406558,4.834,7.5,true,40
2026-09-23 06:38:04.734,35.8777746,139.7406558,4.851,7.5,true,40
2026-09-23 06:38:12.211,35.8777763,139.7406539,4.748,7.5,true,40
2026-09-23 06:38:19.760,35.877776,139.7406547,4.742,7.6,true,40
2026-09-23 06:38:27.237,35.8777753,139.7406548,4.793,7.5,true,40
2026-09-23 06:38:34.699,35.8777755,139.740655,4.785,7.5,true,40
2026-09-23 06:38:42.163,35.8777756,139.7406553,4.792,7.5,true,40
2026-09-23 06:38:49.754,35.8777761,139.7406557,4.78,7.6,true,40
2026-09-23 06:38:57.184,35.8777756,139.740656,4.629,7.4,true,40
2026-09-23 06:39:04.694,35.8777756,139.740656,4.857,7.5,true,40
2026-09-23 06:39:12.182,35.8777755,139.7406559,4.877,7.5,true,40
2026-09-23 06:39:19.656,35.8777764,139.7406546,4.851,7.5,true,40
2026-09-23 06:39:27.128,35.8777777,139.7406529,4.871,7.5,true,40
2026-09-23 06:39:34.605,35.8777796,139.740652,4.624,7.5,true,40
2026-09-23 06:39:42.041,35.8777798,139.7406519,4.857,7.4,true,40
2026-09-23 06:39:49.567,35.8777795,139.7406521,4.832,7.5,true,40
2026-09-23 06:39:57.043,35.8777791,139.7406533,4.813,7.5,true,40
2026-09-23 06:40:04.478,35.8777794,139.7406511,4.637,7.4,true,40
2026-09-23 06:40:11.975,35.8777795,139.7406506,4.853,7.5,true,40
2026-09-23 06:40:19.482,35.8777789,139.7406507,4.675,7.5,true,40
2026-09-23 06:40:26.937,35.8777786,139.7406504,4.766,7.5,true,40
2026-09-23 06:40:34.435,35.8777792,139.7406489,4.842,7.5,true,40
2026-09-23 06:40:41.881,35.8777798,139.740647,4.92,7.4,true,40
2026-09-23 06:40:49.373,35.8777798,139.740647,4.962,7.5,true,40
2026-09-23 06:40:56.990,35.8777785,139.7406483,5.013,7.6,true,40
2026-09-23 06:41:04.385,35.877777,139.74065,5.03,7.4,true,40
2026-09-23 06:41:11.850,35.8777774,139.7406505,5.012,7.5,true,40
2026-09-23 06:41:19.337,35.8777767,139.7406506,5.032,7.5,true,40
2026-09-23 06:41:26.808,35.8777751,139.7406513,4.975,7.5,true,40
2026-09-23 06:41:34.299,35.8777746,139.7406512,4.96,7.5,true,40
2026-09-23 06:41:41.799,35.8777741,139.7406516,4.957,7.5,true,40
2026-09-23 06:41:49.296,35.8777738,139.7406527,4.922,7.5,true,40
2026-09-23 06:41:56.866,35.8777737,139.7406529,4.914,7.6,true,40
2026-09-23 06:42:04.430,35.8777734,139.7406534,4.948,7.6,true,40
2026-09-23 06:42:11.929,35.8777734,139.7406542,4.884,7.5,true,40
2026-09-23 06:42:19.369,35.8777734,139.7406548,4.816,7.4,true,40
2026-09-23 06:42:26.859,35.8777726,139.7406559,4.89,7.5,true,40
2026-09-23 06:42:34.338,35.8777728,139.7406568,4.863,7.5,true,40
2026-09-23 06:42:41.868,35.8777742,139.7406541,4.619,7.5,true,40
2026-09-23 06:42:49.420,35.8777741,139.7406539,4.863,7.6,true,40
2026-09-23 06:42:56.886,35.8777738,139.7406528,4.899,7.5,true,40
2026-09-23 06:43:04.309,35.8777741,139.7406523,4.918,7.4,true,40
2026-09-23 06:43:11.805,35.8777743,139.7406517,4.941,7.5,true,40
2026-09-23 06:43:19.362,35.8777745,139.7406511,4.947,7.6,true,40
2026-09-23 06:43:26.877,35.8777745,139.7406508,4.988,7.5,true,40
2026-09-23 06:43:34.376,35.8777809,139.7406507,5.076,7.5,true,40
2026-09-23 06:43:41.823,35.8777835,139.7406487,5.173,7.4,true,40
2026-09-23 06:43:49.303,35.8777823,139.7406461,4.899,7.5,true,40
2026-09-23 06:43:56.822,35.8777808,139.740646,4.89,7.5,true,40
2026-09-23 06:44:04.340,35.8777796,139.7406455,4.906,7.5,true,40
2026-09-23 06:44:11.806,35.8777793,139.7406454,5.162,7.5,true,40
2026-09-23 06:44:19.428,35.8777795,139.740639,5.319,7.6,true,40
2026-09-23 06:44:26.878,35.8777784,139.7406388,5.299,7.5,true,40
2026-09-23 06:44:34.355,35.8777787,139.740639,5.121,7.5,true,40
2026-09-23 06:44:41.836,35.8777788,139.740639,5.401,7.5,true,40
2026-09-23 06:44:49.286,35.8777789,139.7406391,5.087,7.5,true,40
2026-09-23 06:44:56.746,35.8777787,139.740639,5.328,7.5,true,40
2026-09-23 06:45:04.208,35.877778,139.7406391,5.286,7.5,true,40
2026-09-23 06:45:11.738,35.8777772,139.7406401,5.218,7.5,true,40
2026-09-23 06:45:19.148,35.8777775,139.7406378,5.08,7.4,true,40
2026-09-23 06:45:26.722,35.8777775,139.7406375,5.311,7.6,true,40
2026-09-23 06:45:34.212,35.8777769,139.7406371,5.322,7.5,true,40
2026-09-23 06:45:41.725,35.8777779,139.7406374,5.279,7.5,true,40
2026-09-23 06:45:49.293,35.8777772,139.7406387,5.241,7.6,true,40
2026-09-23 06:45:56.743,35.8777773,139.7406375,5.244,7.5,true,40
2026-09-23 06:46:04.228,35.8777794,139.7406382,4.962,7.5,true,40
2026-09-23 06:46:11.724,35.8777795,139.7406383,5.223,7.5,true,40
2026-09-23 06:46:19.182,35.8777799,139.7406377,4.987,7.5,true,40
2026-09-23 06:46:26.731,35.87778,139.7406376,5.259,7.5,true,40
2026-09-23 06:46:34.186,35.8777796,139.7406384,5.314,7.5,true,40
2026-09-23 06:46:41.737,35.8777791,139.7406394,5.321,7.6,true,40
2026-09-23 06:46:49.190,35.8777791,139.7406408,5.018,7.5,true,40
2026-09-23 06:46:56.685,35.8777793,139.7406408,5.238,7.5,true,40
2026-09-23 06:47:04.198,35.8777795,139.7406426,5.251,7.5,true,40
2026-09-23 06:47:11.766,35.8777792,139.7406423,5.163,7.6,true,40
2026-09-23 06:47:19.288,35.8777787,139.7406435,4.89,7.5,true,40
2026-09-23 06:47:26.754,35.8777786,139.7406437,5.092,7.5,true,40
2026-09-23 06:47:34.229,35.8777792,139.7406438,4.957,7.5,true,40
2026-09-23 06:47:41.745,35.8777792,139.7406438,5.162,7.5,true,40
2026-09-23 06:47:49.240,35.8777786,139.7406441,5.179,7.5,true,40
2026-09-23 06:47:56.704,35.8777782,139.7406445,5.212,7.5,true,40
2026-09-23 06:48:04.169,35.8777791,139.7406422,5.21,7.5,true,40
2026-09-23 06:48:11.727,35.8777787,139.7406429,5.23,7.6,true,40
2026-09-23 06:48:19.162,35.8777782,139.7406429,4.958,7.4,true,40
2026-09-23 06:48:26.677,35.8777783,139.7406431,5.194,7.5,true,40
2026-09-23 06:48:34.147,35.8777779,139.7406425,5.177,7.5,true,40
2026-09-23 06:48:41.703,35.8777783,139.7406417,5.127,7.6,true,40
2026-09-23 06:48:49.143,35.8777776,139.7406418,5.202,7.4,true,40
2026-09-23 06:48:56.632,35.8777773,139.7406421,5.22,7.5,true,40
2026-09-23 06:49:04.018,35.877779,139.7406425,4.979,7.4,true,40
2026-09-23 06:49:11.567,35.8777786,139.7406426,4.985,7.5,true,40
2026-09-23 06:49:19.076,35.8777787,139.7406428,5.226,7.5,true,40
2026-09-23 06:49:26.488,35.877779,139.7406439,5.189,7.4,true,40
2026-09-23 06:49:33.952,35.8777788,139.7406441,5.229,7.5,true,40
2026-09-23 06:49:41.445,35.8777787,139.7406464,5.238,7.5,true,40
2026-09-23 06:49:48.936,35.8777793,139.7406446,5.202,7.5,true,40
2026-09-23 06:49:56.404,35.877779,139.7406448,5.216,7.5,true,40
2026-09-23 06:50:03.899,35.8777825,139.7406474,5.008,7.5,true,40
2026-09-23 06:50:11.312,35.8777828,139.7406476,5.248,7.4,true,40
2026-09-23 06:50:18.834,35.8777818,139.7406493,4.98,7.5,true,40
2026-09-23 06:50:26.341,35.877782,139.7406496,5.221,7.5,true,40
2026-09-23 06:50:33.902,35.8777842,139.7406506,5.202,7.6,true,40
2026-09-23 06:50:41.366,35.8777832,139.7406485,5.308,7.5,true,40
2026-09-23 06:50:48.815,35.8777831,139.7406471,5.098,7.4,true,40
2026-09-23 06:50:56.308,35.8777832,139.7406472,5.4,7.5,true,40
2026-09-23 06:51:03.778,35.8777832,139.7406477,5.149,7.5,true,40
2026-09-23 06:51:11.299,35.8777831,139.7406478,5.399,7.5,true,40
2026-09-23 06:51:18.730,35.8777813,139.7406489,5.36,7.4,true,40
2026-09-23 06:51:26.186,35.8777809,139.7406484,5.331,7.5,true,40
2026-09-23 06:51:33.696,35.8777806,139.740648,5.295,7.5,true,40
2026-09-23 06:51:41.173,35.8777801,139.7406481,5.173,7.5,true,40
2026-09-23 06:51:48.741,35.8777795,139.7406491,5.118,7.6,true,40
2026-09-23 06:51:56.146,35.8777791,139.7406499,5.042,7.4,true,40
2026-09-23 06:52:03.569,35.8777784,139.74065,4.993,7.4,true,40
2026-09-23 06:52:11.066,35.8777781,139.7406496,4.702,7.5,true,40
2026-09-23 06:52:18.546,35.8777779,139.7406497,4.919,7.5,true,40
2026-09-23 06:52:26.117,35.8777775,139.74065,4.933,7.6,true,40
2026-09-23 06:52:33.608,35.8777775,139.7406498,4.904,7.5,true,40
2026-09-23 06:52:41.054,35.8777774,139.7406496,4.795,7.4,true,40
2026-09-23 06:52:48.549,35.8777774,139.7406495,5.032,7.5,true,40
2026-09-23 06:52:56.029,35.8777777,139.7406488,5.017,7.5,true,40
2026-09-23 06:53:03.524,35.8777774,139.7406496,5.004,7.5,true,40
2026-09-23 06:53:10.936,35.877777,139.7406516,4.784,7.4,true,40
2026-09-23 06:53:18.455,35.8777769,139.7406519,4.982,7.5,true,40
2026-09-23 06:53:25.960,35.8777772,139.7406531,4.985,7.5,true,40
2026-09-23 06:53:33.525,35.877777,139.7406532,5.022,7.6,true,40
2026-09-23 06:53:41.073,35.8777766,139.740654,5.057,7.5,true,40
2026-09-23 06:53:48.564,35.8777762,139.7406549,5.11,7.5,true,40
2026-09-23 06:53:56.090,35.8777765,139.7406551,5.137,7.5,true,40
2026-09-23 06:54:03.596,35.8777781,139.7406534,5.158,7.5,true,40
2026-09-23 06:54:11.133,35.8777783,139.7406531,5.183,7.5,true,40
2026-09-23 06:54:18.736,35.8777778,139.7406527,5.191,7.6,true,40
2026-09-23 06:54:26.182,35.8777782,139.7406527,5.197,7.4,true,40
2026-09-23 06:54:33.723,35.8777782,139.7406532,5.203,7.5,true,40
2026-09-23 06:54:41.264,35.8777773,139.7406508,4.945,7.5,true,40
2026-09-23 06:54:48.735,35.8777772,139.7406506,5.193,7.5,true,40
2026-09-23 06:54:56.299,35.8777773,139.74065,5.26,7.6,true,40
2026-09-23 06:55:03.711,35.8777774,139.740651,5.294,7.4,true,40
2026-09-23 06:55:11.312,35.8777779,139.740647,5.216,7.6,true,40
2026-09-23 06:55:18.777,35.8777778,139.7406467,5.484,7.5,true,39
2026-09-23 06:55:26.348,35.8777772,139.7406468,5.179,7.6,true,39
2026-09-23 06:55:33.796,35.877777,139.7406464,5.48,7.4,true,39
2026-09-23 06:55:41.351,35.8777787,139.7406466,5.372,7.6,true,39
2026-09-23 06:55:48.743,35.8777787,139.7406469,5.329,7.4,true,39
2026-09-23 06:55:56.292,35.8777789,139.7406471,5.272,7.5,true,39
2026-09-23 06:56:03.773,35.8777783,139.7406493,4.863,7.5,true,39
2026-09-23 06:56:11.241,35.8777782,139.7406495,5.071,7.5,true,39
2026-09-23 06:56:18.746,35.8777777,139.7406481,5.062,7.5,true,39
2026-09-23 06:56:26.267,35.877778,139.7406487,5.006,7.5,true,39
2026-09-23 06:56:33.737,35.877778,139.7406499,4.701,7.5,true,39
2026-09-23 06:56:41.298,35.877778,139.74065,4.931,7.6,true,39
2026-09-23 06:56:48.812,35.8777782,139.7406505,4.662,7.5,true,39
2026-09-23 06:56:56.315,35.8777782,139.7406506,4.898,7.5,true,39
2026-09-23 06:57:03.780,35.8777775,139.7406511,4.88,7.5,true,39
2026-09-23 06:57:11.312,35.877777,139.7406513,4.863,7.5,true,39
2026-09-23 06:57:18.734,35.8777775,139.7406517,4.807,7.4,true,39
2026-09-23 06:57:26.300,35.8777775,139.7406517,4.851,7.6,true,39
2026-09-23 06:57:33.778,35.8777775,139.7406516,4.888,7.5,true,39
2026-09-23 06:57:41.323,35.8777777,139.7406527,4.974,7.5,true,39
2026-09-23 06:57:48.808,35.8777787,139.7406519,4.74,7.5,true,39
2026-09-23 06:57:56.323,35.877779,139.740652,5.008,7.5,true,39
2026-09-23 06:58:03.777,35.8777787,139.7406528,4.991,7.5,true,39
2026-09-23 06:58:11.351,35.8777779,139.7406532,4.983,7.6,true,39
2026-09-23 06:58:18.807,35.8777776,139.7406514,4.749,7.5,true,39
2026-09-23 06:58:26.394,35.8777777,139.7406516,4.978,7.6,true,39
2026-09-23 06:58:33.858,35.8777772,139.7406522,4.736,7.5,true,39
2026-09-23 06:58:41.364,35.8777771,139.7406526,4.981,7.5,true,39
2026-09-23 06:58:48.908,35.8777786,139.7406504,4.941,7.5,true,39
2026-09-23 06:58:56.411,35.8777782,139.7406502,4.96,7.5,true,39
2026-09-23 06:59:03.923,35.8777784,139.7406504,4.933,7.5,true,39
2026-09-23 06:59:11.471,35.8777783,139.7406498,4.889,7.5,true,39
2026-09-23 06:59:18.974,35.8777788,139.7406494,4.873,7.5,true,39
2026-09-23 06:59:26.477,35.8777789,139.7406493,4.923,7.5,true,39
2026-09-23 06:59:33.987,35.8777806,139.7406476,4.992,7.5,true,39
2026-09-23 06:59:41.490,35.8777802,139.7406481,5.026,7.5,true,39
2026-09-23 06:59:49.009,35.8777799,139.7406485,5.039,7.5,true,39
2026-09-23 06:59:56.536,35.8777799,139.7406481,5.03,7.5,true,39
2026-09-23 07:00:03.913,35.8777814,139.740645,5.006,7.4,true,39
2026-09-23 07:00:11.476,35.8777818,139.7406455,4.956,7.6,true,39
2026-09-23 07:00:19.019,35.877782,139.7406443,4.718,7.5,true,39
2026-09-23 07:00:26.518,35.8777823,139.740644,4.99,7.5,true,39
2026-09-23 07:00:34.066,35.8777821,139.7406429,5.043,7.5,true,39
2026-09-23 07:00:41.621,35.8777822,139.7406421,5.052,7.6,true,39
2026-09-23 07:00:49.124,35.8777808,139.7406419,5.066,7.5,true,39
2026-09-23 07:00:56.645,35.8777836,139.7406402,5.102,7.5,true,39
2026-09-23 07:01:04.097,35.8777835,139.7406409,4.782,7.5,true,39
2026-09-23 07:01:11.674,35.8777838,139.7406406,5.043,7.6,true,39
2026-09-23 07:01:19.064,35.8777829,139.740641,5.01,7.4,true,39
2026-09-23 07:01:26.711,35.8777818,139.7406406,4.918,7.6,true,39
2026-09-23 07:01:34.225,35.8777822,139.7406403,4.88,7.5,true,39
2026-09-23 07:01:41.733,35.8777819,139.74064,4.852,7.5,true,39
2026-09-23 07:01:49.195,35.8777816,139.7406392,4.861,7.5,true,39
2026-09-23 07:01:56.733,35.8777815,139.7406399,4.868,7.5,true,39
2026-09-23 07:02:04.202,35.877781,139.7406373,4.747,7.5,true,39
2026-09-23 07:02:11.716,35.877781,139.7406374,5.002,7.5,true,39
2026-09-23 07:02:19.203,35.8777806,139.7406382,5.084,7.5,true,39
2026-09-23 07:02:26.700,35.8777801,139.7406397,5.038,7.5,true,39
2026-09-23 07:02:34.210,35.8777811,139.7406391,5.054,7.5,true,39
2026-09-23 07:02:41.683,35.877781,139.7406402,5.07,7.5,true,39
2026-09-23 07:02:49.257,35.8777818,139.7406416,4.817,7.6,true,39
2026-09-23 07:02:56.770,35.8777818,139.7406419,5.072,7.5,true,39
2026-09-23 07:03:04.262,35.8777829,139.7406429,5.056,7.5,true,39
2026-09-23 07:03:11.772,35.8777832,139.7406423,5.059,7.5,true,39
2026-09-23 07:03:19.295,35.8777832,139.7406394,5.115,7.5,true,39
2026-09-23 07:03:26.773,35.8777824,139.7406393,5.152,7.5,true,39
2026-09-23 07:03:34.314,35.8777828,139.7406371,4.937,7.5,true,39
2026-09-23 07:03:41.766,35.8777828,139.7406372,5.171,7.5,true,39
2026-09-23 07:03:49.209,35.8777817,139.7406391,4.983,7.4,true,39
2026-09-23 07:03:56.755,35.8777817,139.7406392,5.217,7.5,true,39
2026-09-23 07:04:04.180,35.8777804,139.7406411,5.012,7.4,true,39
2026-09-23 07:04:11.683,35.8777805,139.7406414,5.247,7.5,true,39
2026-09-23 07:04:19.284,35.8777806,139.740642,5.255,7.6,true,39
2026-09-23 07:04:26.733,35.8777803,139.7406419,5.082,7.5,true,39
2026-09-23 07:04:34.276,35.87778,139.740642,5.078,7.5,true,39
2026-09-23 07:04:41.768,35.8777801,139.7406422,5.376,7.5,true,39
2026-09-23 07:04:49.172,35.8777807,139.7406433,5.076,7.4,true,39
2026-09-23 07:04:56.751,35.8777816,139.7406418,5.066,7.6,true,39
2026-09-23 07:05:04.194,35.8777809,139.7406432,5.063,7.4,true,39
2026-09-23 07:05:11.786,35.8777809,139.7406433,5.362,7.6,true,39
2026-09-23 07:05:19.288,35.8777807,139.7406445,5.393,7.5,true,39
2026-09-23 07:05:26.772,35.8777802,139.7406429,5.151,7.5,true,39
2026-09-23 07:05:34.226,35.8777803,139.7406427,5.423,7.5,true,39
2026-09-23 07:05:41.709,35.8777802,139.7406384,5.334,7.5,true,39
2026-09-23 07:05:49.199,35.8777793,139.7406385,5.35,7.5,true,39
2026-09-23 07:05:56.693,35.8777789,139.7406385,5.358,7.5,true,39
2026-09-23 07:06:04.216,35.8777786,139.7406371,5.356,7.5,true,39
2026-09-23 07:06:11.727,35.8777785,139.7406373,5.36,7.5,true,39
2026-09-23 07:06:19.279,35.8777787,139.7406349,5.418,7.6,true,39
2026-09-23 07:06:26.745,35.8777793,139.740635,5.419,7.5,true,39
2026-09-23 07:06:34.183,35.8777793,139.7406362,5.382,7.4,true,39
2026-09-23 07:06:41.712,35.8777803,139.7406374,5.385,7.5,true,39
2026-09-23 07:06:49.216,35.877779,139.7406388,5.323,7.5,true,39
2026-09-23 07:06:56.706,35.8777792,139.7406402,5.329,7.5,true,39
2026-09-23 07:07:04.145,35.8777808,139.7406398,5.32,7.4,true,39
2026-09-23 07:07:11.591,35.8777799,139.7406413,5.076,7.4,true,39
2026-09-23 07:07:19.118,35.8777795,139.7406406,5.089,7.5,true,39
2026-09-23 07:07:26.565,35.8777797,139.7406407,5.314,7.4,true,39
2026-09-23 07:07:34.027,35.8777803,139.7406411,5.275,7.5,true,39
2026-09-23 07:07:41.565,35.8777807,139.7406417,5.183,7.5,true,39
2026-09-23 07:07:49.127,35.8777803,139.7406425,4.863,7.6,true,39
2026-09-23 07:07:56.600,35.8777803,139.7406426,5.054,7.5,true,39
2026-09-23 07:08:04.201,35.8777808,139.7406426,5.007,7.6,true,39
2026-09-23 07:08:11.648,35.8777815,139.7406435,5.024,7.4,true,39
2026-09-23 07:08:19.205,35.8777812,139.7406435,4.785,7.6,true,39
2026-09-23 07:08:26.715,35.8777811,139.7406436,5.005,7.5,true,39
2026-09-23 07:08:34.064,35.8777811,139.7406427,4.8,7.3,true,39
2026-09-23 07:08:39.846,35.877781,139.7406428,4.978,5.8,false,39
2026-09-23 07:08:47.243,35.8777821,139.7406392,4.766,7.4,true,39
2026-09-23 07:08:54.653,35.8777818,139.7406389,4.992,7.4,true,39
2026-09-23 07:09:02.141,35.877781,139.740639,5.048,7.5,true,39
2026-09-23 07:09:09.601,35.8777804,139.7406402,4.999,7.5,true,39
2026-09-23 07:09:17.092,35.8777804,139.7406382,5.097,7.5,true,39
2026-09-23 07:09:24.577,35.8777801,139.7406385,5.184,7.5,true,39
2026-09-23 07:09:32.094,35.8777806,139.7406363,4.905,7.5,true,39
2026-09-23 07:09:39.654,35.8777806,139.7406363,5.179,7.6,true,39
2026-09-23 07:09:47.094,35.8777826,139.7406343,5.193,7.4,true,39
2026-09-23 07:09:54.659,35.877783,139.7406348,5.238,7.6,true,39
2026-09-23 07:10:02.119,35.877783,139.7406341,5.17,7.5,true,39
2026-09-23 07:10:09.594,35.8777825,139.7406344,4.969,7.5,true,39
2026-09-23 07:10:17.102,35.8777826,139.7406343,5.213,7.5,true,39
2026-09-23 07:10:24.562,35.877782,139.7406352,4.942,7.5,true,39
2026-09-23 07:10:32.068,35.8777821,139.7406353,5.16,7.5,true,39
2026-09-23 07:10:39.533,35.8777828,139.7406357,5.148,7.5,true,39
2026-09-23 07:10:47.033,35.8777835,139.7406342,5.08,7.5,true,39
2026-09-23 07:10:54.505,35.8777839,139.7406327,5.068,7.5,true,39
2026-09-23 07:11:01.980,35.8777834,139.7406338,5.145,7.5,true,39
2026-09-23 07:11:09.369,35.877783,139.7406312,4.907,7.4,true,39
2026-09-23 07:11:16.887,35.8777829,139.7406304,5.139,7.5,true,39
2026-09-23 07:11:24.355,35.8777823,139.7406309,4.977,7.5,true,38
2026-09-23 07:11:31.858,35.8777822,139.7406304,5.182,7.5,true,38
2026-09-23 07:11:39.318,35.877782,139.7406294,5.115,7.5,true,38
2026-09-23 07:11:46.787,35.8777833,139.7406284,5.112,7.5,true,38
2026-09-23 07:11:54.184,35.8777824,139.7406307,4.941,7.4,true,38
2026-09-23 07:12:01.764,35.8777824,139.7406309,5.157,7.6,true,38
2026-09-23 07:12:09.273,35.8777819,139.7406321,5.212,7.5,true,38
2026-09-23 07:12:16.650,35.877782,139.7406326,4.882,7.4,true,38
2026-09-23 07:12:24.173,35.8777818,139.7406328,5.115,7.5,true,38
2026-09-23 07:12:31.639,35.8777806,139.7406344,5.007,7.5,true,38
2026-09-23 07:12:39.147,35.8777804,139.7406347,5.249,7.5,true,38
2026-09-23 07:12:46.617,35.8777807,139.7406353,5.28,7.5,true,38
2026-09-23 07:12:54.127,35.8777802,139.7406357,5.35,7.5,true,38
2026-09-23 07:13:01.546,35.8777796,139.7406371,5.376,7.4,true,38
2026-09-23 07:13:09.020,35.8777824,139.740639,5.366,7.5,true,38
2026-09-23 07:13:16.536,35.8777838,139.7406385,5.345,7.5,true,38
2026-09-23 07:13:23.997,35.8777826,139.7406391,5.406,7.5,true,38
2026-09-23 07:13:31.383,35.877783,139.7406372,5.16,7.4,true,38
2026-09-23 07:13:38.937,35.8777829,139.740637,5.367,7.6,true,38
2026-09-23 07:13:46.417,35.8777825,139.7406377,5.365,7.5,true,38
2026-09-23 07:13:53.890,35.8777822,139.7406354,5.124,7.5,true,38
2026-09-23 07:14:01.385,35.8777822,139.7406351,5.337,7.5,true,38
2026-09-23 07:14:08.832,35.8777807,139.7406355,5.119,7.4,true,38
2026-09-23 07:14:16.218,35.8777801,139.7406361,5.042,7.4,true,38
2026-09-23 07:14:23.771,35.8777797,139.7406357,5.076,7.6,true,38
2026-09-23 07:14:31.247,35.8777795,139.7406358,5.308,7.5,true,38
2026-09-23 07:14:38.755,35.8777795,139.7406362,5.341,7.5,true,38
2026-09-23 07:14:46.348,35.8777803,139.7406352,5.301,7.6,true,38
2026-09-23 07:14:53.789,35.8777818,139.7406365,5.28,7.4,true,38
2026-09-23 07:15:01.240,35.8777813,139.7406375,5.276,7.5,true,38
2026-09-23 07:15:08.778,35.877785,139.7406379,5.239,7.5,true,38
2026-09-23 07:15:16.330,35.877785,139.7406363,5.251,7.6,true,38
2026-09-23 07:15:23.793,35.8777866,139.7406372,5.164,7.5,true,38
2026-09-23 07:15:31.266,35.8777863,139.7406383,5.163,7.5,true,38
2026-09-23 07:15:38.769,35.8777851,139.7406387,5.154,7.5,true,38
2026-09-23 07:15:46.278,35.8777858,139.7406394,5.142,7.5,true,38
2026-09-23 07:15:53.648,35.8777861,139.7406407,4.925,7.4,true,38
2026-09-23 07:16:01.166,35.8777854,139.7406416,4.93,7.5,true,38
2026-09-23 07:16:08.680,35.8777854,139.740642,5.122,7.5,true,38
2026-09-23 07:16:14.597,35.8777849,139.7406436,5.043,5.9,false,38
2026-09-23 07:16:20.012,35.8777864,139.7406427,4.985,5.4,false,38
2026-09-23 07:16:31.008,35.8777883,139.740634,4.877,11.0,true,38
2026-09-23 07:16:38.542,35.8777885,139.7406333,5.083,7.5,true,38
2026-09-23 07:16:45.966,35.8777909,139.7406285,5.183,7.4,true,38
2026-09-23 07:16:53.378,35.8777912,139.7406261,5.223,7.4,true,38
2026-09-23 07:17:00.976,35.8777913,139.7406226,5.334,7.6,true,38
2026-09-23 07:17:08.403,35.8777923,139.7406208,5.373,7.4,true,38
2026-09-23 07:17:15.949,35.877796,139.7406152,5.595,7.5,true,38
2026-09-23 07:17:23.401,35.8777973,139.7406116,5.777,7.5,true,38
2026-09-23 07:17:30.858,35.8777989,139.7406068,6.052,7.5,true,38
2026-09-23 07:17:38.363,35.8777999,139.7406,6.032,7.5,true,38
2026-09-23 07:17:45.849,35.8778,139.7405995,6.373,7.5,true,38
2026-09-23 07:17:53.354,35.8778005,139.7405985,6.445,7.5,true,38
2026-09-23 07:18:00.822,35.8777988,139.7405975,6.056,7.5,true,38
2026-09-23 07:18:08.330,35.8777987,139.7405975,6.368,7.5,true,38
2026-09-23 07:18:15.873,35.8777996,139.740597,6.333,7.5,true,38
2026-09-23 07:18:23.329,35.8777999,139.7405972,6.309,7.5,true,38
2026-09-23 07:18:30.838,35.8778016,139.7405957,5.969,7.5,true,38
2026-09-23 07:18:38.286,35.8778018,139.7405958,6.3,7.4,true,38
2026-09-23 07:18:45.823,35.8778028,139.7405931,6.431,7.5,true,38
2026-09-23 07:18:53.392,35.8778036,139.7405903,6.529,7.6,true,38
2026-09-23 07:19:00.761,35.8778027,139.7405867,6.233,7.4,true,38
2026-09-23 07:19:06.425,35.8778029,139.7405839,6.213,5.7,false,38
2026-09-23 07:19:13.951,35.8778028,139.7405834,6.533,7.5,true,38
2026-09-23 07:19:21.247,35.8778035,139.7405831,6.132,7.3,true,38
2026-09-23 07:19:28.730,35.8778035,139.7405827,6.411,7.5,true,38
2026-09-23 07:19:36.159,35.8778032,139.7405792,6.45,7.4,true,38
2026-09-23 07:19:43.735,35.8778026,139.7405791,6.394,7.6,true,38
2026-09-23 07:19:51.120,35.8778046,139.7405759,6.506,7.4,true,38
2026-09-23 07:19:55.746,35.8778045,139.740572,6.407,4.6,false,38
2026-09-23 07:20:06.115,35.8778051,139.7405737,6.049,10.4,true,38
2026-09-23 07:20:13.571,35.8778052,139.7405738,6.307,7.5,true,38
2026-09-23 07:20:21.080,35.8778064,139.740575,6.245,7.5,true,38
2026-09-23 07:20:28.537,35.8778057,139.7405754,6.167,7.5,true,38
2026-09-23 07:20:36.004,35.8778021,139.7405741,5.827,7.5,true,38
2026-09-23 07:20:41.742,35.877802,139.7405741,5.997,5.7,false,38
2026-09-23 07:20:49.262,35.8778027,139.7405714,5.936,7.5,true,38
2026-09-23 07:20:56.681,35.8778016,139.7405735,5.823,7.4,true,38
2026-09-23 07:21:02.344,35.8778029,139.7405702,5.575,5.7,false,38
2026-09-23 07:21:09.758,35.877804,139.7405695,5.556,7.4,true,38
2026-09-23 07:21:17.193,35.8778053,139.7405687,5.521,7.4,true,38
2026-09-23 07:21:24.627,35.8778066,139.7405669,5.565,7.4,true,38
2026-09-23 07:21:32.020,35.877806,139.7405697,5.409,7.4,true,38
2026-09-23 07:21:39.542,35.8778059,139.7405699,5.671,7.5,true,37
2026-09-23 07:21:46.134,35.8778063,139.740571,5.572,6.6,false,37
2026-09-23 07:21:51.736,35.8778052,139.7405724,5.406,5.6,false,37
2026-09-23 07:21:56.402,35.8778023,139.7405776,5.302,4.7,false,37
2026-09-23 07:22:01.865,35.8778029,139.7405789,6.502,5.5,false,37
2026-09-23 07:22:09.279,35.8777991,139.7405923,6.873,7.4,true,37
2026-09-23 07:22:16.707,35.8777957,139.7405936,6.904,7.4,true,37
2026-09-23 07:22:24.198,35.8777897,139.7406018,6.784,7.5,true,37
2026-09-23 07:22:31.623,35.8777855,139.7406077,6.881,7.4,true,37
2026-09-23 07:22:39.191,35.8777838,139.7406095,7.69,7.6,true,37
2026-09-23 07:22:46.580,35.8777829,139.7406084,7.64,7.4,true,37
2026-09-23 07:22:54.066,35.8777789,139.7406185,6.837,7.5,true,37
2026-09-23 07:23:01.528,35.8777778,139.7406201,7.47,7.5,true,37
2026-09-23 07:23:08.981,35.8777757,139.7406248,7.536,7.5,true,37
2026-09-23 07:23:16.529,35.8777756,139.7406254,7.274,7.5,true,37
2026-09-23 07:23:24.049,35.8777758,139.7406251,6.975,7.5,true,37
2026-09-23 07:23:31.566,35.8777778,139.7406219,6.434,7.5,true,37
2026-09-23 07:23:39.029,35.8777776,139.7406229,6.169,7.5,true,37
2026-09-23 07:23:46.409,35.8777792,139.7406239,5.873,7.4,true,37
2026-09-23 07:23:52.160,35.8777805,139.7406243,5.197,5.8,false,37
2026-09-23 07:23:57.844,35.8777813,139.7406238,5.119,5.7,false,37
2026-09-23 07:24:03.728,35.8777814,139.7406241,5.307,5.9,false,37
2026-09-23 07:24:11.244,35.8777815,139.7406245,5.249,7.5,true,37
2026-09-23 07:24:18.774,35.8777815,139.7406263,5.235,7.5,true,37
2026-09-23 07:24:26.275,35.8777813,139.7406269,5.146,7.5,true,37
2026-09-23 07:24:33.673,35.8777809,139.7406276,5.141,7.4,true,37
2026-09-23 07:24:41.158,35.8777814,139.7406277,4.786,7.5,true,37
2026-09-23 07:24:48.628,35.8777815,139.7406284,4.849,7.5,true,37
2026-09-23 07:24:56.157,35.8777817,139.7406284,5.097,7.5,true,37
2026-09-23 07:25:03.575,35.8777848,139.7406268,4.977,7.4,true,37
2026-09-23 07:25:11.066,35.8777849,139.7406267,5.204,7.5,true,37
2026-09-23 07:25:18.592,35.8777846,139.740626,4.947,7.5,true,37
2026-09-23 07:25:26.073,35.8777849,139.7406258,5.185,7.5,true,37
2026-09-23 07:25:33.565,35.8777854,139.7406254,5.147,7.5,true,37
2026-09-23 07:25:40.989,35.8777855,139.7406231,5.088,7.4,true,37
2026-09-23 07:25:48.305,35.8777851,139.7406238,5.073,7.3,true,37
2026-09-23 07:25:53.144,35.877785,139.7406237,4.927,4.8,false,37
2026-09-23 07:25:59.890,35.877784,139.7406246,4.937,6.7,false,37
2026-09-23 07:26:10.930,35.8777851,139.7406195,5.365,11.0,true,37
2026-09-23 07:26:18.331,35.8777836,139.7406187,5.346,7.4,true,37
2026-09-23 07:26:25.869,35.8777837,139.7406184,5.468,7.5,true,37
2026-09-23 07:26:33.343,35.8777834,139.740619,5.363,7.5,true,37
2026-09-23 07:26:40.749,35.8777834,139.7406193,5.236,7.4,true,37
2026-09-23 07:26:48.290,35.8777831,139.7406189,5.149,7.5,true,36
2026-09-23 07:26:53.967,35.8777834,139.7406181,4.797,5.7,false,36
2026-09-23 07:27:01.437,35.877783,139.7406197,4.683,7.5,true,36
2026-09-23 07:27:08.991,35.8777831,139.7406198,4.793,7.6,true,36
2026-09-23 07:27:16.495,35.8777827,139.7406191,4.68,7.5,true,36
2026-09-23 07:27:23.914,35.8777826,139.7406177,4.606,7.4,true,36
2026-09-23 07:27:31.429,35.877784,139.740618,4.621,7.5,true,36
2026-09-23 07:27:38.871,35.8777837,139.7406181,4.549,7.4,true,36
2026-09-23 07:27:46.431,35.8777838,139.7406171,4.554,7.6,true,36
2026-09-23 07:27:53.792,35.8777833,139.7406185,4.61,7.4,true,36
2026-09-23 07:28:01.278,35.8777861,139.7406184,4.532,7.5,true,36
2026-09-23 07:28:08.752,35.8777863,139.7406184,4.743,7.5,true,36
2026-09-23 07:28:16.200,35.8777865,139.7406194,4.647,7.4,true,36
2026-09-23 07:28:23.706,35.8777865,139.7406195,4.844,7.5,true,36
2026-09-23 07:28:31.179,35.877787,139.7406217,4.721,7.5,true,36
2026-09-23 07:28:37.005,35.8777871,139.7406219,4.895,5.8,false,36
2026-09-23 07:28:44.452,35.8777884,139.7406189,4.9,7.4,true,36
2026-09-23 07:28:51.888,35.877788,139.7406198,5.123,7.4,true,36
2026-09-23 07:28:59.357,35.877788,139.7406214,5.058,7.5,true,36
2026-09-23 07:29:06.827,35.8777886,139.7406227,5.008,7.5,true,36
2026-09-23 07:29:14.311,35.8777912,139.7406171,4.857,7.5,true,36
2026-09-23 07:29:21.782,35.8777916,139.7406168,5.055,7.5,true,36
2026-09-23 07:29:29.233,35.877798,139.7406152,4.933,7.5,true,36
2026-09-23 07:29:36.700,35.8777986,139.740615,5.214,7.5,true,36
2026-09-23 07:29:44.082,35.8777961,139.7406153,4.978,7.4,true,36
2026-09-23 07:29:51.562,35.8777961,139.7406153,5.263,7.5,true,36
2026-09-23 07:29:58.999,35.8777937,139.7406189,4.951,7.4,true,36
2026-09-23 07:30:04.825,35.8777935,139.7406191,5.146,5.8,false,36
2026-09-23 07:30:12.273,35.8777937,139.74062,5.181,7.4,true,36
2026-09-23 07:30:19.732,35.8777919,139.7406224,5.106,7.5,true,36
2026-09-23 07:30:27.197,35.8777917,139.7406225,5.365,7.5,true,36
2026-09-23 07:30:34.679,35.8777919,139.7406256,5.342,7.5,true,36
2026-09-23 07:30:41.423,35.8777912,139.7406269,5.319,6.7,false,36
2026-09-23 07:30:47.257,35.8777918,139.7406285,5.173,5.8,false,36
2026-09-23 07:30:51.950,35.8777916,139.7406284,5.055,4.7,false,36
2026-09-23 07:30:57.336,35.8777906,139.7406305,5.605,5.4,false,36
2026-09-23 07:31:04.739,35.8777942,139.7406335,5.831,7.4,true,36
2026-09-23 07:31:12.013,35.8777905,139.740627,5.674,7.3,true,36
2026-09-23 07:31:19.611,35.8777887,139.7406265,5.419,7.6,true,36
2026-09-23 07:31:27.084,35.8777886,139.7406267,5.51,7.5,true,36
2026-09-23 07:31:34.428,35.8777937,139.7406306,5.3,7.3,true,36
2026-09-23 07:31:41.809,35.8777924,139.7406306,5.178,7.4,true,36
2026-09-23 07:31:49.356,35.8777923,139.7406307,5.266,7.5,true,35
2026-09-23 07:31:56.802,35.8777904,139.7406275,5.013,7.4,true,35
2026-09-23 07:32:04.229,35.8777891,139.7406264,4.919,7.4,true,35
2026-09-23 07:32:11.704,35.8777889,139.7406261,4.864,7.5,true,35
2026-09-23 07:32:19.201,35.8777887,139.740626,5.039,7.5,true,35
2026-09-23 07:32:26.655,35.8777881,139.7406254,4.979,7.5,true,35
2026-09-23 07:32:34.157,35.8777879,139.7406249,4.982,7.5,true,35
2026-09-23 07:32:41.681,35.8777871,139.7406228,4.999,7.5,true,35
2026-09-23 07:32:48.633,35.8777877,139.740623,5.002,7.0,false,35
2026-09-23 07:32:56.580,35.8777868,139.7406237,4.772,7.9,true,35
2026-09-23 07:33:02.357,35.8777868,139.7406238,4.916,5.8,false,35
2026-09-23 07:33:09.884,35.877787,139.7406254,4.914,7.5,true,35
2026-09-23 07:33:17.338,35.877786,139.7406261,4.901,7.5,true,35
2026-09-23 07:33:24.758,35.8777864,139.7406225,4.748,7.4,true,35
2026-09-23 07:33:32.208,35.8777865,139.740621,4.772,7.4,true,35
2026-09-23 07:33:39.700,35.8777867,139.740621,4.984,7.5,true,35
2026-09-23 07:33:47.157,35.8777856,139.7406215,4.788,7.5,true,35
2026-09-23 07:33:54.574,35.8777852,139.7406221,4.808,7.4,true,35
2026-09-23 07:34:02.113,35.8777853,139.740622,5.015,7.5,true,35
2026-09-23 07:34:09.487,35.8777856,139.7406233,4.803,7.4,true,35
2026-09-23 07:34:16.984,35.8777855,139.7406234,5.045,7.5,true,35
2026-09-23 07:34:24.410,35.8777856,139.740624,5.022,7.4,true,35
2026-09-23 07:34:30.244,35.8777849,139.7406246,5.001,5.8,false,35
2026-09-23 07:34:37.727,35.8777864,139.7406247,5.018,7.5,true,35
2026-09-23 07:34:45.144,35.8777872,139.7406245,4.818,7.4,true,35
2026-09-23 07:34:52.624,35.877787,139.7406244,5.069,7.5,true,35
2026-09-23 07:35:00.098,35.8777872,139.7406251,4.812,7.5,true,35
2026-09-23 07:35:07.675,35.8777871,139.7406252,5.024,7.6,true,35
2026-09-23 07:35:15.314,35.8777874,139.7406252,5.069,7.6,true,35
2026-09-23 07:35:21.077,35.8777866,139.7406251,4.966,5.8,false,35
2026-09-23 07:35:28.534,35.877788,139.7406241,5.041,7.5,true,35
2026-09-23 07:35:36.167,35.8777875,139.7406212,5.0,7.6,true,35
2026-09-23 07:35:43.445,35.8777869,139.7406212,4.937,7.3,true,35
2026-09-23 07:35:50.972,35.8777868,139.7406215,4.902,7.5,true,35
2026-09-23 07:35:56.753,35.8777864,139.7406218,4.835,5.8,false,35
2026-09-23 07:36:04.125,35.8777922,139.7406232,4.953,7.4,true,35
2026-09-23 07:36:11.458,35.877792,139.7406237,4.705,7.3,true,35
2026-09-23 07:36:18.916,35.8777921,139.7406237,4.951,7.5,true,34
2026-09-23 07:36:24.629,35.877794,139.7406236,4.981,5.7,false,34
2026-09-23 07:36:32.149,35.8777938,139.7406222,4.869,7.5,true,34
2026-09-23 07:36:37.996,35.8777939,139.7406222,5.091,5.8,false,34
2026-09-23 07:36:45.449,35.877794,139.7406216,5.14,7.5,true,34
2026-09-23 07:36:52.874,35.8777931,139.7406219,5.131,7.4,true,34
2026-09-23 07:37:00.330,35.8777929,139.7406228,5.185,7.5,true,34
2026-09-23 07:37:07.660,35.8777932,139.7406198,5.258,7.3,true,34
2026-09-23 07:37:15.118,35.8777912,139.7406202,4.963,7.5,true,34
2026-09-23 07:37:22.721,35.8777911,139.7406204,5.214,7.6,true,34
2026-09-23 07:37:30.176,35.8777901,139.7406214,5.174,7.5,true,34
2026-09-23 07:37:37.685,35.8777924,139.7406224,5.184,7.5,true,34
2026-09-23 07:37:45.069,35.8777922,139.7406237,5.165,7.4,true,34
2026-09-23 07:37:52.526,35.8777931,139.7406243,4.897,7.5,true,34
2026-09-23 07:38:00.040,35.8777931,139.7406245,5.099,7.5,true,34
2026-09-23 07:38:07.466,35.8777923,139.7406243,4.907,7.4,true,34
2026-09-23 07:38:13.290,35.8777922,139.7406243,5.083,5.8,false,34
2026-09-23 07:38:20.748,35.8777978,139.7406266,5.311,7.5,true,34
2026-09-23 07:38:28.246,35.8778031,139.7406288,5.418,7.5,true,34
2026-09-23 07:38:35.711,35.8778019,139.7406292,5.313,7.5,true,34
2026-09-23 07:38:43.265,35.8778009,139.7406305,5.243,7.6,true,34
2026-09-23 07:38:50.785,35.8777997,139.7406313,5.199,7.5,true,34
2026-09-23 07:38:56.646,35.8778042,139.7406331,5.342,5.9,false,34
2026-09-23 07:39:03.924,35.8778036,139.7406352,5.306,7.3,true,34
2026-09-23 07:39:11.418,35.8778035,139.7406354,5.297,7.5,true,34
2026-09-23 07:39:18.895,35.8778029,139.740634,5.273,7.5,true,34
2026-09-23 07:39:26.353,35.8778027,139.7406348,5.331,7.5,true,34
2026-09-23 07:39:33.833,35.8778027,139.7406365,5.346,7.5,true,34
2026-09-23 07:39:41.306,35.8778048,139.7406355,5.376,7.5,true,34
2026-09-23 07:39:48.748,35.8778042,139.7406333,5.126,7.4,true,34
2026-09-23 07:39:56.124,35.8778034,139.7406313,5.075,7.4,true,34
2026-09-23 07:40:01.848,35.8778032,139.7406306,4.936,5.7,false,34
2026-09-23 07:40:09.385,35.8778033,139.7406303,5.161,7.5,true,34
2026-09-23 07:40:16.902,35.8778025,139.74063,5.174,7.5,true,34
2026-09-23 07:40:24.343,35.8778032,139.7406278,4.942,7.4,true,34
2026-09-23 07:40:30.217,35.8778034,139.7406276,5.134,5.9,false,34
2026-09-23 07:40:37.528,35.8778033,139.740625,4.899,7.3,true,34
2026-09-23 07:40:45.039,35.8778023,139.7406257,4.873,7.5,true,33
2026-09-23 07:40:52.659,35.8778023,139.7406259,5.094,7.6,true,33
2026-09-23 07:41:00.217,35.8778036,139.7406252,4.907,7.6,true,33
2026-09-23 07:41:07.713,35.8778037,139.7406252,5.132,7.5,true,33
2026-09-23 07:41:15.218,35.8778033,139.7406256,5.093,7.5,true,33
2026-09-23 07:41:20.959,35.8778022,139.7406269,4.962,5.7,false,33
2026-09-23 07:41:28.431,35.8778045,139.7406259,4.748,7.5,true,33
2026-09-23 07:41:35.935,35.8778051,139.7406256,4.821,7.5,true,33
2026-09-23 07:41:41.722,35.8778051,139.7406255,4.988,5.8,false,33
2026-09-23 07:41:49.268,35.8778058,139.7406268,5.0,7.5,true,33
2026-09-23 07:41:56.734,35.8778052,139.7406264,5.001,7.5,true,33
2026-09-23 07:42:04.165,35.8778046,139.7406289,4.796,7.4,true,33
2026-09-23 07:42:11.716,35.8778047,139.7406291,5.053,7.6,true,33
2026-09-23 07:42:19.131,35.8778032,139.7406295,5.079,7.4,true,33
2026-09-23 07:42:26.684,35.8778016,139.7406301,5.147,7.6,true,33
2026-09-23 07:42:32.424,35.8778002,139.7406306,5.056,5.7,false,33
2026-09-23 07:42:39.866,35.8777998,139.7406299,5.145,7.4,true,33
2026-09-23 07:42:47.430,35.8777981,139.7406306,5.203,7.6,true,33
2026-09-23 07:42:54.972,35.8777965,139.7406309,5.001,7.5,true,33
2026-09-23 07:43:00.719,35.8777964,139.7406312,5.206,5.7,false,33
2026-09-23 07:43:08.179,35.877799,139.7406306,4.885,7.5,true,33
2026-09-23 07:43:15.713,35.8777992,139.7406307,5.108,7.5,true,33
2026-09-23 07:43:23.254,35.8778002,139.740629,5.176,7.5,true,33
2026-09-23 07:43:30.685,35.877799,139.7406285,5.212,7.4,true,33
2026-09-23 07:43:38.097,35.8777983,139.740627,4.986,7.4,true,33
2026-09-23 07:43:45.836,35.8777981,139.7406271,5.138,7.7,true,33
2026-09-23 07:43:53.284,35.8777969,139.7406247,4.935,7.4,true,33
2026-09-23 07:44:00.847,35.8777968,139.7406244,5.182,7.6,true,33
2026-09-23 07:44:08.436,35.8777965,139.7406233,5.207,7.6,true,33
2026-09-23 07:44:15.924,35.8777967,139.7406201,5.344,7.5,true,33
2026-09-23 07:44:23.485,35.8777971,139.7406155,5.447,7.6,true,33
2026-09-23 07:44:31.012,35.8777998,139.7406143,5.485,7.5,true,33
2026-09-23 07:44:38.585,35.8777993,139.7406144,5.447,7.6,true,33
2026-09-23 07:44:45.567,35.8778016,139.7406152,5.4,7.0,false,33
2026-09-23 07:44:51.878,35.8778045,139.7406146,5.242,6.3,false,33
2026-09-23 07:44:56.501,35.8778075,139.7406133,5.52,4.6,false,33
2026-09-23 07:45:04.097,35.877813,139.7406013,6.413,7.6,true,33
2026-09-23 07:45:09.313,35.8778156,139.7405935,7.23,5.2,false,33
2026-09-23 07:45:16.046,35.8778174,139.7405868,7.127,6.7,false,33
2026-09-23 07:45:23.483,35.8778216,139.7405787,6.588,7.4,true,33
2026-09-23 07:45:31.022,35.8778246,139.7405719,6.206,7.5,true,33
2026-09-23 07:45:38.441,35.8778263,139.7405628,5.713,7.4,true,33
2026-09-23 07:45:45.874,35.8778269,139.7405576,5.557,7.4,true,33
2026-09-23 07:45:53.354,35.8778284,139.7405537,5.523,7.5,true,33
2026-09-23 07:46:00.825,35.8778288,139.7405529,5.758,7.5,true,33
2026-09-23 07:46:08.405,35.8778287,139.7405506,5.658,7.6,true,33
2026-09-23 07:46:14.046,35.8778313,139.7405423,5.457,5.6,false,33
2026-09-23 07:46:21.531,35.8778314,139.740541,5.774,7.5,true,33
2026-09-23 07:46:28.979,35.877831,139.7405373,5.485,7.4,true,33
2026-09-23 07:46:36.607,35.877831,139.7405366,5.764,7.6,true,33
2026-09-23 07:46:44.159,35.8778318,139.7405343,5.775,7.6,true,33
2026-09-23 07:46:49.918,35.8778308,139.7405351,5.083,5.8,false,33
2026-09-23 07:46:57.379,35.8778309,139.740535,5.264,7.5,true,33
2026-09-23 07:47:04.907,35.877831,139.7405326,5.389,7.5,true,32
2026-09-23 07:47:12.344,35.8778323,139.7405295,5.464,7.4,true,32
2026-09-23 07:47:19.878,35.8778329,139.7405289,5.467,7.5,true,32
2026-09-23 07:47:27.379,35.8778329,139.7405283,5.474,7.5,true,32
2026-09-23 07:47:35.027,35.8778326,139.7405268,5.495,7.6,true,32
2026-09-23 07:47:42.554,35.8778328,139.7405246,5.501,7.5,true,32
2026-09-23 07:47:48.250,35.8778334,139.7405286,5.149,5.7,false,32
2026-09-23 07:47:55.850,35.8778335,139.7405286,5.387,7.6,true,32
2026-09-23 07:48:03.378,35.877833,139.740529,5.406,7.5,true,32
2026-09-23 07:48:08.179,35.8778337,139.7405276,5.371,4.8,false,32
2026-09-23 07:48:16.565,35.8778335,139.7405244,5.182,8.4,true,32
2026-09-23 07:48:24.018,35.877833,139.7405249,5.204,7.5,true,32
2026-09-23 07:48:31.542,35.877833,139.7405249,5.481,7.5,true,32
2026-09-23 07:48:39.084,35.8778326,139.7405248,5.52,7.5,true,32
2026-09-23 07:48:46.553,35.8778315,139.7405249,5.408,7.5,true,32
2026-09-23 07:48:54.097,35.8778315,139.740525,5.631,7.5,true,32
2026-09-23 07:49:01.458,35.8778302,139.7405255,5.375,7.4,true,32
2026-09-23 07:49:08.956,35.8778302,139.7405254,5.634,7.5,true,32
2026-09-23 07:49:16.397,35.8778293,139.7405257,5.365,7.4,true,32
2026-09-23 07:49:24.006,35.8778293,139.7405256,5.636,7.6,true,32
2026-09-23 07:49:31.391,35.8778269,139.7405325,5.373,7.4,true,32
2026-09-23 07:49:38.977,35.8778265,139.7405328,5.662,7.6,true,32
2026-09-23 07:49:46.489,35.877825,139.7405353,5.405,7.5,true,32
2026-09-23 07:49:53.994,35.8778249,139.7405353,5.667,7.5,true,32
2026-09-23 07:50:01.467,35.8778243,139.7405351,5.63,7.5,true,32
2026-09-23 07:50:08.891,35.877824,139.7405361,5.581,7.4,true,32
2026-09-23 07:50:16.524,35.8778244,139.7405363,5.561,7.6,true,32
2026-09-23 07:50:24.004,35.8778248,139.7405362,5.298,7.5,true,32
2026-09-23 07:50:31.466,35.8778248,139.7405355,5.262,7.5,true,32
2026-09-23 07:50:39.033,35.8778248,139.7405355,5.5,7.6,true,32
2026-09-23 07:50:46.473,35.8778243,139.7405359,5.156,7.4,true,32
2026-09-23 07:50:53.889,35.8778238,139.740536,5.174,7.4,true,32
2026-09-23 07:51:01.347,35.8778237,139.7405361,5.128,7.5,true,32
2026-09-23 07:51:07.095,35.8778236,139.7405354,5.045,5.7,false,32
2026-09-23 07:51:12.863,35.8778234,139.7405353,4.994,5.8,false,32
2026-09-23 07:51:20.344,35.8778233,139.7405353,5.241,7.5,true,32
2026-09-23 07:51:27.857,35.8778241,139.740538,5.281,7.5,true,32
2026-09-23 07:51:33.534,35.877824,139.740535,4.969,5.7,false,31
2026-09-23 07:51:41.015,35.877824,139.7405348,5.239,7.5,true,31
2026-09-23 07:51:48.515,35.8778232,139.7405337,5.02,7.5,true,31
2026-09-23 07:51:55.975,35.8778232,139.7405333,5.301,7.5,true,31
2026-09-23 07:52:03.436,35.8778229,139.7405347,5.066,7.5,true,31
2026-09-23 07:52:10.905,35.8778231,139.7405347,5.315,7.5,true,31
2026-09-23 07:52:18.430,35.877823,139.7405333,5.315,7.5,true,31
2026-09-23 07:52:25.863,35.8778245,139.7405312,5.263,7.4,true,31
2026-09-23 07:52:33.345,35.8778252,139.7405297,5.001,7.5,true,31
2026-09-23 07:52:40.882,35.8778253,139.7405294,5.238,7.5,true,31
2026-09-23 07:52:48.282,35.877824,139.7405276,4.957,7.4,true,31
2026-09-23 07:52:55.760,35.877824,139.7405272,5.191,7.5,true,31
2026-09-23 07:53:01.537,35.8778243,139.7405257,4.889,5.8,false,31
2026-09-23 07:53:08.988,35.8778246,139.7405248,4.906,7.5,true,31
2026-09-23 07:53:16.531,35.8778242,139.7405245,4.926,7.5,true,31
2026-09-23 07:53:23.940,35.8778236,139.7405259,4.961,7.4,true,31
2026-09-23 07:53:31.432,35.8778239,139.7405263,5.017,7.5,true,31
2026-09-23 07:53:37.136,35.8778231,139.7405256,4.996,5.7,false,31
2026-09-23 07:53:44.617,35.8778228,139.7405261,5.014,7.5,true,31
2026-09-23 07:53:52.100,35.8778226,139.7405273,4.924,7.5,true,31
2026-09-23 07:53:59.562,35.8778222,139.7405271,4.946,7.5,true,31
2026-09-23 07:54:07.068,35.8778218,139.740527,4.987,7.5,true,31
2026-09-23 07:54:14.504,35.8778217,139.7405278,5.016,7.4,true,31
2026-09-23 07:54:20.325,35.8778212,139.7405286,4.978,5.8,false,31
2026-09-23 07:54:27.868,35.8778224,139.74053,4.975,7.5,true,31
2026-09-23 07:54:35.300,35.8778222,139.7405295,4.961,7.4,true,31
2026-09-23 07:54:42.931,35.8778208,139.7405295,4.929,7.6,true,31
2026-09-23 07:54:48.635,35.8778219,139.74053,4.769,5.7,false,31
2026-09-23 07:54:54.365,35.8778225,139.7405287,4.762,5.7,false,31
2026-09-23 07:55:00.098,35.8778227,139.7405277,4.747,5.7,false,31
2026-09-23 07:55:07.677,35.8778226,139.7405278,5.007,7.6,true,31
2026-09-23 07:55:15.170,35.8778225,139.740528,4.835,7.5,true,31
2026-09-23 07:55:20.850,35.8778224,139.740528,4.824,5.7,false,31
2026-09-23 07:55:26.610,35.8778229,139.7405255,4.799,5.8,false,31
2026-09-23 07:55:32.357,35.8778222,139.7405254,4.775,5.7,false,31
2026-09-23 07:55:39.824,35.8778222,139.7405255,5.019,7.5,true,31
2026-09-23 07:55:44.980,35.8778222,139.740525,4.949,5.2,false,31
2026-09-23 07:55:53.460,35.8778227,139.7405235,5.121,8.5,true,31
2026-09-23 07:56:00.799,35.8778224,139.7405276,5.063,7.3,true,31
2026-09-23 07:56:08.175,35.8778248,139.7405337,5.598,7.4,true,31
2026-09-23 07:56:15.654,35.877826,139.7405354,6.835,7.5,true,31
2026-09-23 07:56:23.163,35.8778272,139.7405504,7.114,7.5,true,31
2026-09-23 07:56:30.751,35.8778278,139.7405547,8.907,7.6,true,31
2026-09-23 07:56:38.116,35.8778266,139.7405657,8.505,7.4,true,30
2026-09-23 07:56:45.583,35.8778265,139.7405693,9.277,7.5,true,30
2026-09-23 07:56:53.077,35.8778286,139.7405641,8.917,7.5,true,30
2026-09-23 07:57:00.507,35.877828,139.7405707,9.143,7.4,true,30
2026-09-23 07:57:08.001,35.8778245,139.7405821,8.503,7.5,true,30
2026-09-23 07:57:15.471,35.8778243,139.7405847,9.432,7.5,true,30
2026-09-23 07:57:22.990,35.8778253,139.7405871,8.978,7.5,true,30
2026-09-23 07:57:30.510,35.8778243,139.7405917,9.168,7.5,true,30
2026-09-23 07:57:37.963,35.8778256,139.7405899,8.418,7.5,true,30
2026-09-23 07:57:45.404,35.8778217,139.7405976,8.92,7.4,true,30
2026-09-23 07:57:52.889,35.8778207,139.740602,8.926,7.5,true,30
2026-09-23 07:58:00.203,35.877822,139.7406023,8.573,7.3,true,30
2026-09-23 07:58:07.791,35.8778244,139.7405939,7.892,7.6,true,30
2026-09-23 07:58:15.476,35.877826,139.740597,7.955,7.7,true,30
2026-09-23 07:58:22.792,35.8778222,139.7405986,7.753,7.3,true,30
2026-09-23 07:58:30.314,35.8778222,139.7405924,7.393,7.5,true,30
2026-09-23 07:58:37.744,35.8778202,139.7405942,7.36,7.4,true,30
2026-09-23 07:58:45.345,35.8778295,139.7406011,6.629,7.6,true,30
2026-09-23 07:58:51.679,35.8778305,139.7406021,7.033,6.3,false,30
2026-09-23 07:59:00.251,35.8778283,139.7405976,6.882,8.6,true,30
2026-09-23 07:59:07.733,35.8778294,139.74059,6.632,7.5,true,30
2026-09-23 07:59:15.235,35.8778258,139.740601,6.489,7.5,true,30
2026-09-23 07:59:22.732,35.8778251,139.7406021,6.856,7.5,true,30
2026-09-23 07:59:30.126,35.8778253,139.7405988,6.637,7.4,true,30
2026-09-23 07:59:34.859,35.8778248,139.7405947,6.423,4.7,false,30
2026-09-23 07:59:45.048,35.8778246,139.7405997,6.104,10.2,true,30
2026-09-23 07:59:52.563,35.8778244,139.7406003,6.408,7.5,true,30
2026-09-23 08:00:00.051,35.8778237,139.7405957,5.883,7.5,true,30
2026-09-23 08:00:07.544,35.8778239,139.7405956,6.156,7.5,true,30
2026-09-23 08:00:15.034,35.8778238,139.7405936,6.045,7.5,true,30
2026-09-23 08:00:22.520,35.8778257,139.7405943,5.991,7.5,true,30
2026-09-23 08:00:29.908,35.8778263,139.7405868,5.575,7.4,true,30
2026-09-23 08:00:37.394,35.8778263,139.7405864,5.828,7.5,true,30
2026-09-23 08:00:44.858,35.8778256,139.7405884,5.525,7.5,true,30
2026-09-23 08:00:52.419,35.8778256,139.7405885,5.786,7.6,true,30
2026-09-23 08:00:59.840,35.8778236,139.7405927,5.59,7.4,true,30
2026-09-23 08:01:07.373,35.8778235,139.7405929,5.892,7.5,true,30
2026-09-23 08:01:14.810,35.8778202,139.7405975,5.487,7.4,true,30
2026-09-23 08:01:22.336,35.87782,139.7405979,5.725,7.5,true,30
2026-09-23 08:01:29.716,35.877821,139.7406002,5.463,7.4,true,30
2026-09-23 08:01:37.309,35.8778211,139.7406008,5.728,7.6,true,29
2026-09-23 08:01:44.754,35.8778202,139.7406015,5.729,7.4,true,29
2026-09-23 08:01:52.202,35.8778207,139.7406005,5.696,7.4,true,29
2026-09-23 08:01:59.601,35.8778187,139.7406023,5.449,7.4,true,29
2026-09-23 08:02:07.193,35.8778186,139.7406028,5.741,7.6,true,29
2026-09-23 08:02:14.642,35.8778172,139.7406045,5.693,7.4,true,29
2026-09-23 08:02:22.049,35.8778173,139.7406063,5.704,7.4,true,29
2026-09-23 08:02:29.566,35.8778185,139.7406059,5.673,7.5,true,29
2026-09-23 08:02:37.033,35.8778208,139.7406022,5.622,7.5,true,29
2026-09-23 08:02:44.542,35.8778218,139.7406004,5.625,7.5,true,29
2026-09-23 08:02:52.059,35.8778233,139.7406001,5.603,7.5,true,29
2026-09-23 08:02:59.588,35.877822,139.7406032,5.548,7.5,true,29
2026-09-23 08:03:07.063,35.877822,139.740606,5.164,7.5,true,29
2026-09-23 08:03:14.551,35.8778219,139.7406062,5.431,7.5,true,29
2026-09-23 08:03:22.033,35.8778236,139.7406065,5.182,7.5,true,29
2026-09-23 08:03:29.546,35.8778236,139.7406063,5.421,7.5,true,29
2026-09-23 08:03:37.103,35.877824,139.7406042,5.079,7.6,true,29
2026-09-23 08:03:44.568,35.8778241,139.7406039,5.291,7.5,true,29
2026-09-23 08:03:52.119,35.8778239,139.740604,5.239,7.6,true,29
2026-09-23 08:03:59.635,35.8778224,139.7406053,5.162,7.5,true,29
2026-09-23 08:04:07.098,35.877822,139.7406067,4.9,7.5,true,29
2026-09-23 08:04:14.706,35.8778219,139.740607,5.154,7.6,true,29
2026-09-23 08:04:19.710,35.8778219,139.7406071,5.218,5.0,false,29
2026-09-23 08:04:29.679,35.8778219,139.7406019,5.134,10.0,true,29
2026-09-23 08:04:37.182,35.8778207,139.7406029,5.068,7.5,true,29
2026-09-23 08:04:44.711,35.877822,139.7406009,5.109,7.5,true,29
2026-09-23 08:04:52.234,35.8778228,139.740597,5.189,7.5,true,29
2026-09-23 08:04:59.690,35.8778244,139.7405914,5.363,7.5,true,29
2026-09-23 08:05:07.143,35.8778251,139.7405885,5.467,7.5,true,29
2026-09-23 08:05:14.576,35.8778267,139.7405787,5.731,7.4,true,29
2026-09-23 08:05:22.130,35.8778269,139.7405735,5.878,7.6,true,29
2026-09-23 08:05:27.992,35.8778269,139.7405727,6.016,5.9,false,29
2026-09-23 08:05:35.378,35.8778289,139.7405652,6.027,7.4,true,29
2026-09-23 08:05:41.117,35.8778297,139.7405585,6.025,5.7,false,29
2026-09-23 08:05:48.530,35.8778301,139.7405594,5.941,7.4,true,29
2026-09-23 08:05:55.985,35.8778308,139.7405573,5.987,7.5,true,29
2026-09-23 08:06:03.542,35.877831,139.7405564,6.342,7.6,true,29
2026-09-23 08:06:11.039,35.8778319,139.740546,6.203,7.5,true,29
2026-09-23 08:06:18.440,35.8778327,139.7405391,6.451,7.4,true,29
2026-09-23 08:06:25.901,35.8778329,139.7405378,6.822,7.5,true,29
2026-09-23 08:06:33.341,35.8778336,139.7405322,6.82,7.4,true,29
2026-09-23 08:06:39.072,35.8778347,139.7405299,6.425,5.7,false,29
2026-09-23 08:06:45.204,35.8778351,139.7405295,6.732,6.1,false,29
2026-09-23 08:06:50.275,35.8778341,139.7405362,6.429,5.1,false,29
2026-09-23 08:06:55.229,35.8778412,139.740537,6.339,5.0,false,29
2026-09-23 08:06:59.871,35.8778902,139.7405279,8.017,4.6,false,29
2026-09-23 08:07:09.132,35.8778936,139.7405059,8.635,9.3,true,28
2026-09-23 08:07:13.859,35.8778932,139.7405039,8.879,4.7,false,28
2026-09-23 08:07:24.121,35.8778769,139.7404786,7.792,10.3,true,28
2026-09-23 08:07:31.519,35.8778706,139.7404703,6.771,7.4,true,28
2026-09-23 08:07:39.021,35.8778675,139.7404686,6.402,7.5,true,28
2026-09-23 08:07:46.557,35.8778678,139.7404712,6.778,7.5,true,28
2026-09-23 08:07:52.255,35.8778658,139.7404691,6.482,5.7,false,28
2026-09-23 08:07:59.694,35.8778622,139.7404645,5.985,7.4,true,28
2026-09-23 08:08:05.425,35.8778611,139.7404616,5.854,5.7,false,28
2026-09-23 08:08:12.875,35.8778596,139.7404593,5.879,7.5,true,28
2026-09-23 08:08:20.381,35.8778582,139.7404585,5.765,7.5,true,28
2026-09-23 08:08:27.920,35.877858,139.7404587,6.098,7.5,true,28
2026-09-23 08:08:35.367,35.8778567,139.7404557,5.681,7.4,true,28
2026-09-23 08:08:41.045,35.8778556,139.7404555,5.552,5.7,false,28
2026-09-23 08:08:46.909,35.8778556,139.7404554,5.789,5.9,false,28
2026-09-23 08:08:54.285,35.8778561,139.7404542,5.39,7.4,true,28
2026-09-23 08:09:01.773,35.877856,139.7404542,5.676,7.5,true,28
2026-09-23 08:09:07.513,35.8778551,139.740453,5.56,5.7,false,28
2026-09-23 08:09:14.997,35.877854,139.7404513,5.187,7.5,true,28
2026-09-23 08:09:22.467,35.8778539,139.7404513,5.413,7.5,true,28
2026-09-23 08:09:29.944,35.8778539,139.7404498,5.013,7.5,true,28
2026-09-23 08:09:37.408,35.8778537,139.7404499,5.266,7.5,true,28
2026-09-23 08:09:44.916,35.8778521,139.740449,5.091,7.5,true,28
2026-09-23 08:09:52.389,35.8778521,139.7404491,5.329,7.5,true,28
2026-09-23 08:09:58.069,35.8778523,139.7404485,5.365,5.7,false,28
2026-09-23 08:10:05.572,35.8778514,139.7404485,5.152,7.5,true,28
2026-09-23 08:10:11.323,35.8778516,139.740448,5.034,5.8,false,28
2026-09-23 08:10:18.784,35.8778515,139.740448,5.284,7.5,true,28
2026-09-23 08:10:26.239,35.8778511,139.7404467,5.067,7.5,true,28
2026-09-23 08:10:31.983,35.8778513,139.7404456,5.07,5.7,false,28
2026-09-23 08:10:39.441,35.8778514,139.7404455,5.302,7.5,true,27
2026-09-23 08:10:46.996,35.8778515,139.7404454,5.161,7.6,true,27
2026-09-23 08:10:54.469,35.8778513,139.7404437,4.864,7.5,true,27
2026-09-23 08:11:02.037,35.8778513,139.7404433,5.084,7.6,true,27
2026-09-23 08:11:09.442,35.8778511,139.7404439,5.004,7.4,true,27
2026-09-23 08:11:16.968,35.8778498,139.7404452,4.779,7.5,true,27
2026-09-23 08:11:24.446,35.8778498,139.7404452,5.012,7.5,true,27
2026-09-23 08:11:31.936,35.8778493,139.7404459,4.998,7.5,true,27
2026-09-23 08:11:39.398,35.8778492,139.7404464,4.948,7.5,true,27
2026-09-23 08:11:45.822,35.877849,139.7404459,4.916,6.4,false,27
2026-09-23 08:11:54.396,35.877849,139.7404463,4.916,8.6,true,27
2026-09-23 08:12:02.075,35.8778489,139.7404456,4.846,7.7,true,27
2026-09-23 08:12:09.619,35.8778492,139.7404451,4.911,7.5,true,27
2026-09-23 08:12:17.201,35.8778497,139.7404445,4.815,7.6,true,27
2026-09-23 08:12:24.772,35.87785,139.7404444,5.067,7.6,true,27
2026-09-23 08:12:32.357,35.8778501,139.7404436,4.93,7.6,true,27
2026-09-23 08:12:37.300,35.8778502,139.7404437,5.057,4.9,false,27
2026-09-23 08:12:47.355,35.8778522,139.7404413,6.166,10.1,true,27
2026-09-23 08:12:54.922,35.8778534,139.7404444,5.842,7.6,true,27
2026-09-23 08:13:02.421,35.8778578,139.7404451,5.989,7.5,true,27
2026-09-23 08:13:10.003,35.8778561,139.7404467,5.658,7.6,true,27
2026-09-23 08:13:17.471,35.8778558,139.7404468,6.397,7.5,true,27
2026-09-23 08:13:24.971,35.8778523,139.7404502,6.531,7.5,true,27
2026-09-23 08:13:32.428,35.8778488,139.7404533,6.41,7.5,true,27
2026-09-23 08:13:40.009,35.8778463,139.7404538,5.788,7.6,true,27
2026-09-23 08:13:47.528,35.8778436,139.7404569,5.592,7.5,true,27
2026-09-23 08:13:55.084,35.8778432,139.7404571,5.983,7.6,true,27
2026-09-23 08:14:02.661,35.8778446,139.7404546,5.604,7.6,true,27
2026-09-23 08:14:10.214,35.8778447,139.7404537,5.523,7.6,true,27
2026-09-23 08:14:17.675,35.8778449,139.740452,5.262,7.5,true,27
2026-09-23 08:14:25.216,35.877846,139.74045,5.085,7.5,true,27
2026-09-23 08:14:32.739,35.8778459,139.7404493,4.969,7.5,true,27
2026-09-23 08:14:40.330,35.8778452,139.7404506,4.885,7.6,true,27
2026-09-23 08:14:47.907,35.8778456,139.7404495,4.353,7.6,true,27
2026-09-23 08:14:55.371,35.8778456,139.7404493,4.57,7.5,true,27
2026-09-23 08:15:02.959,35.8778455,139.7404494,4.546,7.6,true,27
2026-09-23 08:15:10.519,35.8778451,139.7404491,4.598,7.6,true,27
2026-09-23 08:15:18.032,35.8778454,139.7404484,4.575,7.5,true,27
2026-09-23 08:15:25.652,35.8778462,139.740447,4.381,7.6,true,27
2026-09-23 08:15:33.192,35.8778464,139.740447,4.607,7.5,true,27
2026-09-23 08:15:40.714,35.877847,139.7404465,4.552,7.5,true,27
2026-09-23 08:15:48.322,35.8778476,139.7404452,4.596,7.6,true,27
2026-09-23 08:15:55.788,35.8778477,139.7404454,4.597,7.5,true,27
2026-09-23 08:16:03.273,35.8778476,139.7404454,4.593,7.5,true,27
2026-09-23 08:16:10.818,35.8778485,139.7404445,4.427,7.5,true,27
2026-09-23 08:16:18.436,35.8778486,139.7404445,4.648,7.6,true,27
2026-09-23 08:16:25.978,35.8778488,139.740445,4.416,7.5,true,27
2026-09-23 08:16:33.567,35.8778488,139.740445,4.638,7.6,true,27
2026-09-23 08:16:41.154,35.8778467,139.7404465,4.421,7.6,true,27
2026-09-23 08:16:48.721,35.8778463,139.7404468,4.617,7.6,true,27
2026-09-23 08:16:56.290,35.8778465,139.7404472,4.414,7.6,true,27
2026-09-23 08:17:03.763,35.8778462,139.7404472,4.4,7.5,true,27
2026-09-23 08:17:11.262,35.8778464,139.7404469,4.384,7.5,true,27
2026-09-23 08:17:18.826,35.8778461,139.7404471,4.376,7.6,true,27
2026-09-23 08:17:26.285,35.8778464,139.7404459,4.416,7.5,true,27
2026-09-23 08:17:33.802,35.8778466,139.7404451,4.434,7.5,true,27
2026-09-23 08:17:41.404,35.8778467,139.740445,4.47,7.6,true,27
2026-09-23 08:17:48.818,35.8778469,139.7404449,4.502,7.4,true,27
2026-09-23 08:17:56.416,35.8778457,139.7404466,4.474,7.6,true,27
2026-09-23 08:18:03.866,35.877844,139.740448,4.237,7.5,true,27
2026-09-23 08:18:11.399,35.8778428,139.7404492,4.231,7.5,true,27
2026-09-23 08:18:18.980,35.8778424,139.7404493,4.471,7.6,true,27
2026-09-23 08:18:26.506,35.8778417,139.7404487,4.499,7.5,true,27
2026-09-23 08:18:34.148,35.8778417,139.7404477,4.55,7.6,true,27
2026-09-23 08:18:41.665,35.8778414,139.740448,4.544,7.5,true,27
2026-09-23 08:18:49.262,35.8778404,139.7404479,4.406,7.6,true,27
2026-09-23 08:18:56.830,35.8778401,139.740448,4.653,7.6,true,27
2026-09-23 08:19:04.332,35.8778405,139.7404483,4.469,7.5,true,27
2026-09-23 08:19:11.862,35.8778407,139.7404486,4.715,7.5,true,27
2026-09-23 08:19:19.379,35.8778415,139.740448,4.429,7.5,true,27
2026-09-23 08:19:26.933,35.8778415,139.7404481,4.627,7.6,true,27
2026-09-23 08:19:34.515,35.8778412,139.7404494,4.607,7.6,true,27
2026-09-23 08:19:42.024,35.8778419,139.7404488,4.523,7.5,true,27
2026-09-23 08:19:49.470,35.8778426,139.7404484,4.458,7.4,true,27
2026-09-23 08:19:56.971,35.877843,139.7404483,4.463,7.5,true,27
2026-09-23 08:20:04.503,35.8778431,139.7404484,4.457,7.5,true,27
2026-09-23 08:20:12.153,35.877843,139.7404475,4.672,7.7,true,27
2026-09-23 08:20:19.724,35.8778428,139.7404477,4.549,7.6,true,27
2026-09-23 08:20:27.297,35.8778424,139.7404485,4.479,7.6,true,27
2026-09-23 08:20:34.838,35.8778425,139.7404487,4.464,7.5,true,27
2026-09-23 08:20:42.353,35.8778429,139.7404477,4.289,7.5,true,27
2026-09-23 08:20:49.918,35.8778429,139.7404477,4.316,7.6,true,27
2026-09-23 08:20:57.460,35.8778429,139.7404464,4.367,7.5,true,27
2026-09-23 08:21:04.971,35.8778427,139.7404463,4.615,7.5,true,27
2026-09-23 08:21:12.513,35.8778419,139.7404467,4.31,7.5,true,27
2026-09-23 08:21:19.980,35.8778415,139.7404466,4.573,7.5,true,27
2026-09-23 08:21:27.567,35.877841,139.7404458,4.428,7.6,true,27
2026-09-23 08:21:35.165,35.8778407,139.7404457,4.68,7.6,true,27
2026-09-23 08:21:42.640,35.8778413,139.7404456,4.664,7.5,true,27
2026-09-23 08:21:50.227,35.877842,139.7404453,4.638,7.6,true,27
2026-09-23 08:21:57.807,35.8778421,139.740445,4.64,7.6,true,27
2026-09-23 08:22:05.288,35.8778426,139.7404451,4.632,7.5,true,27
2026-09-23 08:22:12.827,35.8778437,139.7404447,4.65,7.5,true,27
2026-09-23 08:22:20.417,35.8778445,139.7404432,4.482,7.6,true,27
2026-09-23 08:22:27.872,35.8778447,139.7404431,4.751,7.5,true,27
2026-09-23 08:22:35.515,35.8778448,139.7404436,4.737,7.6,true,27
2026-09-23 08:22:43.103,35.8778436,139.740445,4.666,7.6,true,27
2026-09-23 08:22:50.590,35.8778447,139.7404443,4.446,7.5,true,27
2026-09-23 08:22:58.068,35.8778448,139.7404444,4.662,7.5,true,27
2026-09-23 08:23:05.576,35.8778452,139.7404442,4.53,7.5,true,27
2026-09-23 08:23:13.150,35.8778452,139.7404444,4.739,7.6,true,27
2026-09-23 08:23:20.665,35.8778456,139.7404445,4.682,7.5,true,27
2026-09-23 08:23:28.181,35.8778451,139.7404447,4.708,7.5,true,27
2026-09-23 08:23:35.761,35.8778457,139.7404455,4.72,7.6,true,27
2026-09-23 08:23:43.273,35.8778449,139.7404453,4.709,7.5,true,27
2026-09-23 08:23:50.822,35.8778454,139.7404453,4.681,7.5,true,27
2026-09-23 08:23:58.407,35.8778449,139.7404455,4.725,7.6,true,27
2026-09-23 08:24:05.904,35.8778428,139.7404499,4.522,7.5,true,26
2026-09-23 08:24:13.495,35.8778426,139.7404504,4.799,7.6,true,26
2026-09-23 08:24:21.053,35.8778443,139.740449,4.707,7.6,true,26
2026-09-23 08:24:28.516,35.8778448,139.7404494,4.736,7.5,true,26
2026-09-23 08:24:36.087,35.8778441,139.7404505,4.821,7.6,true,26
2026-09-23 08:24:43.572,35.8778424,139.7404524,4.662,7.5,true,26
2026-09-23 08:24:51.053,35.8778422,139.7404527,4.913,7.5,true,26
2026-09-23 08:24:58.562,35.8778423,139.7404529,4.88,7.5,true,26
2026-09-23 08:25:06.092,35.8778423,139.7404523,4.611,7.5,true,26
2026-09-23 08:25:13.679,35.8778423,139.7404523,4.864,7.6,true,26
2026-09-23 08:25:21.253,35.8778422,139.7404528,4.87,7.6,true,26
2026-09-23 08:25:28.818,35.8778435,139.7404509,4.661,7.6,true,26
2026-09-23 08:25:36.311,35.8778435,139.7404506,4.886,7.5,true,26
2026-09-23 08:25:43.763,35.8778443,139.7404501,4.498,7.5,true,26
2026-09-23 08:25:51.262,35.8778444,139.74045,4.728,7.5,true,26
2026-09-23 08:25:58.835,35.8778448,139.7404499,4.513,7.6,true,26
2026-09-23 08:26:06.269,35.8778459,139.7404494,4.586,7.4,true,26
2026-09-23 08:26:13.785,35.8778452,139.7404501,4.519,7.5,true,26
2026-09-23 08:26:21.376,35.8778451,139.74045,4.734,7.6,true,26
2026-09-23 08:26:28.802,35.8778462,139.7404487,4.493,7.4,true,26
2026-09-23 08:26:36.298,35.8778463,139.7404487,4.736,7.5,true,26
2026-09-23 08:26:43.766,35.8778462,139.7404503,4.512,7.5,true,26
2026-09-23 08:26:51.360,35.8778464,139.7404504,4.756,7.6,true,26
2026-09-23 08:26:58.898,35.8778463,139.7404509,4.734,7.5,true,26
2026-09-23 08:27:06.372,35.8778453,139.7404529,4.408,7.5,true,26
2026-09-23 08:27:13.976,35.8778452,139.7404528,4.633,7.6,true,26
2026-09-23 08:27:21.482,35.8778449,139.7404523,4.595,7.5,true,26
2026-09-23 08:27:28.996,35.877845,139.740452,4.574,7.5,true,26
2026-09-23 08:27:36.539,35.8778458,139.7404509,4.497,7.5,true,26
2026-09-23 08:27:44.018,35.8778462,139.7404493,4.294,7.5,true,26
2026-09-23 08:27:51.450,35.8778466,139.7404489,4.527,7.4,true,26
2026-09-23 08:27:58.961,35.8778469,139.7404483,4.342,7.5,true,26
2026-09-23 08:28:06.444,35.8778472,139.7404479,4.591,7.5,true,26
2026-09-23 08:28:13.878,35.877847,139.7404482,4.391,7.4,true,26
2026-09-23 08:28:21.386,35.8778471,139.7404482,4.614,7.5,true,26
2026-09-23 08:28:28.988,35.8778471,139.7404477,4.575,7.6,true,26
2026-09-23 08:28:36.437,35.8778467,139.7404483,4.558,7.4,true,26
2026-09-23 08:28:43.917,35.8778442,139.7404518,4.365,7.5,true,26
2026-09-23 08:28:51.479,35.8778441,139.740452,4.607,7.6,true,26
2026-09-23 08:28:59.089,35.8778447,139.7404508,4.69,7.6,true,26
2026-09-23 08:29:06.647,35.8778448,139.740451,4.659,7.6,true,26
2026-09-23 08:29:14.298,35.8778453,139.7404504,4.64,7.7,true,26
2026-09-23 08:29:21.804,35.8778463,139.7404492,4.666,7.5,true,26
2026-09-23 08:29:29.367,35.8778459,139.7404502,4.66,7.6,true,26
2026-09-23 08:29:36.950,35.877847,139.7404489,4.474,7.6,true,26
2026-09-23 08:29:44.463,35.8778473,139.7404482,4.517,7.5,true,26
2026-09-23 08:29:52.057,35.8778473,139.7404483,4.751,7.6,true,26
2026-09-23 08:29:59.582,35.877847,139.7404487,4.708,7.5,true,26
2026-09-23 08:30:07.156,35.8778473,139.7404486,4.682,7.6,true,26
2026-09-23 08:30:14.752,35.8778464,139.74045,4.719,7.6,true,26
2026-09-23 08:30:22.347,35.8778467,139.740451,4.516,7.6,true,26
2026-09-23 08:30:29.869,35.8778466,139.7404511,4.729,7.5,true,26
2026-09-23 08:30:37.453,35.8778464,139.7404512,4.693,7.6,true,26
2026-09-23 08:30:45.006,35.8778458,139.7404509,4.683,7.6,true,26
2026-09-23 08:30:52.539,35.8778454,139.7404512,4.529,7.5,true,26
2026-09-23 08:31:00.155,35.8778452,139.7404513,4.765,7.6,true,26
2026-09-23 08:31:07.625,35.8778451,139.7404511,4.725,7.5,true,26
2026-09-23 08:31:15.266,35.8778457,139.7404499,4.745,7.6,true,26
2026-09-23 08:31:22.845,35.8778454,139.7404493,4.762,7.6,true,26
2026-09-23 08:31:30.452,35.8778451,139.7404495,4.724,7.6,true,26
2026-09-23 08:31:37.998,35.8778455,139.7404505,4.716,7.5,true,26
2026-09-23 08:31:45.469,35.8778459,139.7404502,4.475,7.5,true,26
2026-09-23 08:31:53.047,35.8778461,139.7404503,4.694,7.6,true,26
2026-09-23 08:32:00.536,35.8778456,139.7404498,4.751,7.5,true,26
2026-09-23 08:32:07.952,35.877846,139.7404494,4.455,7.4,true,26
2026-09-23 08:32:15.592,35.8778461,139.7404492,4.661,7.6,true,26
2026-09-23 08:32:23.104,35.8778468,139.7404478,4.595,7.5,true,26
2026-09-23 08:32:30.594,35.8778467,139.740448,4.575,7.5,true,26
2026-09-23 08:32:38.083,35.8778481,139.7404459,4.701,7.5,true,26
2026-09-23 08:32:45.541,35.8778474,139.7404459,4.368,7.5,true,26
2026-09-23 08:32:53.054,35.8778475,139.7404459,4.588,7.5,true,26
2026-09-23 08:33:00.646,35.8778474,139.7404449,4.606,7.6,true,26
2026-09-23 08:33:08.056,35.8778463,139.7404451,4.579,7.4,true,26
2026-09-23 08:33:15.615,35.8778464,139.7404451,4.538,7.6,true,26
2026-09-23 08:33:23.169,35.8778464,139.7404449,4.473,7.6,true,26
2026-09-23 08:33:30.740,35.8778464,139.7404451,4.434,7.6,true,26
2026-09-23 08:33:38.310,35.8778469,139.7404451,4.432,7.6,true,26
2026-09-23 08:33:45.774,35.8778471,139.7404439,4.474,7.5,true,26
2026-09-23 08:33:53.271,35.8778471,139.740444,4.454,7.5,true,26
2026-09-23 08:34:00.888,35.8778475,139.7404439,4.462,7.6,true,26
2026-09-23 08:34:08.320,35.8778477,139.7404436,4.505,7.4,true,26
2026-09-23 08:34:15.791,35.877848,139.7404437,4.53,7.5,true,26
2026-09-23 08:34:23.277,35.8778482,139.7404438,4.529,7.5,true,26
2026-09-23 08:34:30.801,35.8778475,139.7404447,4.551,7.5,true,26
2026-09-23 08:34:38.233,35.8778473,139.7404434,4.384,7.4,true,26
2026-09-23 08:34:45.776,35.8778474,139.7404436,4.627,7.5,true,26
2026-09-23 08:34:53.268,35.8778482,139.7404436,4.609,7.5,true,26
2026-09-23 08:35:00.820,35.8778482,139.7404435,4.68,7.6,true,26
2026-09-23 08:35:08.266,35.8778484,139.7404434,4.381,7.4,true,26
2026-09-23 08:35:15.778,35.8778482,139.7404434,4.59,7.5,true,26
2026-09-23 08:35:23.288,35.8778483,139.7404435,4.533,7.5,true,26
2026-09-23 08:35:30.770,35.877848,139.7404436,4.528,7.5,true,26
2026-09-23 08:35:38.306,35.8778476,139.7404439,4.49,7.5,true,26
2026-09-23 08:35:45.781,35.8778478,139.7404438,4.184,7.5,true,26
2026-09-23 08:35:53.283,35.8778476,139.7404437,4.409,7.5,true,26
2026-09-23 08:36:00.867,35.8778463,139.7404456,4.439,7.6,true,26
2026-09-23 08:36:08.333,35.8778464,139.7404456,4.445,7.5,true,26
2026-09-23 08:36:15.931,35.8778467,139.7404453,4.417,7.6,true,26
2026-09-23 08:36:23.389,35.8778454,139.740447,4.479,7.5,true,26
2026-09-23 08:36:30.867,35.8778458,139.7404466,4.469,7.5,true,26
2026-09-23 08:36:38.377,35.877846,139.7404463,4.433,7.5,true,26
2026-09-23 08:36:45.793,35.8778464,139.7404454,4.265,7.4,true,26
2026-09-23 08:36:53.296,35.8778463,139.7404452,4.469,7.5,true,26
2026-09-23 08:37:00.844,35.8778453,139.7404463,4.228,7.5,true,26
2026-09-23 08:37:08.361,35.877845,139.7404462,4.476,7.5,true,26
2026-09-23 08:37:15.788,35.8778426,139.7404484,4.277,7.4,true,26
2026-09-23 08:37:23.323,35.8778422,139.7404486,4.503,7.5,true,26
2026-09-23 08:37:30.721,35.8778433,139.7404471,4.149,7.4,true,26
2026-09-23 08:37:38.233,35.8778433,139.7404472,4.344,7.5,true,26
2026-09-23 08:37:45.744,35.877843,139.7404472,4.342,7.5,true,26
2026-09-23 08:37:53.163,35.8778432,139.7404468,4.347,7.4,true,26
2026-09-23 08:38:00.719,35.8778437,139.7404465,4.371,7.6,true,26
2026-09-23 08:38:08.186,35.8778438,139.7404462,4.424,7.5,true,26
2026-09-23 08:38:15.713,35.8778442,139.7404459,4.444,7.5,true,26
2026-09-23 08:38:23.189,35.8778444,139.7404458,4.488,7.5,true,26
2026-09-23 08:38:30.674,35.8778438,139.7404469,4.542,7.5,true,26
2026-09-23 08:38:38.241,35.8778441,139.7404466,4.552,7.6,true,26
2026-09-23 08:38:45.748,35.8778446,139.7404465,4.553,7.5,true,26
2026-09-23 08:38:53.258,35.8778456,139.7404457,4.655,7.5,true,26
2026-09-23 08:39:00.745,35.8778455,139.7404468,4.425,7.5,true,26
2026-09-23 08:39:08.276,35.8778455,139.7404467,4.709,7.5,true,26
2026-09-23 08:39:15.774,35.8778461,139.7404462,4.662,7.5,true,26
2026-09-23 08:39:23.288,35.8778465,139.740446,4.618,7.5,true,26
2026-09-23 08:39:30.763,35.8778467,139.7404461,4.4,7.5,true,26
2026-09-23 08:39:38.270,35.8778468,139.7404464,4.6,7.5,true,26
2026-09-23 08:39:45.825,35.8778476,139.7404452,4.344,7.6,true,26
2026-09-23 08:39:53.322,35.8778477,139.7404454,4.567,7.5,true,26
2026-09-23 08:40:00.738,35.8778472,139.7404465,4.347,7.4,true,26
2026-09-23 08:40:08.324,35.8778472,139.7404466,4.599,7.6,true,25
2026-09-23 08:40:15.830,35.8778477,139.7404465,4.557,7.5,true,25
2026-09-23 08:40:23.344,35.8778478,139.7404466,4.544,7.5,true,25
2026-09-23 08:40:30.837,35.8778473,139.7404477,4.296,7.5,true,25
2026-09-23 08:40:38.369,35.8778474,139.7404478,4.543,7.5,true,25
2026-09-23 08:40:45.830,35.8778476,139.7404473,4.575,7.5,true,25
2026-09-23 08:40:53.318,35.8778473,139.7404485,4.653,7.5,true,25
2026-09-23 08:41:00.761,35.8778472,139.7404479,4.407,7.4,true,25
2026-09-23 08:41:08.275,35.8778473,139.7404477,4.619,7.5,true,25
2026-09-23 08:41:15.754,35.877847,139.7404476,4.526,7.5,true,25
2026-09-23 08:41:23.215,35.8778459,139.7404483,4.425,7.5,true,25
2026-09-23 08:41:30.814,35.8778459,139.7404478,4.364,7.6,true,25
2026-09-23 08:41:38.465,35.8778458,139.7404474,4.393,7.7,true,25
2026-09-23 08:41:46.019,35.8778458,139.7404475,4.398,7.6,true,25
2026-09-23 08:41:53.449,35.8778445,139.7404491,4.451,7.4,true,25
2026-09-23 08:42:00.906,35.8778448,139.740449,4.491,7.5,true,25
2026-09-23 08:42:08.388,35.8778447,139.7404495,4.602,7.5,true,25
2026-09-23 08:42:15.842,35.8778455,139.7404488,4.649,7.5,true,25
2026-09-23 08:42:23.323,35.8778455,139.7404481,4.692,7.5,true,25
2026-09-23 08:42:30.814,35.8778455,139.7404479,4.744,7.5,true,25
2026-09-23 08:42:38.273,35.8778452,139.7404479,4.489,7.5,true,25
2026-09-23 08:42:45.772,35.8778454,139.7404474,4.755,7.5,true,25
2026-09-23 08:42:53.298,35.8778445,139.7404473,4.912,7.5,true,25
2026-09-23 08:43:00.797,35.877845,139.7404464,4.852,7.5,true,25
2026-09-23 08:43:08.283,35.8778453,139.740446,4.594,7.5,true,25
2026-09-23 08:43:15.755,35.8778454,139.7404458,4.844,7.5,true,25
2026-09-23 08:43:23.241,35.8778461,139.7404453,4.508,7.5,true,25
2026-09-23 08:43:30.729,35.8778461,139.7404453,4.746,7.5,true,25
2026-09-23 08:43:38.209,35.8778461,139.7404457,4.713,7.5,true,25
2026-09-23 08:43:45.742,35.8778464,139.7404453,4.567,7.5,true,25
2026-09-23 08:43:53.218,35.8778462,139.7404465,4.301,7.5,true,25
2026-09-23 08:44:00.752,35.8778463,139.7404466,4.479,7.5,true,25
2026-09-23 08:44:08.247,35.8778461,139.7404475,4.452,7.5,true,25
2026-09-23 08:44:15.766,35.8778463,139.7404471,4.444,7.5,true,25
2026-09-23 08:44:23.264,35.8778468,139.7404468,4.406,7.5,true,25
2026-09-23 08:44:30.792,35.8778469,139.7404463,4.406,7.5,true,25
2026-09-23 08:44:38.318,35.8778471,139.7404459,4.419,7.5,true,25
2026-09-23 08:44:45.817,35.8778456,139.7404484,4.165,7.5,true,25
2026-09-23 08:44:53.363,35.8778455,139.7404485,4.434,7.5,true,25
2026-09-23 08:45:00.878,35.8778458,139.7404483,4.54,7.5,true,25
2026-09-23 08:45:08.389,35.8778458,139.7404488,4.377,7.5,true,25
2026-09-23 08:45:15.905,35.8778459,139.7404488,4.63,7.5,true,25
2026-09-23 08:45:23.368,35.8778461,139.7404488,4.658,7.5,true,25
2026-09-23 08:45:30.812,35.8778465,139.7404486,4.654,7.4,true,25
2026-09-23 08:45:38.308,35.8778448,139.740451,4.55,7.5,true,25
2026-09-23 08:45:43.417,35.8778449,139.7404513,4.674,5.1,false,25
2026-09-23 08:45:51.440,35.8778438,139.7404516,4.79,8.0,true,25
2026-09-23 08:45:58.930,35.8778439,139.7404497,4.714,7.5,true,25
2026-09-23 08:46:06.336,35.8778438,139.7404486,4.523,7.4,true,25
2026-09-23 08:46:13.855,35.8778429,139.7404487,4.533,7.5,true,25
2026-09-23 08:46:21.153,35.8778412,139.7404485,4.192,7.3,true,25
2026-09-23 08:46:28.534,35.8778413,139.7404482,4.43,7.4,true,25
2026-09-23 08:46:36.025,35.87784,139.7404493,4.228,7.5,true,25
2026-09-23 08:46:43.438,35.8778386,139.7404511,4.337,7.4,true,25
2026-09-23 08:46:50.874,35.8778384,139.7404514,4.598,7.4,true,25
2026-09-23 08:46:58.379,35.8778363,139.7404545,4.559,7.5,true,25
2026-09-23 08:47:05.909,35.877836,139.7404547,4.808,7.5,true,25
2026-09-23 08:47:13.342,35.8778352,139.7404572,4.659,7.4,true,25
2026-09-23 08:47:20.801,35.8778349,139.7404587,4.701,7.5,true,25
2026-09-23 08:47:28.349,35.8778348,139.7404588,4.942,7.5,true,25
2026-09-23 08:47:33.578,35.8778337,139.7404606,5.034,5.2,false,25
2026-09-23 08:47:43.293,35.8778341,139.7404609,5.066,9.7,true,25
2026-09-23 08:47:49.200,35.877834,139.7404609,5.009,5.9,false,24
2026-09-23 08:47:56.657,35.8778329,139.740462,5.119,7.5,true,24
2026-09-23 08:48:04.107,35.877832,139.7404636,4.928,7.5,true,24
2026-09-23 08:48:11.634,35.8778315,139.7404639,4.865,7.5,true,24
2026-09-23 08:48:19.229,35.8778312,139.7404639,5.106,7.6,true,24
2026-09-23 08:48:26.665,35.8778299,139.7404657,5.174,7.4,true,24
2026-09-23 08:48:34.083,35.8778292,139.740467,5.006,7.4,true,24
2026-09-23 08:48:41.584,35.877829,139.7404672,5.25,7.5,true,24
2026-09-23 08:48:49.090,35.8778287,139.7404682,5.238,7.5,true,24
2026-09-23 08:48:56.583,35.8778277,139.740471,5.038,7.5,true,24
2026-09-23 08:49:02.284,35.8778276,139.7404726,5.12,5.7,false,24
2026-09-23 08:49:10.245,35.8778275,139.7404726,5.39,8.0,true,24
2026-09-23 08:49:17.497,35.8778286,139.7404703,4.86,7.3,true,24
2026-09-23 08:49:25.056,35.8778285,139.7404702,5.083,7.6,true,24
2026-09-23 08:49:32.399,35.8778268,139.7404732,4.877,7.3,true,24
2026-09-23 08:49:39.927,35.8778259,139.7404746,4.882,7.5,true,24
2026-09-23 08:49:47.397,35.8778248,139.7404772,4.869,7.5,true,24
2026-09-23 08:49:54.912,35.8778237,139.7404782,4.761,7.5,true,24
2026-09-23 08:50:00.642,35.8778236,139.7404784,4.704,5.7,false,24
2026-09-23 08:50:08.184,35.8778231,139.7404791,4.778,7.5,true,24
2026-09-23 08:50:15.688,35.877823,139.7404793,5.03,7.5,true,24
2026-09-23 08:50:23.166,35.8778228,139.7404799,5.103,7.5,true,24
2026-09-23 08:50:30.652,35.8778213,139.7404821,4.96,7.5,true,24
2026-09-23 08:50:38.225,35.877821,139.7404823,5.2,7.6,true,24
2026-09-23 08:50:43.937,35.8778205,139.7404833,5.186,5.7,false,24
2026-09-23 08:50:51.350,35.8778195,139.7404852,5.293,7.4,true,24
2026-09-23 08:50:58.893,35.8778191,139.7404861,5.233,7.5,true,24
2026-09-23 08:51:06.393,35.8778189,139.740487,4.914,7.5,true,24
2026-09-23 08:51:13.887,35.8778189,139.7404875,5.14,7.5,true,24
2026-09-23 08:51:21.291,35.877818,139.7404891,4.96,7.4,true,24
2026-09-23 08:51:28.776,35.8778179,139.7404893,5.182,7.5,true,24
2026-09-23 08:51:36.214,35.877818,139.740489,4.907,7.4,true,24
2026-09-23 08:51:43.692,35.877818,139.740489,5.132,7.5,true,24
2026-09-23 08:51:51.200,35.8778186,139.7404874,4.745,7.5,true,24
2026-09-23 08:51:58.620,35.8778199,139.7404854,4.742,7.4,true,23
2026-09-23 08:52:06.216,35.8778199,139.7404856,4.946,7.6,true,23
2026-09-23 08:52:13.643,35.87782,139.7404853,4.984,7.4,true,23
2026-09-23 08:52:21.106,35.8778196,139.7404847,4.812,7.5,true,23
2026-09-23 08:52:28.617,35.8778195,139.740485,4.815,7.5,true,23
2026-09-23 08:52:36.152,35.8778196,139.7404849,4.783,7.5,true,23
2026-09-23 08:52:43.585,35.8778201,139.7404842,4.773,7.4,true,23
2026-09-23 08:52:51.078,35.8778205,139.7404842,4.765,7.5,true,23
2026-09-23 08:52:58.520,35.8778206,139.740484,4.643,7.4,true,23
2026-09-23 08:53:06.026,35.8778211,139.7404838,4.677,7.5,true,23
2026-09-23 08:53:13.533,35.8778211,139.7404834,4.918,7.5,true,23
2026-09-23 08:53:19.438,35.8778211,139.7404831,4.902,5.9,false,23
2026-09-23 08:53:26.859,35.8778217,139.7404823,4.782,7.4,true,23
2026-09-23 08:53:34.347,35.8778219,139.7404821,5.005,7.5,true,23
2026-09-23 08:53:41.815,35.8778218,139.740482,4.852,7.5,true,23
2026-09-23 08:53:49.275,35.877822,139.7404821,5.062,7.5,true,23
2026-09-23 08:53:56.728,35.8778209,139.7404835,4.929,7.5,true,23
2026-09-23 08:54:04.226,35.8778207,139.7404837,5.148,7.5,true,23
2026-09-23 08:54:11.717,35.8778203,139.7404841,5.194,7.5,true,23
2026-09-23 08:54:19.237,35.87782,139.7404843,5.025,7.5,true,23
2026-09-23 08:54:26.607,35.8778203,139.7404837,4.992,7.4,true,23
2026-09-23 08:54:34.154,35.8778207,139.7404836,4.947,7.5,true,23
2026-09-23 08:54:41.624,35.8778207,139.7404836,5.162,7.5,true,23
2026-09-23 08:54:49.076,35.8778218,139.7404813,4.906,7.5,true,23
2026-09-23 08:54:56.645,35.8778217,139.7404811,5.104,7.6,true,23
2026-09-23 08:55:04.079,35.8778213,139.7404814,5.094,7.4,true,23
2026-09-23 08:55:11.590,35.8778222,139.7404795,4.895,7.5,true,23
2026-09-23 08:55:19.080,35.8778224,139.7404793,5.024,7.5,true,23
2026-09-23 08:55:26.675,35.8778225,139.7404795,5.09,7.6,true,23
2026-09-23 08:55:32.164,35.8778217,139.7404802,5.1,5.5,false,23
2026-09-23 08:55:41.574,35.8778234,139.740476,4.675,9.4,true,23
2026-09-23 08:55:49.077,35.8778234,139.7404757,4.874,7.5,true,23
2026-09-23 08:55:56.646,35.877826,139.7404702,4.622,7.6,true,23
2026-09-23 08:56:04.176,35.8778279,139.7404671,4.583,7.5,true,23
2026-09-23 08:56:11.676,35.8778281,139.7404663,4.813,7.5,true,23
2026-09-23 08:56:19.132,35.8778283,139.7404649,4.62,7.5,true,23
2026-09-23 08:56:26.806,35.8778281,139.7404646,4.84,7.7,true,23
2026-09-23 08:56:32.646,35.877829,139.7404633,4.709,5.8,false,23
2026-09-23 08:56:38.360,35.8778288,139.7404624,4.337,5.7,false,22
2026-09-23 08:56:44.058,35.8778289,139.7404619,4.342,5.7,false,22
2026-09-23 08:56:49.781,35.8778287,139.7404615,4.331,5.7,false,22
2026-09-23 08:56:57.236,35.8778287,139.7404612,4.571,7.5,true,22
2026-09-23 08:57:04.697,35.8778281,139.7404612,4.351,7.5,true,22
2026-09-23 08:57:12.192,35.8778281,139.7404611,4.587,7.5,true,22
2026-09-23 08:57:19.725,35.8778289,139.7404584,4.59,7.5,true,22
2026-09-23 08:57:25.386,35.8778296,139.7404566,4.37,5.7,false,22
2026-09-23 08:57:32.260,35.8778296,139.7404563,4.592,6.9,false,22
2026-09-23 08:57:38.611,35.8778288,139.7404579,4.445,6.4,false,22
2026-09-23 08:57:46.158,35.8778287,139.7404581,4.636,7.5,true,22
2026-09-23 08:57:53.583,35.8778288,139.7404578,4.656,7.4,true,22
2026-09-23 08:58:01.376,35.8778304,139.7404569,4.636,7.8,true,22
2026-09-23 08:58:08.707,35.8778308,139.7404576,4.515,7.3,true,22
2026-09-23 08:58:16.095,35.8778327,139.7404561,4.311,7.4,true,22
2026-09-23 08:58:23.664,35.8778327,139.7404559,4.52,7.6,true,22
2026-09-23 08:58:31.093,35.8778328,139.7404561,4.773,7.4,true,22
2026-09-23 08:58:38.585,35.8778331,139.7404552,4.729,7.5,true,22
2026-09-23 08:58:46.087,35.8778325,139.740455,4.732,7.5,true,22
2026-09-23 08:58:51.763,35.8778321,139.7404559,4.541,5.7,false,22
2026-09-23 08:58:59.252,35.8778333,139.7404542,4.303,7.5,true,21
2026-09-23 08:59:06.716,35.8778333,139.7404541,4.518,7.5,true,21
2026-09-23 08:59:14.152,35.877833,139.7404543,4.486,7.4,true,21
2026-09-23 08:59:21.638,35.8778347,139.740453,4.327,7.5,true,21
2026-09-23 08:59:29.094,35.8778356,139.7404526,4.258,7.5,true,21
2026-09-23 08:59:36.708,35.8778357,139.7404523,4.474,7.6,true,21
2026-09-23 08:59:44.076,35.8778373,139.7404506,4.185,7.4,true,21
2026-09-23 08:59:51.595,35.8778375,139.7404503,4.413,7.5,true,21
2026-09-23 08:59:59.012,35.8778378,139.7404505,4.237,7.4,true,21
2026-09-23 09:00:06.531,35.8778379,139.7404504,4.52,7.5,true,21
2026-09-23 09:00:13.967,35.8778393,139.7404486,4.366,7.4,true,21
2026-09-23 09:00:21.441,35.8778395,139.7404484,4.646,7.5,true,21
2026-09-23 09:00:28.952,35.8778408,139.7404465,4.523,7.5,true,21
2026-09-23 09:00:36.421,35.8778409,139.7404464,4.834,7.5,true,21
2026-09-23 09:00:43.887,35.8778421,139.7404458,4.577,7.5,true,21
2026-09-23 09:00:51.476,35.8778423,139.7404457,4.848,7.6,true,21
2026-09-23 09:00:58.910,35.8778424,139.7404464,4.579,7.4,true,21
2026-09-23 09:01:04.750,35.8778425,139.7404462,4.793,5.8,false,21
2026-09-23 09:01:12.195,35.8778433,139.7404456,4.814,7.4,true,21
2026-09-23 09:01:19.594,35.8778451,139.7404453,4.574,7.4,true,21
2026-09-23 09:01:27.108,35.8778455,139.7404453,4.812,7.5,true,21
2026-09-23 09:01:34.540,35.8778465,139.7404443,4.624,7.4,true,21
2026-09-23 09:01:42.082,35.8778468,139.7404444,4.864,7.5,true,21
2026-09-23 09:01:49.624,35.8778467,139.7404446,4.829,7.5,true,21
2026-09-23 09:01:57.102,35.8778464,139.7404446,4.733,7.5,true,21
2026-09-23 09:02:04.768,35.8778448,139.7404456,4.673,7.7,true,21
2026-09-23 09:02:12.217,35.8778446,139.7404461,4.666,7.4,true,21
2026-09-23 09:02:19.748,35.8778435,139.7404486,4.309,7.5,true,21
2026-09-23 09:02:27.313,35.8778427,139.7404499,4.269,7.6,true,21
2026-09-23 09:02:34.943,35.8778426,139.7404504,4.508,7.6,true,21
2026-09-23 09:02:42.421,35.8778419,139.7404508,4.545,7.5,true,21
2026-09-23 09:02:49.988,35.8778418,139.740452,4.603,7.6,true,21
2026-09-23 09:02:57.493,35.8778428,139.7404515,4.657,7.5,true,21
2026-09-23 09:03:04.971,35.8778432,139.7404516,4.702,7.5,true,21
2026-09-23 09:03:12.522,35.8778422,139.7404524,4.796,7.6,true,21
2026-09-23 09:03:19.784,35.8778416,139.740454,4.847,7.3,true,21
